timestamp,latitude,longitude,temperatura,umidade,pressao,vento,chuva,luminosidade,indice_vegetacao,risco_codigo,risco,risco_modelo_codigo,risco_modelo,risco_regra_codigo,risco_regra,anomalia,confianca_percentual,recomendacao
2026-06-09T17:34:58.732256,-23.71,-46.41,24.0,92.0,985.0,72.0,48.0,180.0,0.58,3,Crítico,1,Atenção,3,Crítico,True,81.6,"Condição crítica detectada. Recomenda-se acionar plano de resposta, monitorar a região em tempo real e priorizar medidas preventivas."
2026-06-09T17:35:04.120357,-23.71,-46.41,25.0,65.0,1013.0,12.0,2.0,550.0,0.65,0,Normal,0,Normal,0,Normal,False,98.36,Condição ambiental dentro do padrão. Manter monitoramento contínuo.
2026-06-09T17:35:09.399539,-23.71,-46.41,32.0,38.0,1008.0,30.0,5.0,760.0,0.42,1,Atenção,1,Atenção,1,Atenção,False,99.6,Condição de atenção detectada. Recomenda-se acompanhar a evolução dos sensores e verificar tendência dos dados.
2026-06-09T17:35:14.650383,-23.71,-46.41,39.5,18.0,998.0,28.0,0.5,940.0,0.18,3,Crítico,1,Atenção,3,Crítico,True,80.8,"Condição crítica detectada. Recomenda-se acionar plano de resposta, monitorar a região em tempo real e priorizar medidas preventivas."
2026-06-09T17:35:20.140419,-23.71,-46.41,24.0,92.0,985.0,72.0,48.0,180.0,0.58,3,Crítico,1,Atenção,3,Crítico,True,81.6,"Condição crítica detectada. Recomenda-se acionar plano de resposta, monitorar a região em tempo real e priorizar medidas preventivas."
2026-06-09T17:35:25.416798,-23.71,-46.41,25.0,65.0,1013.0,12.0,2.0,550.0,0.65,0,Normal,0,Normal,0,Normal,False,98.36,Condição ambiental dentro do padrão. Manter monitoramento contínuo.
2026-06-09T17:35:30.739362,-23.71,-46.41,32.0,38.0,1008.0,30.0,5.0,760.0,0.42,1,Atenção,1,Atenção,1,Atenção,False,99.6,Condição de atenção detectada. Recomenda-se acompanhar a evolução dos sensores e verificar tendência dos dados.
2026-06-09T17:35:36.007033,-23.71,-46.41,39.5,18.0,998.0,28.0,0.5,940.0,0.18,3,Crítico,1,Atenção,3,Crítico,True,80.8,"Condição crítica detectada. Recomenda-se acionar plano de resposta, monitorar a região em tempo real e priorizar medidas preventivas."
2026-06-09T17:35:41.328597,-23.71,-46.41,24.0,92.0,985.0,72.0,48.0,180.0,0.58,3,Crítico,1,Atenção,3,Crítico,True,81.6,"Condição crítica detectada. Recomenda-se acionar plano de resposta, monitorar a região em tempo real e priorizar medidas preventivas."
2026-06-09T17:35:46.659829,-23.71,-46.41,25.0,65.0,1013.0,12.0,2.0,550.0,0.65,0,Normal,0,Normal,0,Normal,False,98.36,Condição ambiental dentro do padrão. Manter monitoramento contínuo.
2026-06-09T17:35:51.929200,-23.71,-46.41,32.0,38.0,1008.0,30.0,5.0,760.0,0.42,1,Atenção,1,Atenção,1,Atenção,False,99.6,Condição de atenção detectada. Recomenda-se acompanhar a evolução dos sensores e verificar tendência dos dados.
2026-06-09T17:35:57.205298,-23.71,-46.41,39.5,18.0,998.0,28.0,0.5,940.0,0.18,3,Crítico,1,Atenção,3,Crítico,True,80.8,"Condição crítica detectada. Recomenda-se acionar plano de resposta, monitorar a região em tempo real e priorizar medidas preventivas."
2026-06-09T17:36:02.471226,-23.71,-46.41,24.0,92.0,985.0,72.0,48.0,180.0,0.58,3,Crítico,1,Atenção,3,Crítico,True,81.6,"Condição crítica detectada. Recomenda-se acionar plano de resposta, monitorar a região em tempo real e priorizar medidas preventivas."
2026-06-09T17:36:07.706634,-23.71,-46.41,25.0,65.0,1013.0,12.0,2.0,550.0,0.65,0,Normal,0,Normal,0,Normal,False,98.36,Condição ambiental dentro do padrão. Manter monitoramento contínuo.
2026-06-09T17:36:13.077825,-23.71,-46.41,32.0,38.0,1008.0,30.0,5.0,760.0,0.42,1,Atenção,1,Atenção,1,Atenção,False,99.6,Condição de atenção detectada. Recomenda-se acompanhar a evolução dos sensores e verificar tendência dos dados.
2026-06-09T17:36:18.418651,-23.71,-46.41,39.5,18.0,998.0,28.0,0.5,940.0,0.18,3,Crítico,1,Atenção,3,Crítico,True,80.8,"Condição crítica detectada. Recomenda-se acionar plano de resposta, monitorar a região em tempo real e priorizar medidas preventivas."
2026-06-09T17:36:23.957734,-23.71,-46.41,24.0,92.0,985.0,72.0,48.0,180.0,0.58,3,Crítico,1,Atenção,3,Crítico,True,81.6,"Condição crítica detectada. Recomenda-se acionar plano de resposta, monitorar a região em tempo real e priorizar medidas preventivas."
2026-06-09T17:36:29.429653,-23.71,-46.41,25.0,65.0,1013.0,12.0,2.0,550.0,0.65,0,Normal,0,Normal,0,Normal,False,98.36,Condição ambiental dentro do padrão. Manter monitoramento contínuo.
2026-06-09T17:36:34.804434,-23.71,-46.41,32.0,38.0,1008.0,30.0,5.0,760.0,0.42,1,Atenção,1,Atenção,1,Atenção,False,99.6,Condição de atenção detectada. Recomenda-se acompanhar a evolução dos sensores e verificar tendência dos dados.
2026-06-09T17:36:40.367642,-23.71,-46.41,39.5,18.0,998.0,28.0,0.5,940.0,0.18,3,Crítico,1,Atenção,3,Crítico,True,80.8,"Condição crítica detectada. Recomenda-se acionar plano de resposta, monitorar a região em tempo real e priorizar medidas preventivas."
2026-06-09T17:36:45.750451,-23.71,-46.41,24.0,92.0,985.0,72.0,48.0,180.0,0.58,3,Crítico,1,Atenção,3,Crítico,True,81.6,"Condição crítica detectada. Recomenda-se acionar plano de resposta, monitorar a região em tempo real e priorizar medidas preventivas."
2026-06-09T17:36:51.142374,-23.71,-46.41,25.0,65.0,1013.0,12.0,2.0,550.0,0.65,0,Normal,0,Normal,0,Normal,False,98.36,Condição ambiental dentro do padrão. Manter monitoramento contínuo.
2026-06-09T17:36:56.459925,-23.71,-46.41,32.0,38.0,1008.0,30.0,5.0,760.0,0.42,1,Atenção,1,Atenção,1,Atenção,False,99.6,Condição de atenção detectada. Recomenda-se acompanhar a evolução dos sensores e verificar tendência dos dados.
2026-06-09T17:37:01.842105,-23.71,-46.41,39.5,18.0,998.0,28.0,0.5,940.0,0.18,3,Crítico,1,Atenção,3,Crítico,True,80.8,"Condição crítica detectada. Recomenda-se acionar plano de resposta, monitorar a região em tempo real e priorizar medidas preventivas."
2026-06-09T17:37:07.110983,-23.71,-46.41,24.0,92.0,985.0,72.0,48.0,180.0,0.58,3,Crítico,1,Atenção,3,Crítico,True,81.6,"Condição crítica detectada. Recomenda-se acionar plano de resposta, monitorar a região em tempo real e priorizar medidas preventivas."
2026-06-09T17:37:12.395741,-23.71,-46.41,25.0,65.0,1013.0,12.0,2.0,550.0,0.65,0,Normal,0,Normal,0,Normal,False,98.36,Condição ambiental dentro do padrão. Manter monitoramento contínuo.
2026-06-09T17:37:17.755435,-23.71,-46.41,32.0,38.0,1008.0,30.0,5.0,760.0,0.42,1,Atenção,1,Atenção,1,Atenção,False,99.6,Condição de atenção detectada. Recomenda-se acompanhar a evolução dos sensores e verificar tendência dos dados.
2026-06-09T17:37:23.142482,-23.71,-46.41,39.5,18.0,998.0,28.0,0.5,940.0,0.18,3,Crítico,1,Atenção,3,Crítico,True,80.8,"Condição crítica detectada. Recomenda-se acionar plano de resposta, monitorar a região em tempo real e priorizar medidas preventivas."
2026-06-09T17:37:28.412677,-23.71,-46.41,24.0,92.0,985.0,72.0,48.0,180.0,0.58,3,Crítico,1,Atenção,3,Crítico,True,81.6,"Condição crítica detectada. Recomenda-se acionar plano de resposta, monitorar a região em tempo real e priorizar medidas preventivas."
2026-06-09T17:37:33.858982,-23.71,-46.41,25.0,65.0,1013.0,12.0,2.0,550.0,0.65,0,Normal,0,Normal,0,Normal,False,98.36,Condição ambiental dentro do padrão. Manter monitoramento contínuo.
2026-06-09T17:37:39.196417,-23.71,-46.41,32.0,38.0,1008.0,30.0,5.0,760.0,0.42,1,Atenção,1,Atenção,1,Atenção,False,99.6,Condição de atenção detectada. Recomenda-se acompanhar a evolução dos sensores e verificar tendência dos dados.
2026-06-09T17:37:44.392929,-23.71,-46.41,39.5,18.0,998.0,28.0,0.5,940.0,0.18,3,Crítico,1,Atenção,3,Crítico,True,80.8,"Condição crítica detectada. Recomenda-se acionar plano de resposta, monitorar a região em tempo real e priorizar medidas preventivas."
2026-06-09T17:37:49.647471,-23.71,-46.41,24.0,92.0,985.0,72.0,48.0,180.0,0.58,3,Crítico,1,Atenção,3,Crítico,True,81.6,"Condição crítica detectada. Recomenda-se acionar plano de resposta, monitorar a região em tempo real e priorizar medidas preventivas."
2026-06-09T17:37:54.843749,-23.71,-46.41,25.0,65.0,1013.0,12.0,2.0,550.0,0.65,0,Normal,0,Normal,0,Normal,False,98.36,Condição ambiental dentro do padrão. Manter monitoramento contínuo.
2026-06-09T17:38:00.203613,-23.71,-46.41,32.0,38.0,1008.0,30.0,5.0,760.0,0.42,1,Atenção,1,Atenção,1,Atenção,False,99.6,Condição de atenção detectada. Recomenda-se acompanhar a evolução dos sensores e verificar tendência dos dados.
2026-06-09T17:38:07.728791,-23.71,-46.41,39.5,18.0,998.0,28.0,0.5,940.0,0.18,3,Crítico,1,Atenção,3,Crítico,True,80.8,"Condição crítica detectada. Recomenda-se acionar plano de resposta, monitorar a região em tempo real e priorizar medidas preventivas."
2026-06-09T17:38:13.110033,-23.71,-46.41,24.0,92.0,985.0,72.0,48.0,180.0,0.58,3,Crítico,1,Atenção,3,Crítico,True,81.6,"Condição crítica detectada. Recomenda-se acionar plano de resposta, monitorar a região em tempo real e priorizar medidas preventivas."
2026-06-09T17:38:18.305611,-23.71,-46.41,25.0,65.0,1013.0,12.0,2.0,550.0,0.65,0,Normal,0,Normal,0,Normal,False,98.36,Condição ambiental dentro do padrão. Manter monitoramento contínuo.
2026-06-09T17:38:23.683189,-23.71,-46.41,32.0,38.0,1008.0,30.0,5.0,760.0,0.42,1,Atenção,1,Atenção,1,Atenção,False,99.6,Condição de atenção detectada. Recomenda-se acompanhar a evolução dos sensores e verificar tendência dos dados.
2026-06-09T17:38:29.387573,-23.71,-46.41,39.5,18.0,998.0,28.0,0.5,940.0,0.18,3,Crítico,1,Atenção,3,Crítico,True,80.8,"Condição crítica detectada. Recomenda-se acionar plano de resposta, monitorar a região em tempo real e priorizar medidas preventivas."
2026-06-09T17:38:34.586574,-23.71,-46.41,24.0,92.0,985.0,72.0,48.0,180.0,0.58,3,Crítico,1,Atenção,3,Crítico,True,81.6,"Condição crítica detectada. Recomenda-se acionar plano de resposta, monitorar a região em tempo real e priorizar medidas preventivas."
2026-06-09T17:39:05.449135,-23.71,-46.41,24.0,92.0,985.0,72.0,48.0,180.0,0.58,3,Crítico,1,Atenção,3,Crítico,True,81.6,"Condição crítica detectada. Recomenda-se acionar plano de resposta, monitorar a região em tempo real e priorizar medidas preventivas."
2026-06-09T17:39:10.657818,-23.71,-46.41,25.0,65.0,1013.0,12.0,2.0,550.0,0.65,0,Normal,0,Normal,0,Normal,False,98.36,Condição ambiental dentro do padrão. Manter monitoramento contínuo.
2026-06-09T17:39:28.601736,-23.71,-46.41,25.0,65.0,1013.0,12.0,2.0,550.0,0.65,0,Normal,0,Normal,0,Normal,False,98.36,Condição ambiental dentro do padrão. Manter monitoramento contínuo.
2026-06-09T17:39:33.800162,-23.71,-46.41,32.0,38.0,1008.0,30.0,5.0,760.0,0.42,1,Atenção,1,Atenção,1,Atenção,False,99.6,Condição de atenção detectada. Recomenda-se acompanhar a evolução dos sensores e verificar tendência dos dados.
2026-06-09T17:39:39.227271,-23.71,-46.41,39.5,18.0,998.0,28.0,0.5,940.0,0.18,3,Crítico,1,Atenção,3,Crítico,True,80.8,"Condição crítica detectada. Recomenda-se acionar plano de resposta, monitorar a região em tempo real e priorizar medidas preventivas."
2026-06-09T17:39:44.644654,-23.71,-46.41,24.0,92.0,985.0,72.0,48.0,180.0,0.58,3,Crítico,1,Atenção,3,Crítico,True,81.6,"Condição crítica detectada. Recomenda-se acionar plano de resposta, monitorar a região em tempo real e priorizar medidas preventivas."
2026-06-09T17:39:49.973499,-23.71,-46.41,25.0,65.0,1013.0,12.0,2.0,550.0,0.65,0,Normal,0,Normal,0,Normal,False,98.36,Condição ambiental dentro do padrão. Manter monitoramento contínuo.
2026-06-09T17:39:55.386279,-23.71,-46.41,32.0,38.0,1008.0,30.0,5.0,760.0,0.42,1,Atenção,1,Atenção,1,Atenção,False,99.6,Condição de atenção detectada. Recomenda-se acompanhar a evolução dos sensores e verificar tendência dos dados.
2026-06-09T17:40:00.745317,-23.71,-46.41,39.5,18.0,998.0,28.0,0.5,940.0,0.18,3,Crítico,1,Atenção,3,Crítico,True,80.8,"Condição crítica detectada. Recomenda-se acionar plano de resposta, monitorar a região em tempo real e priorizar medidas preventivas."
2026-06-09T17:40:05.961207,-23.71,-46.41,24.0,92.0,985.0,72.0,48.0,180.0,0.58,3,Crítico,1,Atenção,3,Crítico,True,81.6,"Condição crítica detectada. Recomenda-se acionar plano de resposta, monitorar a região em tempo real e priorizar medidas preventivas."
2026-06-09T17:40:11.357714,-23.71,-46.41,25.0,65.0,1013.0,12.0,2.0,550.0,0.65,0,Normal,0,Normal,0,Normal,False,98.36,Condição ambiental dentro do padrão. Manter monitoramento contínuo.
2026-06-09T17:40:16.802903,-23.71,-46.41,32.0,38.0,1008.0,30.0,5.0,760.0,0.42,1,Atenção,1,Atenção,1,Atenção,False,99.6,Condição de atenção detectada. Recomenda-se acompanhar a evolução dos sensores e verificar tendência dos dados.
2026-06-09T17:40:22.166288,-23.71,-46.41,39.5,18.0,998.0,28.0,0.5,940.0,0.18,3,Crítico,1,Atenção,3,Crítico,True,80.8,"Condição crítica detectada. Recomenda-se acionar plano de resposta, monitorar a região em tempo real e priorizar medidas preventivas."
2026-06-09T17:40:27.538146,-23.71,-46.41,24.0,92.0,985.0,72.0,48.0,180.0,0.58,3,Crítico,1,Atenção,3,Crítico,True,81.6,"Condição crítica detectada. Recomenda-se acionar plano de resposta, monitorar a região em tempo real e priorizar medidas preventivas."
2026-06-09T17:40:32.910583,-23.71,-46.41,25.0,65.0,1013.0,12.0,2.0,550.0,0.65,0,Normal,0,Normal,0,Normal,False,98.36,Condição ambiental dentro do padrão. Manter monitoramento contínuo.
2026-06-09T17:40:38.319956,-23.71,-46.41,32.0,38.0,1008.0,30.0,5.0,760.0,0.42,1,Atenção,1,Atenção,1,Atenção,False,99.6,Condição de atenção detectada. Recomenda-se acompanhar a evolução dos sensores e verificar tendência dos dados.
2026-06-09T17:40:43.655301,-23.71,-46.41,39.5,18.0,998.0,28.0,0.5,940.0,0.18,3,Crítico,1,Atenção,3,Crítico,True,80.8,"Condição crítica detectada. Recomenda-se acionar plano de resposta, monitorar a região em tempo real e priorizar medidas preventivas."
2026-06-09T17:40:48.917166,-23.71,-46.41,24.0,92.0,985.0,72.0,48.0,180.0,0.58,3,Crítico,1,Atenção,3,Crítico,True,81.6,"Condição crítica detectada. Recomenda-se acionar plano de resposta, monitorar a região em tempo real e priorizar medidas preventivas."
2026-06-09T17:40:54.242932,-23.71,-46.41,25.0,65.0,1013.0,12.0,2.0,550.0,0.65,0,Normal,0,Normal,0,Normal,False,98.36,Condição ambiental dentro do padrão. Manter monitoramento contínuo.
2026-06-09T17:40:59.630336,-23.71,-46.41,32.0,38.0,1008.0,30.0,5.0,760.0,0.42,1,Atenção,1,Atenção,1,Atenção,False,99.6,Condição de atenção detectada. Recomenda-se acompanhar a evolução dos sensores e verificar tendência dos dados.
2026-06-09T17:41:04.979546,-23.71,-46.41,39.5,18.0,998.0,28.0,0.5,940.0,0.18,3,Crítico,1,Atenção,3,Crítico,True,80.8,"Condição crítica detectada. Recomenda-se acionar plano de resposta, monitorar a região em tempo real e priorizar medidas preventivas."
2026-06-09T17:41:10.346368,-23.71,-46.41,24.0,92.0,985.0,72.0,48.0,180.0,0.58,3,Crítico,1,Atenção,3,Crítico,True,81.6,"Condição crítica detectada. Recomenda-se acionar plano de resposta, monitorar a região em tempo real e priorizar medidas preventivas."
2026-06-09T17:41:15.693987,-23.71,-46.41,25.0,65.0,1013.0,12.0,2.0,550.0,0.65,0,Normal,0,Normal,0,Normal,False,98.36,Condição ambiental dentro do padrão. Manter monitoramento contínuo.
2026-06-09T17:41:21.256394,-23.71,-46.41,32.0,38.0,1008.0,30.0,5.0,760.0,0.42,1,Atenção,1,Atenção,1,Atenção,False,99.6,Condição de atenção detectada. Recomenda-se acompanhar a evolução dos sensores e verificar tendência dos dados.
2026-06-09T17:41:26.671043,-23.71,-46.41,39.5,18.0,998.0,28.0,0.5,940.0,0.18,3,Crítico,1,Atenção,3,Crítico,True,80.8,"Condição crítica detectada. Recomenda-se acionar plano de resposta, monitorar a região em tempo real e priorizar medidas preventivas."
2026-06-09T17:41:32.014094,-23.71,-46.41,24.0,92.0,985.0,72.0,48.0,180.0,0.58,3,Crítico,1,Atenção,3,Crítico,True,81.6,"Condição crítica detectada. Recomenda-se acionar plano de resposta, monitorar a região em tempo real e priorizar medidas preventivas."
2026-06-09T17:41:37.421725,-23.71,-46.41,25.0,65.0,1013.0,12.0,2.0,550.0,0.65,0,Normal,0,Normal,0,Normal,False,98.36,Condição ambiental dentro do padrão. Manter monitoramento contínuo.
2026-06-09T17:41:42.875309,-23.71,-46.41,32.0,38.0,1008.0,30.0,5.0,760.0,0.42,1,Atenção,1,Atenção,1,Atenção,False,99.6,Condição de atenção detectada. Recomenda-se acompanhar a evolução dos sensores e verificar tendência dos dados.
2026-06-09T17:41:48.269966,-23.71,-46.41,39.5,18.0,998.0,28.0,0.5,940.0,0.18,3,Crítico,1,Atenção,3,Crítico,True,80.8,"Condição crítica detectada. Recomenda-se acionar plano de resposta, monitorar a região em tempo real e priorizar medidas preventivas."
2026-06-09T17:41:53.653856,-23.71,-46.41,24.0,92.0,985.0,72.0,48.0,180.0,0.58,3,Crítico,1,Atenção,3,Crítico,True,81.6,"Condição crítica detectada. Recomenda-se acionar plano de resposta, monitorar a região em tempo real e priorizar medidas preventivas."
2026-06-09T17:41:59.059271,-23.71,-46.41,25.0,65.0,1013.0,12.0,2.0,550.0,0.65,0,Normal,0,Normal,0,Normal,False,98.36,Condição ambiental dentro do padrão. Manter monitoramento contínuo.
2026-06-09T17:42:04.353343,-23.71,-46.41,32.0,38.0,1008.0,30.0,5.0,760.0,0.42,1,Atenção,1,Atenção,1,Atenção,False,99.6,Condição de atenção detectada. Recomenda-se acompanhar a evolução dos sensores e verificar tendência dos dados.
2026-06-09T17:42:09.730163,-23.71,-46.41,39.5,18.0,998.0,28.0,0.5,940.0,0.18,3,Crítico,1,Atenção,3,Crítico,True,80.8,"Condição crítica detectada. Recomenda-se acionar plano de resposta, monitorar a região em tempo real e priorizar medidas preventivas."
2026-06-09T17:42:15.089632,-23.71,-46.41,24.0,92.0,985.0,72.0,48.0,180.0,0.58,3,Crítico,1,Atenção,3,Crítico,True,81.6,"Condição crítica detectada. Recomenda-se acionar plano de resposta, monitorar a região em tempo real e priorizar medidas preventivas."
2026-06-09T17:42:20.381169,-23.71,-46.41,25.0,65.0,1013.0,12.0,2.0,550.0,0.65,0,Normal,0,Normal,0,Normal,False,98.36,Condição ambiental dentro do padrão. Manter monitoramento contínuo.
2026-06-09T17:42:25.605860,-23.71,-46.41,32.0,38.0,1008.0,30.0,5.0,760.0,0.42,1,Atenção,1,Atenção,1,Atenção,False,99.6,Condição de atenção detectada. Recomenda-se acompanhar a evolução dos sensores e verificar tendência dos dados.
2026-06-09T17:42:30.926459,-23.71,-46.41,39.5,18.0,998.0,28.0,0.5,940.0,0.18,3,Crítico,1,Atenção,3,Crítico,True,80.8,"Condição crítica detectada. Recomenda-se acionar plano de resposta, monitorar a região em tempo real e priorizar medidas preventivas."
2026-06-09T17:42:36.225477,-23.71,-46.41,24.0,92.0,985.0,72.0,48.0,180.0,0.58,3,Crítico,1,Atenção,3,Crítico,True,81.6,"Condição crítica detectada. Recomenda-se acionar plano de resposta, monitorar a região em tempo real e priorizar medidas preventivas."
2026-06-09T17:42:41.573264,-23.71,-46.41,25.0,65.0,1013.0,12.0,2.0,550.0,0.65,0,Normal,0,Normal,0,Normal,False,98.36,Condição ambiental dentro do padrão. Manter monitoramento contínuo.
2026-06-09T17:42:46.935989,-23.71,-46.41,32.0,38.0,1008.0,30.0,5.0,760.0,0.42,1,Atenção,1,Atenção,1,Atenção,False,99.6,Condição de atenção detectada. Recomenda-se acompanhar a evolução dos sensores e verificar tendência dos dados.
2026-06-09T17:42:53.292169,-23.71,-46.41,39.5,18.0,998.0,28.0,0.5,940.0,0.18,3,Crítico,1,Atenção,3,Crítico,True,80.8,"Condição crítica detectada. Recomenda-se acionar plano de resposta, monitorar a região em tempo real e priorizar medidas preventivas."
2026-06-09T17:42:58.523790,-23.71,-46.41,24.0,92.0,985.0,72.0,48.0,180.0,0.58,3,Crítico,1,Atenção,3,Crítico,True,81.6,"Condição crítica detectada. Recomenda-se acionar plano de resposta, monitorar a região em tempo real e priorizar medidas preventivas."
2026-06-09T17:43:03.720708,-23.71,-46.41,25.0,65.0,1013.0,12.0,2.0,550.0,0.65,0,Normal,0,Normal,0,Normal,False,98.36,Condição ambiental dentro do padrão. Manter monitoramento contínuo.
2026-06-09T17:43:08.911578,-23.71,-46.41,32.0,38.0,1008.0,30.0,5.0,760.0,0.42,1,Atenção,1,Atenção,1,Atenção,False,99.6,Condição de atenção detectada. Recomenda-se acompanhar a evolução dos sensores e verificar tendência dos dados.
2026-06-09T17:43:14.094094,-23.71,-46.41,39.5,18.0,998.0,28.0,0.5,940.0,0.18,3,Crítico,1,Atenção,3,Crítico,True,80.8,"Condição crítica detectada. Recomenda-se acionar plano de resposta, monitorar a região em tempo real e priorizar medidas preventivas."
2026-06-09T17:43:19.294284,-23.71,-46.41,24.0,92.0,985.0,72.0,48.0,180.0,0.58,3,Crítico,1,Atenção,3,Crítico,True,81.6,"Condição crítica detectada. Recomenda-se acionar plano de resposta, monitorar a região em tempo real e priorizar medidas preventivas."
2026-06-09T17:43:24.616322,-23.71,-46.41,25.0,65.0,1013.0,12.0,2.0,550.0,0.65,0,Normal,0,Normal,0,Normal,False,98.36,Condição ambiental dentro do padrão. Manter monitoramento contínuo.
2026-06-09T17:43:29.971546,-23.71,-46.41,32.0,38.0,1008.0,30.0,5.0,760.0,0.42,1,Atenção,1,Atenção,1,Atenção,False,99.6,Condição de atenção detectada. Recomenda-se acompanhar a evolução dos sensores e verificar tendência dos dados.
2026-06-09T17:43:35.343833,-23.71,-46.41,39.5,18.0,998.0,28.0,0.5,940.0,0.18,3,Crítico,1,Atenção,3,Crítico,True,80.8,"Condição crítica detectada. Recomenda-se acionar plano de resposta, monitorar a região em tempo real e priorizar medidas preventivas."
2026-06-09T17:43:40.743063,-23.71,-46.41,24.0,92.0,985.0,72.0,48.0,180.0,0.58,3,Crítico,1,Atenção,3,Crítico,True,81.6,"Condição crítica detectada. Recomenda-se acionar plano de resposta, monitorar a região em tempo real e priorizar medidas preventivas."
2026-06-09T17:50:18.240557,-23.71,-46.41,25.0,65.0,1013.0,12.0,2.0,550.0,0.65,0,Normal,0,Normal,0,Normal,False,98.36,Condição ambiental dentro do padrão. Manter monitoramento contínuo.
2026-06-09T17:50:23.685896,-23.71,-46.41,32.0,38.0,1008.0,30.0,5.0,760.0,0.42,1,Atenção,1,Atenção,1,Atenção,False,99.6,Condição de atenção detectada. Recomenda-se acompanhar a evolução dos sensores e verificar tendência dos dados.
2026-06-09T17:50:29.132186,-23.71,-46.41,39.5,18.0,998.0,28.0,0.5,940.0,0.18,3,Crítico,1,Atenção,3,Crítico,True,80.8,"Condição crítica detectada. Recomenda-se acionar plano de resposta, monitorar a região em tempo real e priorizar medidas preventivas."
2026-06-09T17:50:34.467695,-23.71,-46.41,24.0,92.0,985.0,72.0,48.0,180.0,0.58,3,Crítico,1,Atenção,3,Crítico,True,81.6,"Condição crítica detectada. Recomenda-se acionar plano de resposta, monitorar a região em tempo real e priorizar medidas preventivas."
2026-06-09T17:50:39.782189,-23.71,-46.41,25.0,65.0,1013.0,12.0,2.0,550.0,0.65,0,Normal,0,Normal,0,Normal,False,98.36,Condição ambiental dentro do padrão. Manter monitoramento contínuo.
2026-06-09T17:50:45.201855,-23.71,-46.41,32.0,38.0,1008.0,30.0,5.0,760.0,0.42,1,Atenção,1,Atenção,1,Atenção,False,99.6,Condição de atenção detectada. Recomenda-se acompanhar a evolução dos sensores e verificar tendência dos dados.
2026-06-09T17:50:50.533580,-23.71,-46.41,39.5,18.0,998.0,28.0,0.5,940.0,0.18,3,Crítico,1,Atenção,3,Crítico,True,80.8,"Condição crítica detectada. Recomenda-se acionar plano de resposta, monitorar a região em tempo real e priorizar medidas preventivas."
2026-06-09T17:50:55.907052,-23.71,-46.41,24.0,92.0,985.0,72.0,48.0,180.0,0.58,3,Crítico,1,Atenção,3,Crítico,True,81.6,"Condição crítica detectada. Recomenda-se acionar plano de resposta, monitorar a região em tempo real e priorizar medidas preventivas."
2026-06-09T17:51:01.285351,-23.71,-46.41,25.0,65.0,1013.0,12.0,2.0,550.0,0.65,0,Normal,0,Normal,0,Normal,False,98.36,Condição ambiental dentro do padrão. Manter monitoramento contínuo.
2026-06-09T17:51:06.661374,-23.71,-46.41,32.0,38.0,1008.0,30.0,5.0,760.0,0.42,1,Atenção,1,Atenção,1,Atenção,False,99.6,Condição de atenção detectada. Recomenda-se acompanhar a evolução dos sensores e verificar tendência dos dados.
2026-06-09T17:51:12.091422,-23.71,-46.41,39.5,18.0,998.0,28.0,0.5,940.0,0.18,3,Crítico,1,Atenção,3,Crítico,True,80.8,"Condição crítica detectada. Recomenda-se acionar plano de resposta, monitorar a região em tempo real e priorizar medidas preventivas."
2026-06-09T17:51:17.454972,-23.71,-46.41,24.0,92.0,985.0,72.0,48.0,180.0,0.58,3,Crítico,1,Atenção,3,Crítico,True,81.6,"Condição crítica detectada. Recomenda-se acionar plano de resposta, monitorar a região em tempo real e priorizar medidas preventivas."
2026-06-09T17:51:22.795236,-23.71,-46.41,25.0,65.0,1013.0,12.0,2.0,550.0,0.65,0,Normal,0,Normal,0,Normal,False,98.36,Condição ambiental dentro do padrão. Manter monitoramento contínuo.
2026-06-09T17:51:28.130116,-23.71,-46.41,32.0,38.0,1008.0,30.0,5.0,760.0,0.42,1,Atenção,1,Atenção,1,Atenção,False,99.6,Condição de atenção detectada. Recomenda-se acompanhar a evolução dos sensores e verificar tendência dos dados.
2026-06-09T17:51:33.514531,-23.71,-46.41,39.5,18.0,998.0,28.0,0.5,940.0,0.18,3,Crítico,1,Atenção,3,Crítico,True,80.8,"Condição crítica detectada. Recomenda-se acionar plano de resposta, monitorar a região em tempo real e priorizar medidas preventivas."
2026-06-09T17:51:38.890703,-23.71,-46.41,24.0,92.0,985.0,72.0,48.0,180.0,0.58,3,Crítico,1,Atenção,3,Crítico,True,81.6,"Condição crítica detectada. Recomenda-se acionar plano de resposta, monitorar a região em tempo real e priorizar medidas preventivas."
2026-06-09T17:51:44.276790,-23.71,-46.41,25.0,65.0,1013.0,12.0,2.0,550.0,0.65,0,Normal,0,Normal,0,Normal,False,98.36,Condição ambiental dentro do padrão. Manter monitoramento contínuo.
2026-06-09T17:51:49.630025,-23.71,-46.41,32.0,38.0,1008.0,30.0,5.0,760.0,0.42,1,Atenção,1,Atenção,1,Atenção,False,99.6,Condição de atenção detectada. Recomenda-se acompanhar a evolução dos sensores e verificar tendência dos dados.
2026-06-09T17:51:54.960166,-23.71,-46.41,39.5,18.0,998.0,28.0,0.5,940.0,0.18,3,Crítico,1,Atenção,3,Crítico,True,80.8,"Condição crítica detectada. Recomenda-se acionar plano de resposta, monitorar a região em tempo real e priorizar medidas preventivas."
2026-06-09T17:52:00.291807,-23.71,-46.41,24.0,92.0,985.0,72.0,48.0,180.0,0.58,3,Crítico,1,Atenção,3,Crítico,True,81.6,"Condição crítica detectada. Recomenda-se acionar plano de resposta, monitorar a região em tempo real e priorizar medidas preventivas."
2026-06-09T17:52:05.750641,-23.71,-46.41,25.0,65.0,1013.0,12.0,2.0,550.0,0.65,0,Normal,0,Normal,0,Normal,False,98.36,Condição ambiental dentro do padrão. Manter monitoramento contínuo.
2026-06-09T17:52:11.101351,-23.71,-46.41,32.0,38.0,1008.0,30.0,5.0,760.0,0.42,1,Atenção,1,Atenção,1,Atenção,False,99.6,Condição de atenção detectada. Recomenda-se acompanhar a evolução dos sensores e verificar tendência dos dados.
2026-06-09T17:52:16.480371,-23.71,-46.41,39.5,18.0,998.0,28.0,0.5,940.0,0.18,3,Crítico,1,Atenção,3,Crítico,True,80.8,"Condição crítica detectada. Recomenda-se acionar plano de resposta, monitorar a região em tempo real e priorizar medidas preventivas."
2026-06-09T17:52:21.847964,-23.71,-46.41,24.0,92.0,985.0,72.0,48.0,180.0,0.58,3,Crítico,1,Atenção,3,Crítico,True,81.6,"Condição crítica detectada. Recomenda-se acionar plano de resposta, monitorar a região em tempo real e priorizar medidas preventivas."
2026-06-09T17:52:27.150566,-23.71,-46.41,25.0,65.0,1013.0,12.0,2.0,550.0,0.65,0,Normal,0,Normal,0,Normal,False,98.36,Condição ambiental dentro do padrão. Manter monitoramento contínuo.
2026-06-09T17:52:32.411691,-23.71,-46.41,32.0,38.0,1008.0,30.0,5.0,760.0,0.42,1,Atenção,1,Atenção,1,Atenção,False,99.6,Condição de atenção detectada. Recomenda-se acompanhar a evolução dos sensores e verificar tendência dos dados.
2026-06-09T17:52:37.612747,-23.71,-46.41,39.5,18.0,998.0,28.0,0.5,940.0,0.18,3,Crítico,1,Atenção,3,Crítico,True,80.8,"Condição crítica detectada. Recomenda-se acionar plano de resposta, monitorar a região em tempo real e priorizar medidas preventivas."
2026-06-09T17:52:43.053293,-23.71,-46.41,24.0,92.0,985.0,72.0,48.0,180.0,0.58,3,Crítico,1,Atenção,3,Crítico,True,81.6,"Condição crítica detectada. Recomenda-se acionar plano de resposta, monitorar a região em tempo real e priorizar medidas preventivas."
2026-06-09T17:52:48.426501,-23.71,-46.41,25.0,65.0,1013.0,12.0,2.0,550.0,0.65,0,Normal,0,Normal,0,Normal,False,98.36,Condição ambiental dentro do padrão. Manter monitoramento contínuo.
2026-06-09T17:52:53.934305,-23.71,-46.41,32.0,38.0,1008.0,30.0,5.0,760.0,0.42,1,Atenção,1,Atenção,1,Atenção,False,99.6,Condição de atenção detectada. Recomenda-se acompanhar a evolução dos sensores e verificar tendência dos dados.
2026-06-09T17:52:59.345343,-23.71,-46.41,39.5,18.0,998.0,28.0,0.5,940.0,0.18,3,Crítico,1,Atenção,3,Crítico,True,80.8,"Condição crítica detectada. Recomenda-se acionar plano de resposta, monitorar a região em tempo real e priorizar medidas preventivas."
2026-06-09T17:53:04.720585,-23.71,-46.41,24.0,92.0,985.0,72.0,48.0,180.0,0.58,3,Crítico,1,Atenção,3,Crítico,True,81.6,"Condição crítica detectada. Recomenda-se acionar plano de resposta, monitorar a região em tempo real e priorizar medidas preventivas."
2026-06-09T17:53:10.139015,-23.71,-46.41,25.0,65.0,1013.0,12.0,2.0,550.0,0.65,0,Normal,0,Normal,0,Normal,False,98.36,Condição ambiental dentro do padrão. Manter monitoramento contínuo.
2026-06-09T17:53:15.551543,-23.71,-46.41,32.0,38.0,1008.0,30.0,5.0,760.0,0.42,1,Atenção,1,Atenção,1,Atenção,False,99.6,Condição de atenção detectada. Recomenda-se acompanhar a evolução dos sensores e verificar tendência dos dados.
2026-06-09T17:53:20.860530,-23.71,-46.41,39.5,18.0,998.0,28.0,0.5,940.0,0.18,3,Crítico,1,Atenção,3,Crítico,True,80.8,"Condição crítica detectada. Recomenda-se acionar plano de resposta, monitorar a região em tempo real e priorizar medidas preventivas."
2026-06-09T17:53:26.124322,-23.71,-46.41,24.0,92.0,985.0,72.0,48.0,180.0,0.58,3,Crítico,1,Atenção,3,Crítico,True,81.6,"Condição crítica detectada. Recomenda-se acionar plano de resposta, monitorar a região em tempo real e priorizar medidas preventivas."
2026-06-09T17:53:31.475308,-23.71,-46.41,25.0,65.0,1013.0,12.0,2.0,550.0,0.65,0,Normal,0,Normal,0,Normal,False,98.36,Condição ambiental dentro do padrão. Manter monitoramento contínuo.
2026-06-09T17:53:36.895573,-23.71,-46.41,32.0,38.0,1008.0,30.0,5.0,760.0,0.42,1,Atenção,1,Atenção,1,Atenção,False,99.6,Condição de atenção detectada. Recomenda-se acompanhar a evolução dos sensores e verificar tendência dos dados.
2026-06-09T17:53:42.258924,-23.71,-46.41,39.5,18.0,998.0,28.0,0.5,940.0,0.18,3,Crítico,1,Atenção,3,Crítico,True,80.8,"Condição crítica detectada. Recomenda-se acionar plano de resposta, monitorar a região em tempo real e priorizar medidas preventivas."
2026-06-09T17:53:47.610629,-23.71,-46.41,24.0,92.0,985.0,72.0,48.0,180.0,0.58,3,Crítico,1,Atenção,3,Crítico,True,81.6,"Condição crítica detectada. Recomenda-se acionar plano de resposta, monitorar a região em tempo real e priorizar medidas preventivas."
2026-06-09T17:53:52.940101,-23.71,-46.41,25.0,65.0,1013.0,12.0,2.0,550.0,0.65,0,Normal,0,Normal,0,Normal,False,98.36,Condição ambiental dentro do padrão. Manter monitoramento contínuo.
2026-06-09T17:53:58.345112,-23.71,-46.41,32.0,38.0,1008.0,30.0,5.0,760.0,0.42,1,Atenção,1,Atenção,1,Atenção,False,99.6,Condição de atenção detectada. Recomenda-se acompanhar a evolução dos sensores e verificar tendência dos dados.
2026-06-09T17:54:03.697059,-23.71,-46.41,39.5,18.0,998.0,28.0,0.5,940.0,0.18,3,Crítico,1,Atenção,3,Crítico,True,80.8,"Condição crítica detectada. Recomenda-se acionar plano de resposta, monitorar a região em tempo real e priorizar medidas preventivas."
2026-06-09T17:54:09.025713,-23.71,-46.41,24.0,92.0,985.0,72.0,48.0,180.0,0.58,3,Crítico,1,Atenção,3,Crítico,True,81.6,"Condição crítica detectada. Recomenda-se acionar plano de resposta, monitorar a região em tempo real e priorizar medidas preventivas."
2026-06-09T17:54:14.468984,-23.71,-46.41,25.0,65.0,1013.0,12.0,2.0,550.0,0.65,0,Normal,0,Normal,0,Normal,False,98.36,Condição ambiental dentro do padrão. Manter monitoramento contínuo.
2026-06-09T17:54:19.782040,-23.71,-46.41,32.0,38.0,1008.0,30.0,5.0,760.0,0.42,1,Atenção,1,Atenção,1,Atenção,False,99.6,Condição de atenção detectada. Recomenda-se acompanhar a evolução dos sensores e verificar tendência dos dados.
2026-06-09T17:54:25.078171,-23.71,-46.41,39.5,18.0,998.0,28.0,0.5,940.0,0.18,3,Crítico,1,Atenção,3,Crítico,True,80.8,"Condição crítica detectada. Recomenda-se acionar plano de resposta, monitorar a região em tempo real e priorizar medidas preventivas."
2026-06-09T17:54:30.417940,-23.71,-46.41,24.0,92.0,985.0,72.0,48.0,180.0,0.58,3,Crítico,1,Atenção,3,Crítico,True,81.6,"Condição crítica detectada. Recomenda-se acionar plano de resposta, monitorar a região em tempo real e priorizar medidas preventivas."
2026-06-09T17:54:35.807576,-23.71,-46.41,25.0,65.0,1013.0,12.0,2.0,550.0,0.65,0,Normal,0,Normal,0,Normal,False,98.36,Condição ambiental dentro do padrão. Manter monitoramento contínuo.
2026-06-09T17:54:41.289963,-23.71,-46.41,32.0,38.0,1008.0,30.0,5.0,760.0,0.42,1,Atenção,1,Atenção,1,Atenção,False,99.6,Condição de atenção detectada. Recomenda-se acompanhar a evolução dos sensores e verificar tendência dos dados.
2026-06-09T17:54:46.719316,-23.71,-46.41,39.5,18.0,998.0,28.0,0.5,940.0,0.18,3,Crítico,1,Atenção,3,Crítico,True,80.8,"Condição crítica detectada. Recomenda-se acionar plano de resposta, monitorar a região em tempo real e priorizar medidas preventivas."
2026-06-09T17:55:25.886949,-23.71,-46.41,24.0,92.0,985.0,72.0,48.0,180.0,0.58,3,Crítico,1,Atenção,3,Crítico,True,81.6,"Condição crítica detectada. Recomenda-se acionar plano de resposta, monitorar a região em tempo real e priorizar medidas preventivas."
2026-06-09T17:55:31.229351,-23.71,-46.41,25.0,65.0,1013.0,12.0,2.0,550.0,0.65,0,Normal,0,Normal,0,Normal,False,98.36,Condição ambiental dentro do padrão. Manter monitoramento contínuo.
2026-06-09T17:55:38.108945,-23.71,-46.41,32.0,38.0,1008.0,30.0,5.0,760.0,0.42,1,Atenção,1,Atenção,1,Atenção,False,99.6,Condição de atenção detectada. Recomenda-se acompanhar a evolução dos sensores e verificar tendência dos dados.
2026-06-09T17:55:43.490271,-23.71,-46.41,39.5,18.0,998.0,28.0,0.5,940.0,0.18,3,Crítico,1,Atenção,3,Crítico,True,80.8,"Condição crítica detectada. Recomenda-se acionar plano de resposta, monitorar a região em tempo real e priorizar medidas preventivas."
2026-06-09T17:55:49.079152,-23.71,-46.41,24.0,92.0,985.0,72.0,48.0,180.0,0.58,3,Crítico,1,Atenção,3,Crítico,True,81.6,"Condição crítica detectada. Recomenda-se acionar plano de resposta, monitorar a região em tempo real e priorizar medidas preventivas."
2026-06-09T17:55:54.454483,-23.71,-46.41,25.0,65.0,1013.0,12.0,2.0,550.0,0.65,0,Normal,0,Normal,0,Normal,False,98.36,Condição ambiental dentro do padrão. Manter monitoramento contínuo.
2026-06-09T17:55:59.801114,-23.71,-46.41,32.0,38.0,1008.0,30.0,5.0,760.0,0.42,1,Atenção,1,Atenção,1,Atenção,False,99.6,Condição de atenção detectada. Recomenda-se acompanhar a evolução dos sensores e verificar tendência dos dados.
2026-06-09T17:56:05.147700,-23.71,-46.41,39.5,18.0,998.0,28.0,0.5,940.0,0.18,3,Crítico,1,Atenção,3,Crítico,True,80.8,"Condição crítica detectada. Recomenda-se acionar plano de resposta, monitorar a região em tempo real e priorizar medidas preventivas."
2026-06-09T17:56:10.546068,-23.71,-46.41,24.0,92.0,985.0,72.0,48.0,180.0,0.58,3,Crítico,1,Atenção,3,Crítico,True,81.6,"Condição crítica detectada. Recomenda-se acionar plano de resposta, monitorar a região em tempo real e priorizar medidas preventivas."
2026-06-09T17:56:15.977498,-23.71,-46.41,25.0,65.0,1013.0,12.0,2.0,550.0,0.65,0,Normal,0,Normal,0,Normal,False,98.36,Condição ambiental dentro do padrão. Manter monitoramento contínuo.
2026-06-09T17:56:21.176840,-23.71,-46.41,32.0,38.0,1008.0,30.0,5.0,760.0,0.42,1,Atenção,1,Atenção,1,Atenção,False,99.6,Condição de atenção detectada. Recomenda-se acompanhar a evolução dos sensores e verificar tendência dos dados.
2026-06-09T17:56:26.369877,-23.71,-46.41,39.5,18.0,998.0,28.0,0.5,940.0,0.18,3,Crítico,1,Atenção,3,Crítico,True,80.8,"Condição crítica detectada. Recomenda-se acionar plano de resposta, monitorar a região em tempo real e priorizar medidas preventivas."
2026-06-09T17:56:31.838881,-23.71,-46.41,24.0,92.0,985.0,72.0,48.0,180.0,0.58,3,Crítico,1,Atenção,3,Crítico,True,81.6,"Condição crítica detectada. Recomenda-se acionar plano de resposta, monitorar a região em tempo real e priorizar medidas preventivas."
2026-06-09T17:56:37.157233,-23.71,-46.41,25.0,65.0,1013.0,12.0,2.0,550.0,0.65,0,Normal,0,Normal,0,Normal,False,98.36,Condição ambiental dentro do padrão. Manter monitoramento contínuo.
2026-06-09T17:56:42.569318,-23.71,-46.41,32.0,38.0,1008.0,30.0,5.0,760.0,0.42,1,Atenção,1,Atenção,1,Atenção,False,99.6,Condição de atenção detectada. Recomenda-se acompanhar a evolução dos sensores e verificar tendência dos dados.
2026-06-09T17:56:47.904442,-23.71,-46.41,39.5,18.0,998.0,28.0,0.5,940.0,0.18,3,Crítico,1,Atenção,3,Crítico,True,80.8,"Condição crítica detectada. Recomenda-se acionar plano de resposta, monitorar a região em tempo real e priorizar medidas preventivas."
2026-06-09T17:56:53.212272,-23.71,-46.41,24.0,92.0,985.0,72.0,48.0,180.0,0.58,3,Crítico,1,Atenção,3,Crítico,True,81.6,"Condição crítica detectada. Recomenda-se acionar plano de resposta, monitorar a região em tempo real e priorizar medidas preventivas."
2026-06-09T17:56:58.546343,-23.71,-46.41,25.0,65.0,1013.0,12.0,2.0,550.0,0.65,0,Normal,0,Normal,0,Normal,False,98.36,Condição ambiental dentro do padrão. Manter monitoramento contínuo.
2026-06-09T17:57:03.899042,-23.71,-46.41,32.0,38.0,1008.0,30.0,5.0,760.0,0.42,1,Atenção,1,Atenção,1,Atenção,False,99.6,Condição de atenção detectada. Recomenda-se acompanhar a evolução dos sensores e verificar tendência dos dados.
2026-06-09T17:57:09.512283,-23.71,-46.41,39.5,18.0,998.0,28.0,0.5,940.0,0.18,3,Crítico,1,Atenção,3,Crítico,True,80.8,"Condição crítica detectada. Recomenda-se acionar plano de resposta, monitorar a região em tempo real e priorizar medidas preventivas."
2026-06-09T17:57:15.059599,-23.71,-46.41,24.0,92.0,985.0,72.0,48.0,180.0,0.58,3,Crítico,1,Atenção,3,Crítico,True,81.6,"Condição crítica detectada. Recomenda-se acionar plano de resposta, monitorar a região em tempo real e priorizar medidas preventivas."
2026-06-09T17:57:20.459728,-23.71,-46.41,25.0,65.0,1013.0,12.0,2.0,550.0,0.65,0,Normal,0,Normal,0,Normal,False,98.36,Condição ambiental dentro do padrão. Manter monitoramento contínuo.
2026-06-09T17:57:25.780154,-23.71,-46.41,32.0,38.0,1008.0,30.0,5.0,760.0,0.42,1,Atenção,1,Atenção,1,Atenção,False,99.6,Condição de atenção detectada. Recomenda-se acompanhar a evolução dos sensores e verificar tendência dos dados.
2026-06-09T17:57:31.081600,-23.71,-46.41,39.5,18.0,998.0,28.0,0.5,940.0,0.18,3,Crítico,1,Atenção,3,Crítico,True,80.8,"Condição crítica detectada. Recomenda-se acionar plano de resposta, monitorar a região em tempo real e priorizar medidas preventivas."
2026-06-09T17:57:36.384668,-23.71,-46.41,24.0,92.0,985.0,72.0,48.0,180.0,0.58,3,Crítico,1,Atenção,3,Crítico,True,81.6,"Condição crítica detectada. Recomenda-se acionar plano de resposta, monitorar a região em tempo real e priorizar medidas preventivas."
2026-06-09T17:57:41.752322,-23.71,-46.41,25.0,65.0,1013.0,12.0,2.0,550.0,0.65,0,Normal,0,Normal,0,Normal,False,98.36,Condição ambiental dentro do padrão. Manter monitoramento contínuo.
2026-06-09T17:57:47.063400,-23.71,-46.41,32.0,38.0,1008.0,30.0,5.0,760.0,0.42,1,Atenção,1,Atenção,1,Atenção,False,99.6,Condição de atenção detectada. Recomenda-se acompanhar a evolução dos sensores e verificar tendência dos dados.
2026-06-09T17:57:52.330514,-23.71,-46.41,39.5,18.0,998.0,28.0,0.5,940.0,0.18,3,Crítico,1,Atenção,3,Crítico,True,80.8,"Condição crítica detectada. Recomenda-se acionar plano de resposta, monitorar a região em tempo real e priorizar medidas preventivas."
2026-06-09T17:57:57.633413,-23.71,-46.41,24.0,92.0,985.0,72.0,48.0,180.0,0.58,3,Crítico,1,Atenção,3,Crítico,True,81.6,"Condição crítica detectada. Recomenda-se acionar plano de resposta, monitorar a região em tempo real e priorizar medidas preventivas."
2026-06-09T17:58:03.054397,-23.71,-46.41,25.0,65.0,1013.0,12.0,2.0,550.0,0.65,0,Normal,0,Normal,0,Normal,False,98.36,Condição ambiental dentro do padrão. Manter monitoramento contínuo.
2026-06-09T17:58:08.333773,-23.71,-46.41,32.0,38.0,1008.0,30.0,5.0,760.0,0.42,1,Atenção,1,Atenção,1,Atenção,False,99.6,Condição de atenção detectada. Recomenda-se acompanhar a evolução dos sensores e verificar tendência dos dados.
2026-06-09T17:58:13.744460,-23.71,-46.41,39.5,18.0,998.0,28.0,0.5,940.0,0.18,3,Crítico,1,Atenção,3,Crítico,True,80.8,"Condição crítica detectada. Recomenda-se acionar plano de resposta, monitorar a região em tempo real e priorizar medidas preventivas."
2026-06-09T17:58:19.041028,-23.71,-46.41,24.0,92.0,985.0,72.0,48.0,180.0,0.58,3,Crítico,1,Atenção,3,Crítico,True,81.6,"Condição crítica detectada. Recomenda-se acionar plano de resposta, monitorar a região em tempo real e priorizar medidas preventivas."
2026-06-09T17:58:24.366223,-23.71,-46.41,25.0,65.0,1013.0,12.0,2.0,550.0,0.65,0,Normal,0,Normal,0,Normal,False,98.36,Condição ambiental dentro do padrão. Manter monitoramento contínuo.
2026-06-09T17:58:29.693644,-23.71,-46.41,32.0,38.0,1008.0,30.0,5.0,760.0,0.42,1,Atenção,1,Atenção,1,Atenção,False,99.6,Condição de atenção detectada. Recomenda-se acompanhar a evolução dos sensores e verificar tendência dos dados.
2026-06-09T17:58:35.027134,-23.71,-46.41,39.5,18.0,998.0,28.0,0.5,940.0,0.18,3,Crítico,1,Atenção,3,Crítico,True,80.8,"Condição crítica detectada. Recomenda-se acionar plano de resposta, monitorar a região em tempo real e priorizar medidas preventivas."
2026-06-09T17:58:40.357298,-23.71,-46.41,24.0,92.0,985.0,72.0,48.0,180.0,0.58,3,Crítico,1,Atenção,3,Crítico,True,81.6,"Condição crítica detectada. Recomenda-se acionar plano de resposta, monitorar a região em tempo real e priorizar medidas preventivas."
2026-06-09T17:58:45.728046,-23.71,-46.41,25.0,65.0,1013.0,12.0,2.0,550.0,0.65,0,Normal,0,Normal,0,Normal,False,98.36,Condição ambiental dentro do padrão. Manter monitoramento contínuo.
2026-06-09T17:58:51.059128,-23.71,-46.41,32.0,38.0,1008.0,30.0,5.0,760.0,0.42,1,Atenção,1,Atenção,1,Atenção,False,99.6,Condição de atenção detectada. Recomenda-se acompanhar a evolução dos sensores e verificar tendência dos dados.
2026-06-09T17:58:56.416122,-23.71,-46.41,39.5,18.0,998.0,28.0,0.5,940.0,0.18,3,Crítico,1,Atenção,3,Crítico,True,80.8,"Condição crítica detectada. Recomenda-se acionar plano de resposta, monitorar a região em tempo real e priorizar medidas preventivas."
2026-06-09T17:59:01.817161,-23.71,-46.41,24.0,92.0,985.0,72.0,48.0,180.0,0.58,3,Crítico,1,Atenção,3,Crítico,True,81.6,"Condição crítica detectada. Recomenda-se acionar plano de resposta, monitorar a região em tempo real e priorizar medidas preventivas."
2026-06-09T17:59:07.209080,-23.71,-46.41,25.0,65.0,1013.0,12.0,2.0,550.0,0.65,0,Normal,0,Normal,0,Normal,False,98.36,Condição ambiental dentro do padrão. Manter monitoramento contínuo.
2026-06-09T17:59:12.508093,-23.71,-46.41,32.0,38.0,1008.0,30.0,5.0,760.0,0.42,1,Atenção,1,Atenção,1,Atenção,False,99.6,Condição de atenção detectada. Recomenda-se acompanhar a evolução dos sensores e verificar tendência dos dados.
2026-06-09T17:59:17.996465,-23.71,-46.41,39.5,18.0,998.0,28.0,0.5,940.0,0.18,3,Crítico,1,Atenção,3,Crítico,True,80.8,"Condição crítica detectada. Recomenda-se acionar plano de resposta, monitorar a região em tempo real e priorizar medidas preventivas."
2026-06-09T17:59:23.896472,-23.71,-46.41,24.0,92.0,985.0,72.0,48.0,180.0,0.58,3,Crítico,1,Atenção,3,Crítico,True,81.6,"Condição crítica detectada. Recomenda-se acionar plano de resposta, monitorar a região em tempo real e priorizar medidas preventivas."
2026-06-09T17:59:29.297489,-23.71,-46.41,25.0,65.0,1013.0,12.0,2.0,550.0,0.65,0,Normal,0,Normal,0,Normal,False,98.36,Condição ambiental dentro do padrão. Manter monitoramento contínuo.
2026-06-09T17:59:34.559586,-23.71,-46.41,32.0,38.0,1008.0,30.0,5.0,760.0,0.42,1,Atenção,1,Atenção,1,Atenção,False,99.6,Condição de atenção detectada. Recomenda-se acompanhar a evolução dos sensores e verificar tendência dos dados.
2026-06-09T17:59:39.920104,-23.71,-46.41,39.5,18.0,998.0,28.0,0.5,940.0,0.18,3,Crítico,1,Atenção,3,Crítico,True,80.8,"Condição crítica detectada. Recomenda-se acionar plano de resposta, monitorar a região em tempo real e priorizar medidas preventivas."
2026-06-09T17:59:45.364195,-23.71,-46.41,24.0,92.0,985.0,72.0,48.0,180.0,0.58,3,Crítico,1,Atenção,3,Crítico,True,81.6,"Condição crítica detectada. Recomenda-se acionar plano de resposta, monitorar a região em tempo real e priorizar medidas preventivas."
2026-06-09T17:59:50.671356,-23.71,-46.41,25.0,65.0,1013.0,12.0,2.0,550.0,0.65,0,Normal,0,Normal,0,Normal,False,98.36,Condição ambiental dentro do padrão. Manter monitoramento contínuo.
2026-06-09T17:59:55.998644,-23.71,-46.41,32.0,38.0,1008.0,30.0,5.0,760.0,0.42,1,Atenção,1,Atenção,1,Atenção,False,99.6,Condição de atenção detectada. Recomenda-se acompanhar a evolução dos sensores e verificar tendência dos dados.
2026-06-09T18:00:01.439907,-23.71,-46.41,39.5,18.0,998.0,28.0,0.5,940.0,0.18,3,Crítico,1,Atenção,3,Crítico,True,80.8,"Condição crítica detectada. Recomenda-se acionar plano de resposta, monitorar a região em tempo real e priorizar medidas preventivas."
2026-06-09T18:00:06.748036,-23.71,-46.41,24.0,92.0,985.0,72.0,48.0,180.0,0.58,3,Crítico,1,Atenção,3,Crítico,True,81.6,"Condição crítica detectada. Recomenda-se acionar plano de resposta, monitorar a região em tempo real e priorizar medidas preventivas."
2026-06-09T18:00:11.947228,-23.71,-46.41,25.0,65.0,1013.0,12.0,2.0,550.0,0.65,0,Normal,0,Normal,0,Normal,False,98.36,Condição ambiental dentro do padrão. Manter monitoramento contínuo.
2026-06-09T18:00:17.280242,-23.71,-46.41,32.0,38.0,1008.0,30.0,5.0,760.0,0.42,1,Atenção,1,Atenção,1,Atenção,False,99.6,Condição de atenção detectada. Recomenda-se acompanhar a evolução dos sensores e verificar tendência dos dados.
2026-06-09T18:00:22.591465,-23.71,-46.41,39.5,18.0,998.0,28.0,0.5,940.0,0.18,3,Crítico,1,Atenção,3,Crítico,True,80.8,"Condição crítica detectada. Recomenda-se acionar plano de resposta, monitorar a região em tempo real e priorizar medidas preventivas."
2026-06-09T18:00:27.907474,-23.71,-46.41,24.0,92.0,985.0,72.0,48.0,180.0,0.58,3,Crítico,1,Atenção,3,Crítico,True,81.6,"Condição crítica detectada. Recomenda-se acionar plano de resposta, monitorar a região em tempo real e priorizar medidas preventivas."
2026-06-09T18:00:33.234021,-23.71,-46.41,25.0,65.0,1013.0,12.0,2.0,550.0,0.65,0,Normal,0,Normal,0,Normal,False,98.36,Condição ambiental dentro do padrão. Manter monitoramento contínuo.
2026-06-09T18:00:38.540291,-23.71,-46.41,32.0,38.0,1008.0,30.0,5.0,760.0,0.42,1,Atenção,1,Atenção,1,Atenção,False,99.6,Condição de atenção detectada. Recomenda-se acompanhar a evolução dos sensores e verificar tendência dos dados.
2026-06-09T18:00:43.815240,-23.71,-46.41,39.5,18.0,998.0,28.0,0.5,940.0,0.18,3,Crítico,1,Atenção,3,Crítico,True,80.8,"Condição crítica detectada. Recomenda-se acionar plano de resposta, monitorar a região em tempo real e priorizar medidas preventivas."
2026-06-09T18:00:49.121128,-23.71,-46.41,24.0,92.0,985.0,72.0,48.0,180.0,0.58,3,Crítico,1,Atenção,3,Crítico,True,81.6,"Condição crítica detectada. Recomenda-se acionar plano de resposta, monitorar a região em tempo real e priorizar medidas preventivas."
2026-06-09T18:00:54.437818,-23.71,-46.41,25.0,65.0,1013.0,12.0,2.0,550.0,0.65,0,Normal,0,Normal,0,Normal,False,98.36,Condição ambiental dentro do padrão. Manter monitoramento contínuo.
2026-06-09T18:00:59.849676,-23.71,-46.41,32.0,38.0,1008.0,30.0,5.0,760.0,0.42,1,Atenção,1,Atenção,1,Atenção,False,99.6,Condição de atenção detectada. Recomenda-se acompanhar a evolução dos sensores e verificar tendência dos dados.
2026-06-09T18:01:05.161269,-23.71,-46.41,39.5,18.0,998.0,28.0,0.5,940.0,0.18,3,Crítico,1,Atenção,3,Crítico,True,80.8,"Condição crítica detectada. Recomenda-se acionar plano de resposta, monitorar a região em tempo real e priorizar medidas preventivas."
2026-06-09T18:01:10.501482,-23.71,-46.41,24.0,92.0,985.0,72.0,48.0,180.0,0.58,3,Crítico,1,Atenção,3,Crítico,True,81.6,"Condição crítica detectada. Recomenda-se acionar plano de resposta, monitorar a região em tempo real e priorizar medidas preventivas."
2026-06-09T18:01:15.787447,-23.71,-46.41,25.0,65.0,1013.0,12.0,2.0,550.0,0.65,0,Normal,0,Normal,0,Normal,False,98.36,Condição ambiental dentro do padrão. Manter monitoramento contínuo.
2026-06-09T18:01:21.067293,-23.71,-46.41,32.0,38.0,1008.0,30.0,5.0,760.0,0.42,1,Atenção,1,Atenção,1,Atenção,False,99.6,Condição de atenção detectada. Recomenda-se acompanhar a evolução dos sensores e verificar tendência dos dados.
2026-06-09T18:01:26.460486,-23.71,-46.41,39.5,18.0,998.0,28.0,0.5,940.0,0.18,3,Crítico,1,Atenção,3,Crítico,True,80.8,"Condição crítica detectada. Recomenda-se acionar plano de resposta, monitorar a região em tempo real e priorizar medidas preventivas."
2026-06-09T18:01:31.785253,-23.71,-46.41,24.0,92.0,985.0,72.0,48.0,180.0,0.58,3,Crítico,1,Atenção,3,Crítico,True,81.6,"Condição crítica detectada. Recomenda-se acionar plano de resposta, monitorar a região em tempo real e priorizar medidas preventivas."
2026-06-09T18:01:37.213477,-23.71,-46.41,25.0,65.0,1013.0,12.0,2.0,550.0,0.65,0,Normal,0,Normal,0,Normal,False,98.36,Condição ambiental dentro do padrão. Manter monitoramento contínuo.
2026-06-09T18:01:42.581313,-23.71,-46.41,32.0,38.0,1008.0,30.0,5.0,760.0,0.42,1,Atenção,1,Atenção,1,Atenção,False,99.6,Condição de atenção detectada. Recomenda-se acompanhar a evolução dos sensores e verificar tendência dos dados.
2026-06-09T18:01:47.926806,-23.71,-46.41,39.5,18.0,998.0,28.0,0.5,940.0,0.18,3,Crítico,1,Atenção,3,Crítico,True,80.8,"Condição crítica detectada. Recomenda-se acionar plano de resposta, monitorar a região em tempo real e priorizar medidas preventivas."
2026-06-09T18:01:53.221450,-23.71,-46.41,24.0,92.0,985.0,72.0,48.0,180.0,0.58,3,Crítico,1,Atenção,3,Crítico,True,81.6,"Condição crítica detectada. Recomenda-se acionar plano de resposta, monitorar a região em tempo real e priorizar medidas preventivas."
2026-06-09T18:01:58.610940,-23.71,-46.41,25.0,65.0,1013.0,12.0,2.0,550.0,0.65,0,Normal,0,Normal,0,Normal,False,98.36,Condição ambiental dentro do padrão. Manter monitoramento contínuo.
2026-06-09T18:02:03.948286,-23.71,-46.41,32.0,38.0,1008.0,30.0,5.0,760.0,0.42,1,Atenção,1,Atenção,1,Atenção,False,99.6,Condição de atenção detectada. Recomenda-se acompanhar a evolução dos sensores e verificar tendência dos dados.
2026-06-09T18:02:09.311082,-23.71,-46.41,39.5,18.0,998.0,28.0,0.5,940.0,0.18,3,Crítico,1,Atenção,3,Crítico,True,80.8,"Condição crítica detectada. Recomenda-se acionar plano de resposta, monitorar a região em tempo real e priorizar medidas preventivas."
2026-06-09T18:02:14.665658,-23.71,-46.41,24.0,92.0,985.0,72.0,48.0,180.0,0.58,3,Crítico,1,Atenção,3,Crítico,True,81.6,"Condição crítica detectada. Recomenda-se acionar plano de resposta, monitorar a região em tempo real e priorizar medidas preventivas."
2026-06-09T18:02:20.615075,-23.71,-46.41,25.0,65.0,1013.0,12.0,2.0,550.0,0.65,0,Normal,0,Normal,0,Normal,False,98.36,Condição ambiental dentro do padrão. Manter monitoramento contínuo.
2026-06-09T18:02:26.013623,-23.71,-46.41,32.0,38.0,1008.0,30.0,5.0,760.0,0.42,1,Atenção,1,Atenção,1,Atenção,False,99.6,Condição de atenção detectada. Recomenda-se acompanhar a evolução dos sensores e verificar tendência dos dados.
2026-06-09T18:02:31.457400,-23.71,-46.41,39.5,18.0,998.0,28.0,0.5,940.0,0.18,3,Crítico,1,Atenção,3,Crítico,True,80.8,"Condição crítica detectada. Recomenda-se acionar plano de resposta, monitorar a região em tempo real e priorizar medidas preventivas."
2026-06-09T18:02:36.847417,-23.71,-46.41,24.0,92.0,985.0,72.0,48.0,180.0,0.58,3,Crítico,1,Atenção,3,Crítico,True,81.6,"Condição crítica detectada. Recomenda-se acionar plano de resposta, monitorar a região em tempo real e priorizar medidas preventivas."
2026-06-09T18:02:42.174629,-23.71,-46.41,25.0,65.0,1013.0,12.0,2.0,550.0,0.65,0,Normal,0,Normal,0,Normal,False,98.36,Condição ambiental dentro do padrão. Manter monitoramento contínuo.
2026-06-09T18:02:47.664897,-23.71,-46.41,32.0,38.0,1008.0,30.0,5.0,760.0,0.42,1,Atenção,1,Atenção,1,Atenção,False,99.6,Condição de atenção detectada. Recomenda-se acompanhar a evolução dos sensores e verificar tendência dos dados.
2026-06-09T18:02:53.012352,-23.71,-46.41,39.5,18.0,998.0,28.0,0.5,940.0,0.18,3,Crítico,1,Atenção,3,Crítico,True,80.8,"Condição crítica detectada. Recomenda-se acionar plano de resposta, monitorar a região em tempo real e priorizar medidas preventivas."
2026-06-09T18:02:58.362510,-23.71,-46.41,24.0,92.0,985.0,72.0,48.0,180.0,0.58,3,Crítico,1,Atenção,3,Crítico,True,81.6,"Condição crítica detectada. Recomenda-se acionar plano de resposta, monitorar a região em tempo real e priorizar medidas preventivas."
2026-06-09T18:03:03.809943,-23.71,-46.41,25.0,65.0,1013.0,12.0,2.0,550.0,0.65,0,Normal,0,Normal,0,Normal,False,98.36,Condição ambiental dentro do padrão. Manter monitoramento contínuo.
2026-06-09T18:03:09.236839,-23.71,-46.41,32.0,38.0,1008.0,30.0,5.0,760.0,0.42,1,Atenção,1,Atenção,1,Atenção,False,99.6,Condição de atenção detectada. Recomenda-se acompanhar a evolução dos sensores e verificar tendência dos dados.
2026-06-09T18:03:14.627370,-23.71,-46.41,39.5,18.0,998.0,28.0,0.5,940.0,0.18,3,Crítico,1,Atenção,3,Crítico,True,80.8,"Condição crítica detectada. Recomenda-se acionar plano de resposta, monitorar a região em tempo real e priorizar medidas preventivas."
2026-06-09T18:03:20.040375,-23.71,-46.41,24.0,92.0,985.0,72.0,48.0,180.0,0.58,3,Crítico,1,Atenção,3,Crítico,True,81.6,"Condição crítica detectada. Recomenda-se acionar plano de resposta, monitorar a região em tempo real e priorizar medidas preventivas."
2026-06-09T18:03:25.565461,-23.71,-46.41,25.0,65.0,1013.0,12.0,2.0,550.0,0.65,0,Normal,0,Normal,0,Normal,False,98.36,Condição ambiental dentro do padrão. Manter monitoramento contínuo.
2026-06-09T18:03:30.913308,-23.71,-46.41,32.0,38.0,1008.0,30.0,5.0,760.0,0.42,1,Atenção,1,Atenção,1,Atenção,False,99.6,Condição de atenção detectada. Recomenda-se acompanhar a evolução dos sensores e verificar tendência dos dados.
2026-06-09T18:03:36.283665,-23.71,-46.41,39.5,18.0,998.0,28.0,0.5,940.0,0.18,3,Crítico,1,Atenção,3,Crítico,True,80.8,"Condição crítica detectada. Recomenda-se acionar plano de resposta, monitorar a região em tempo real e priorizar medidas preventivas."
2026-06-09T18:03:41.629111,-23.71,-46.41,24.0,92.0,985.0,72.0,48.0,180.0,0.58,3,Crítico,1,Atenção,3,Crítico,True,81.6,"Condição crítica detectada. Recomenda-se acionar plano de resposta, monitorar a região em tempo real e priorizar medidas preventivas."
2026-06-09T18:03:46.972027,-23.71,-46.41,25.0,65.0,1013.0,12.0,2.0,550.0,0.65,0,Normal,0,Normal,0,Normal,False,98.36,Condição ambiental dentro do padrão. Manter monitoramento contínuo.
2026-06-09T18:03:52.306454,-23.71,-46.41,32.0,38.0,1008.0,30.0,5.0,760.0,0.42,1,Atenção,1,Atenção,1,Atenção,False,99.6,Condição de atenção detectada. Recomenda-se acompanhar a evolução dos sensores e verificar tendência dos dados.
2026-06-09T18:03:57.625305,-23.71,-46.41,39.5,18.0,998.0,28.0,0.5,940.0,0.18,3,Crítico,1,Atenção,3,Crítico,True,80.8,"Condição crítica detectada. Recomenda-se acionar plano de resposta, monitorar a região em tempo real e priorizar medidas preventivas."
2026-06-09T18:04:02.942747,-23.71,-46.41,24.0,92.0,985.0,72.0,48.0,180.0,0.58,3,Crítico,1,Atenção,3,Crítico,True,81.6,"Condição crítica detectada. Recomenda-se acionar plano de resposta, monitorar a região em tempo real e priorizar medidas preventivas."
2026-06-09T18:04:08.243224,-23.71,-46.41,25.0,65.0,1013.0,12.0,2.0,550.0,0.65,0,Normal,0,Normal,0,Normal,False,98.36,Condição ambiental dentro do padrão. Manter monitoramento contínuo.
2026-06-09T18:04:13.566368,-23.71,-46.41,32.0,38.0,1008.0,30.0,5.0,760.0,0.42,1,Atenção,1,Atenção,1,Atenção,False,99.6,Condição de atenção detectada. Recomenda-se acompanhar a evolução dos sensores e verificar tendência dos dados.
2026-06-09T18:04:18.882421,-23.71,-46.41,39.5,18.0,998.0,28.0,0.5,940.0,0.18,3,Crítico,1,Atenção,3,Crítico,True,80.8,"Condição crítica detectada. Recomenda-se acionar plano de resposta, monitorar a região em tempo real e priorizar medidas preventivas."
2026-06-09T18:04:24.263748,-23.71,-46.41,24.0,92.0,985.0,72.0,48.0,180.0,0.58,3,Crítico,1,Atenção,3,Crítico,True,81.6,"Condição crítica detectada. Recomenda-se acionar plano de resposta, monitorar a região em tempo real e priorizar medidas preventivas."
2026-06-09T18:04:29.645296,-23.71,-46.41,25.0,65.0,1013.0,12.0,2.0,550.0,0.65,0,Normal,0,Normal,0,Normal,False,98.36,Condição ambiental dentro do padrão. Manter monitoramento contínuo.
2026-06-09T18:04:35.023544,-23.71,-46.41,32.0,38.0,1008.0,30.0,5.0,760.0,0.42,1,Atenção,1,Atenção,1,Atenção,False,99.6,Condição de atenção detectada. Recomenda-se acompanhar a evolução dos sensores e verificar tendência dos dados.
2026-06-09T18:04:40.328596,-23.71,-46.41,39.5,18.0,998.0,28.0,0.5,940.0,0.18,3,Crítico,1,Atenção,3,Crítico,True,80.8,"Condição crítica detectada. Recomenda-se acionar plano de resposta, monitorar a região em tempo real e priorizar medidas preventivas."
2026-06-09T18:04:45.785758,-23.71,-46.41,24.0,92.0,985.0,72.0,48.0,180.0,0.58,3,Crítico,1,Atenção,3,Crítico,True,81.6,"Condição crítica detectada. Recomenda-se acionar plano de resposta, monitorar a região em tempo real e priorizar medidas preventivas."
2026-06-09T18:04:51.144530,-23.71,-46.41,25.0,65.0,1013.0,12.0,2.0,550.0,0.65,0,Normal,0,Normal,0,Normal,False,98.36,Condição ambiental dentro do padrão. Manter monitoramento contínuo.
2026-06-09T18:04:56.452852,-23.71,-46.41,32.0,38.0,1008.0,30.0,5.0,760.0,0.42,1,Atenção,1,Atenção,1,Atenção,False,99.6,Condição de atenção detectada. Recomenda-se acompanhar a evolução dos sensores e verificar tendência dos dados.
2026-06-09T18:05:01.814133,-23.71,-46.41,39.5,18.0,998.0,28.0,0.5,940.0,0.18,3,Crítico,1,Atenção,3,Crítico,True,80.8,"Condição crítica detectada. Recomenda-se acionar plano de resposta, monitorar a região em tempo real e priorizar medidas preventivas."
2026-06-09T18:05:07.244974,-23.71,-46.41,24.0,92.0,985.0,72.0,48.0,180.0,0.58,3,Crítico,1,Atenção,3,Crítico,True,81.6,"Condição crítica detectada. Recomenda-se acionar plano de resposta, monitorar a região em tempo real e priorizar medidas preventivas."
2026-06-09T18:05:12.595634,-23.71,-46.41,25.0,65.0,1013.0,12.0,2.0,550.0,0.65,0,Normal,0,Normal,0,Normal,False,98.36,Condição ambiental dentro do padrão. Manter monitoramento contínuo.
2026-06-09T18:05:17.950623,-23.71,-46.41,32.0,38.0,1008.0,30.0,5.0,760.0,0.42,1,Atenção,1,Atenção,1,Atenção,False,99.6,Condição de atenção detectada. Recomenda-se acompanhar a evolução dos sensores e verificar tendência dos dados.
2026-06-09T18:05:23.267834,-23.71,-46.41,39.5,18.0,998.0,28.0,0.5,940.0,0.18,3,Crítico,1,Atenção,3,Crítico,True,80.8,"Condição crítica detectada. Recomenda-se acionar plano de resposta, monitorar a região em tempo real e priorizar medidas preventivas."
2026-06-09T18:05:28.635821,-23.71,-46.41,24.0,92.0,985.0,72.0,48.0,180.0,0.58,3,Crítico,1,Atenção,3,Crítico,True,81.6,"Condição crítica detectada. Recomenda-se acionar plano de resposta, monitorar a região em tempo real e priorizar medidas preventivas."
2026-06-09T18:05:33.913414,-23.71,-46.41,25.0,65.0,1013.0,12.0,2.0,550.0,0.65,0,Normal,0,Normal,0,Normal,False,98.36,Condição ambiental dentro do padrão. Manter monitoramento contínuo.
2026-06-09T18:05:39.296486,-23.71,-46.41,32.0,38.0,1008.0,30.0,5.0,760.0,0.42,1,Atenção,1,Atenção,1,Atenção,False,99.6,Condição de atenção detectada. Recomenda-se acompanhar a evolução dos sensores e verificar tendência dos dados.
2026-06-09T18:05:44.636927,-23.71,-46.41,39.5,18.0,998.0,28.0,0.5,940.0,0.18,3,Crítico,1,Atenção,3,Crítico,True,80.8,"Condição crítica detectada. Recomenda-se acionar plano de resposta, monitorar a região em tempo real e priorizar medidas preventivas."
2026-06-09T18:05:50.023021,-23.71,-46.41,24.0,92.0,985.0,72.0,48.0,180.0,0.58,3,Crítico,1,Atenção,3,Crítico,True,81.6,"Condição crítica detectada. Recomenda-se acionar plano de resposta, monitorar a região em tempo real e priorizar medidas preventivas."
2026-06-09T18:05:55.410021,-23.71,-46.41,25.0,65.0,1013.0,12.0,2.0,550.0,0.65,0,Normal,0,Normal,0,Normal,False,98.36,Condição ambiental dentro do padrão. Manter monitoramento contínuo.
2026-06-09T18:06:00.800095,-23.71,-46.41,32.0,38.0,1008.0,30.0,5.0,760.0,0.42,1,Atenção,1,Atenção,1,Atenção,False,99.6,Condição de atenção detectada. Recomenda-se acompanhar a evolução dos sensores e verificar tendência dos dados.
2026-06-09T18:06:06.108761,-23.71,-46.41,39.5,18.0,998.0,28.0,0.5,940.0,0.18,3,Crítico,1,Atenção,3,Crítico,True,80.8,"Condição crítica detectada. Recomenda-se acionar plano de resposta, monitorar a região em tempo real e priorizar medidas preventivas."
2026-06-09T18:06:11.400008,-23.71,-46.41,24.0,92.0,985.0,72.0,48.0,180.0,0.58,3,Crítico,1,Atenção,3,Crítico,True,81.6,"Condição crítica detectada. Recomenda-se acionar plano de resposta, monitorar a região em tempo real e priorizar medidas preventivas."
2026-06-09T18:06:16.779194,-23.71,-46.41,25.0,65.0,1013.0,12.0,2.0,550.0,0.65,0,Normal,0,Normal,0,Normal,False,98.36,Condição ambiental dentro do padrão. Manter monitoramento contínuo.
2026-06-09T18:06:22.142060,-23.71,-46.41,32.0,38.0,1008.0,30.0,5.0,760.0,0.42,1,Atenção,1,Atenção,1,Atenção,False,99.6,Condição de atenção detectada. Recomenda-se acompanhar a evolução dos sensores e verificar tendência dos dados.
2026-06-09T18:06:27.475122,-23.71,-46.41,39.5,18.0,998.0,28.0,0.5,940.0,0.18,3,Crítico,1,Atenção,3,Crítico,True,80.8,"Condição crítica detectada. Recomenda-se acionar plano de resposta, monitorar a região em tempo real e priorizar medidas preventivas."
2026-06-09T18:06:32.844180,-23.71,-46.41,24.0,92.0,985.0,72.0,48.0,180.0,0.58,3,Crítico,1,Atenção,3,Crítico,True,81.6,"Condição crítica detectada. Recomenda-se acionar plano de resposta, monitorar a região em tempo real e priorizar medidas preventivas."
2026-06-09T18:06:38.095444,-23.71,-46.41,25.0,65.0,1013.0,12.0,2.0,550.0,0.65,0,Normal,0,Normal,0,Normal,False,98.36,Condição ambiental dentro do padrão. Manter monitoramento contínuo.
2026-06-09T18:06:43.449211,-23.71,-46.41,32.0,38.0,1008.0,30.0,5.0,760.0,0.42,1,Atenção,1,Atenção,1,Atenção,False,99.6,Condição de atenção detectada. Recomenda-se acompanhar a evolução dos sensores e verificar tendência dos dados.
2026-06-09T18:06:48.906594,-23.71,-46.41,39.5,18.0,998.0,28.0,0.5,940.0,0.18,3,Crítico,1,Atenção,3,Crítico,True,80.8,"Condição crítica detectada. Recomenda-se acionar plano de resposta, monitorar a região em tempo real e priorizar medidas preventivas."
2026-06-09T18:06:54.284027,-23.71,-46.41,24.0,92.0,985.0,72.0,48.0,180.0,0.58,3,Crítico,1,Atenção,3,Crítico,True,81.6,"Condição crítica detectada. Recomenda-se acionar plano de resposta, monitorar a região em tempo real e priorizar medidas preventivas."
2026-06-09T18:06:59.676337,-23.71,-46.41,25.0,65.0,1013.0,12.0,2.0,550.0,0.65,0,Normal,0,Normal,0,Normal,False,98.36,Condição ambiental dentro do padrão. Manter monitoramento contínuo.
2026-06-09T18:07:04.994383,-23.71,-46.41,32.0,38.0,1008.0,30.0,5.0,760.0,0.42,1,Atenção,1,Atenção,1,Atenção,False,99.6,Condição de atenção detectada. Recomenda-se acompanhar a evolução dos sensores e verificar tendência dos dados.
2026-06-09T18:07:10.287871,-23.71,-46.41,39.5,18.0,998.0,28.0,0.5,940.0,0.18,3,Crítico,1,Atenção,3,Crítico,True,80.8,"Condição crítica detectada. Recomenda-se acionar plano de resposta, monitorar a região em tempo real e priorizar medidas preventivas."
2026-06-09T18:07:15.606780,-23.71,-46.41,24.0,92.0,985.0,72.0,48.0,180.0,0.58,3,Crítico,1,Atenção,3,Crítico,True,81.6,"Condição crítica detectada. Recomenda-se acionar plano de resposta, monitorar a região em tempo real e priorizar medidas preventivas."
2026-06-09T18:07:20.904619,-23.71,-46.41,25.0,65.0,1013.0,12.0,2.0,550.0,0.65,0,Normal,0,Normal,0,Normal,False,98.36,Condição ambiental dentro do padrão. Manter monitoramento contínuo.
2026-06-09T18:07:26.218921,-23.71,-46.41,32.0,38.0,1008.0,30.0,5.0,760.0,0.42,1,Atenção,1,Atenção,1,Atenção,False,99.6,Condição de atenção detectada. Recomenda-se acompanhar a evolução dos sensores e verificar tendência dos dados.
2026-06-09T18:07:31.509342,-23.71,-46.41,39.5,18.0,998.0,28.0,0.5,940.0,0.18,3,Crítico,1,Atenção,3,Crítico,True,80.8,"Condição crítica detectada. Recomenda-se acionar plano de resposta, monitorar a região em tempo real e priorizar medidas preventivas."
2026-06-09T18:07:36.802900,-23.71,-46.41,24.0,92.0,985.0,72.0,48.0,180.0,0.58,3,Crítico,1,Atenção,3,Crítico,True,81.6,"Condição crítica detectada. Recomenda-se acionar plano de resposta, monitorar a região em tempo real e priorizar medidas preventivas."
2026-06-09T18:07:42.209991,-23.71,-46.41,25.0,65.0,1013.0,12.0,2.0,550.0,0.65,0,Normal,0,Normal,0,Normal,False,98.36,Condição ambiental dentro do padrão. Manter monitoramento contínuo.
2026-06-09T18:07:47.525820,-23.71,-46.41,32.0,38.0,1008.0,30.0,5.0,760.0,0.42,1,Atenção,1,Atenção,1,Atenção,False,99.6,Condição de atenção detectada. Recomenda-se acompanhar a evolução dos sensores e verificar tendência dos dados.
2026-06-09T18:07:52.906604,-23.71,-46.41,39.5,18.0,998.0,28.0,0.5,940.0,0.18,3,Crítico,1,Atenção,3,Crítico,True,80.8,"Condição crítica detectada. Recomenda-se acionar plano de resposta, monitorar a região em tempo real e priorizar medidas preventivas."
2026-06-09T18:07:58.213625,-23.71,-46.41,24.0,92.0,985.0,72.0,48.0,180.0,0.58,3,Crítico,1,Atenção,3,Crítico,True,81.6,"Condição crítica detectada. Recomenda-se acionar plano de resposta, monitorar a região em tempo real e priorizar medidas preventivas."
2026-06-09T18:08:03.571859,-23.71,-46.41,25.0,65.0,1013.0,12.0,2.0,550.0,0.65,0,Normal,0,Normal,0,Normal,False,98.36,Condição ambiental dentro do padrão. Manter monitoramento contínuo.
2026-06-09T18:08:08.967347,-23.71,-46.41,32.0,38.0,1008.0,30.0,5.0,760.0,0.42,1,Atenção,1,Atenção,1,Atenção,False,99.6,Condição de atenção detectada. Recomenda-se acompanhar a evolução dos sensores e verificar tendência dos dados.
2026-06-09T18:08:14.303622,-23.71,-46.41,39.5,18.0,998.0,28.0,0.5,940.0,0.18,3,Crítico,1,Atenção,3,Crítico,True,80.8,"Condição crítica detectada. Recomenda-se acionar plano de resposta, monitorar a região em tempo real e priorizar medidas preventivas."
2026-06-09T18:08:19.647868,-23.71,-46.41,24.0,92.0,985.0,72.0,48.0,180.0,0.58,3,Crítico,1,Atenção,3,Crítico,True,81.6,"Condição crítica detectada. Recomenda-se acionar plano de resposta, monitorar a região em tempo real e priorizar medidas preventivas."
2026-06-09T18:08:24.992561,-23.71,-46.41,25.0,65.0,1013.0,12.0,2.0,550.0,0.65,0,Normal,0,Normal,0,Normal,False,98.36,Condição ambiental dentro do padrão. Manter monitoramento contínuo.
2026-06-09T18:08:30.365636,-23.71,-46.41,32.0,38.0,1008.0,30.0,5.0,760.0,0.42,1,Atenção,1,Atenção,1,Atenção,False,99.6,Condição de atenção detectada. Recomenda-se acompanhar a evolução dos sensores e verificar tendência dos dados.
2026-06-09T18:08:35.713607,-23.71,-46.41,39.5,18.0,998.0,28.0,0.5,940.0,0.18,3,Crítico,1,Atenção,3,Crítico,True,80.8,"Condição crítica detectada. Recomenda-se acionar plano de resposta, monitorar a região em tempo real e priorizar medidas preventivas."
2026-06-09T18:08:41.050781,-23.71,-46.41,24.0,92.0,985.0,72.0,48.0,180.0,0.58,3,Crítico,1,Atenção,3,Crítico,True,81.6,"Condição crítica detectada. Recomenda-se acionar plano de resposta, monitorar a região em tempo real e priorizar medidas preventivas."
2026-06-09T18:08:46.392892,-23.71,-46.41,25.0,65.0,1013.0,12.0,2.0,550.0,0.65,0,Normal,0,Normal,0,Normal,False,98.36,Condição ambiental dentro do padrão. Manter monitoramento contínuo.
2026-06-09T18:08:51.762671,-23.71,-46.41,32.0,38.0,1008.0,30.0,5.0,760.0,0.42,1,Atenção,1,Atenção,1,Atenção,False,99.6,Condição de atenção detectada. Recomenda-se acompanhar a evolução dos sensores e verificar tendência dos dados.
2026-06-09T18:08:57.145490,-23.71,-46.41,39.5,18.0,998.0,28.0,0.5,940.0,0.18,3,Crítico,1,Atenção,3,Crítico,True,80.8,"Condição crítica detectada. Recomenda-se acionar plano de resposta, monitorar a região em tempo real e priorizar medidas preventivas."
2026-06-09T18:09:02.517755,-23.71,-46.41,24.0,92.0,985.0,72.0,48.0,180.0,0.58,3,Crítico,1,Atenção,3,Crítico,True,81.6,"Condição crítica detectada. Recomenda-se acionar plano de resposta, monitorar a região em tempo real e priorizar medidas preventivas."
2026-06-09T18:09:07.895224,-23.71,-46.41,25.0,65.0,1013.0,12.0,2.0,550.0,0.65,0,Normal,0,Normal,0,Normal,False,98.36,Condição ambiental dentro do padrão. Manter monitoramento contínuo.
2026-06-09T18:09:13.282039,-23.71,-46.41,32.0,38.0,1008.0,30.0,5.0,760.0,0.42,1,Atenção,1,Atenção,1,Atenção,False,99.6,Condição de atenção detectada. Recomenda-se acompanhar a evolução dos sensores e verificar tendência dos dados.
2026-06-09T18:09:18.614744,-23.71,-46.41,39.5,18.0,998.0,28.0,0.5,940.0,0.18,3,Crítico,1,Atenção,3,Crítico,True,80.8,"Condição crítica detectada. Recomenda-se acionar plano de resposta, monitorar a região em tempo real e priorizar medidas preventivas."
2026-06-09T18:09:23.973324,-23.71,-46.41,24.0,92.0,985.0,72.0,48.0,180.0,0.58,3,Crítico,1,Atenção,3,Crítico,True,81.6,"Condição crítica detectada. Recomenda-se acionar plano de resposta, monitorar a região em tempo real e priorizar medidas preventivas."
2026-06-09T18:09:29.289113,-23.71,-46.41,25.0,65.0,1013.0,12.0,2.0,550.0,0.65,0,Normal,0,Normal,0,Normal,False,98.36,Condição ambiental dentro do padrão. Manter monitoramento contínuo.
2026-06-09T18:09:34.669352,-23.71,-46.41,32.0,38.0,1008.0,30.0,5.0,760.0,0.42,1,Atenção,1,Atenção,1,Atenção,False,99.6,Condição de atenção detectada. Recomenda-se acompanhar a evolução dos sensores e verificar tendência dos dados.
2026-06-09T18:09:39.947710,-23.71,-46.41,39.5,18.0,998.0,28.0,0.5,940.0,0.18,3,Crítico,1,Atenção,3,Crítico,True,80.8,"Condição crítica detectada. Recomenda-se acionar plano de resposta, monitorar a região em tempo real e priorizar medidas preventivas."
2026-06-09T18:09:45.331230,-23.71,-46.41,24.0,92.0,985.0,72.0,48.0,180.0,0.58,3,Crítico,1,Atenção,3,Crítico,True,81.6,"Condição crítica detectada. Recomenda-se acionar plano de resposta, monitorar a região em tempo real e priorizar medidas preventivas."
2026-06-09T18:09:50.685226,-23.71,-46.41,25.0,65.0,1013.0,12.0,2.0,550.0,0.65,0,Normal,0,Normal,0,Normal,False,98.36,Condição ambiental dentro do padrão. Manter monitoramento contínuo.
2026-06-09T18:09:56.065470,-23.71,-46.41,32.0,38.0,1008.0,30.0,5.0,760.0,0.42,1,Atenção,1,Atenção,1,Atenção,False,99.6,Condição de atenção detectada. Recomenda-se acompanhar a evolução dos sensores e verificar tendência dos dados.
2026-06-09T18:10:01.342667,-23.71,-46.41,39.5,18.0,998.0,28.0,0.5,940.0,0.18,3,Crítico,1,Atenção,3,Crítico,True,80.8,"Condição crítica detectada. Recomenda-se acionar plano de resposta, monitorar a região em tempo real e priorizar medidas preventivas."
2026-06-09T18:10:06.709006,-23.71,-46.41,24.0,92.0,985.0,72.0,48.0,180.0,0.58,3,Crítico,1,Atenção,3,Crítico,True,81.6,"Condição crítica detectada. Recomenda-se acionar plano de resposta, monitorar a região em tempo real e priorizar medidas preventivas."
2026-06-09T18:10:12.159621,-23.71,-46.41,25.0,65.0,1013.0,12.0,2.0,550.0,0.65,0,Normal,0,Normal,0,Normal,False,98.36,Condição ambiental dentro do padrão. Manter monitoramento contínuo.
2026-06-09T18:10:17.526696,-23.71,-46.41,32.0,38.0,1008.0,30.0,5.0,760.0,0.42,1,Atenção,1,Atenção,1,Atenção,False,99.6,Condição de atenção detectada. Recomenda-se acompanhar a evolução dos sensores e verificar tendência dos dados.
2026-06-09T18:10:22.813715,-23.71,-46.41,39.5,18.0,998.0,28.0,0.5,940.0,0.18,3,Crítico,1,Atenção,3,Crítico,True,80.8,"Condição crítica detectada. Recomenda-se acionar plano de resposta, monitorar a região em tempo real e priorizar medidas preventivas."
2026-06-09T18:10:28.135086,-23.71,-46.41,24.0,92.0,985.0,72.0,48.0,180.0,0.58,3,Crítico,1,Atenção,3,Crítico,True,81.6,"Condição crítica detectada. Recomenda-se acionar plano de resposta, monitorar a região em tempo real e priorizar medidas preventivas."
2026-06-09T18:10:33.479483,-23.71,-46.41,25.0,65.0,1013.0,12.0,2.0,550.0,0.65,0,Normal,0,Normal,0,Normal,False,98.36,Condição ambiental dentro do padrão. Manter monitoramento contínuo.
2026-06-09T18:10:38.755617,-23.71,-46.41,32.0,38.0,1008.0,30.0,5.0,760.0,0.42,1,Atenção,1,Atenção,1,Atenção,False,99.6,Condição de atenção detectada. Recomenda-se acompanhar a evolução dos sensores e verificar tendência dos dados.
2026-06-09T18:10:44.068213,-23.71,-46.41,39.5,18.0,998.0,28.0,0.5,940.0,0.18,3,Crítico,1,Atenção,3,Crítico,True,80.8,"Condição crítica detectada. Recomenda-se acionar plano de resposta, monitorar a região em tempo real e priorizar medidas preventivas."
2026-06-09T18:10:49.358916,-23.71,-46.41,24.0,92.0,985.0,72.0,48.0,180.0,0.58,3,Crítico,1,Atenção,3,Crítico,True,81.6,"Condição crítica detectada. Recomenda-se acionar plano de resposta, monitorar a região em tempo real e priorizar medidas preventivas."
2026-06-09T18:10:54.679512,-23.71,-46.41,25.0,65.0,1013.0,12.0,2.0,550.0,0.65,0,Normal,0,Normal,0,Normal,False,98.36,Condição ambiental dentro do padrão. Manter monitoramento contínuo.
2026-06-09T18:10:59.961852,-23.71,-46.41,32.0,38.0,1008.0,30.0,5.0,760.0,0.42,1,Atenção,1,Atenção,1,Atenção,False,99.6,Condição de atenção detectada. Recomenda-se acompanhar a evolução dos sensores e verificar tendência dos dados.
2026-06-09T18:11:05.349980,-23.71,-46.41,39.5,18.0,998.0,28.0,0.5,940.0,0.18,3,Crítico,1,Atenção,3,Crítico,True,80.8,"Condição crítica detectada. Recomenda-se acionar plano de resposta, monitorar a região em tempo real e priorizar medidas preventivas."
2026-06-09T18:11:10.627868,-23.71,-46.41,24.0,92.0,985.0,72.0,48.0,180.0,0.58,3,Crítico,1,Atenção,3,Crítico,True,81.6,"Condição crítica detectada. Recomenda-se acionar plano de resposta, monitorar a região em tempo real e priorizar medidas preventivas."
2026-06-09T18:11:15.960072,-23.71,-46.41,25.0,65.0,1013.0,12.0,2.0,550.0,0.65,0,Normal,0,Normal,0,Normal,False,98.36,Condição ambiental dentro do padrão. Manter monitoramento contínuo.
2026-06-09T18:11:21.245189,-23.71,-46.41,32.0,38.0,1008.0,30.0,5.0,760.0,0.42,1,Atenção,1,Atenção,1,Atenção,False,99.6,Condição de atenção detectada. Recomenda-se acompanhar a evolução dos sensores e verificar tendência dos dados.
2026-06-09T18:11:26.586324,-23.71,-46.41,39.5,18.0,998.0,28.0,0.5,940.0,0.18,3,Crítico,1,Atenção,3,Crítico,True,80.8,"Condição crítica detectada. Recomenda-se acionar plano de resposta, monitorar a região em tempo real e priorizar medidas preventivas."
2026-06-09T18:11:31.981553,-23.71,-46.41,24.0,92.0,985.0,72.0,48.0,180.0,0.58,3,Crítico,1,Atenção,3,Crítico,True,81.6,"Condição crítica detectada. Recomenda-se acionar plano de resposta, monitorar a região em tempo real e priorizar medidas preventivas."
2026-06-09T18:11:37.362566,-23.71,-46.41,25.0,65.0,1013.0,12.0,2.0,550.0,0.65,0,Normal,0,Normal,0,Normal,False,98.36,Condição ambiental dentro do padrão. Manter monitoramento contínuo.
2026-06-09T18:11:42.717178,-23.71,-46.41,32.0,38.0,1008.0,30.0,5.0,760.0,0.42,1,Atenção,1,Atenção,1,Atenção,False,99.6,Condição de atenção detectada. Recomenda-se acompanhar a evolução dos sensores e verificar tendência dos dados.
2026-06-09T18:11:48.087179,-23.71,-46.41,39.5,18.0,998.0,28.0,0.5,940.0,0.18,3,Crítico,1,Atenção,3,Crítico,True,80.8,"Condição crítica detectada. Recomenda-se acionar plano de resposta, monitorar a região em tempo real e priorizar medidas preventivas."
2026-06-09T18:11:53.549797,-23.71,-46.41,24.0,92.0,985.0,72.0,48.0,180.0,0.58,3,Crítico,1,Atenção,3,Crítico,True,81.6,"Condição crítica detectada. Recomenda-se acionar plano de resposta, monitorar a região em tempo real e priorizar medidas preventivas."
2026-06-09T18:11:58.886043,-23.71,-46.41,25.0,65.0,1013.0,12.0,2.0,550.0,0.65,0,Normal,0,Normal,0,Normal,False,98.36,Condição ambiental dentro do padrão. Manter monitoramento contínuo.
2026-06-09T18:12:04.209094,-23.71,-46.41,32.0,38.0,1008.0,30.0,5.0,760.0,0.42,1,Atenção,1,Atenção,1,Atenção,False,99.6,Condição de atenção detectada. Recomenda-se acompanhar a evolução dos sensores e verificar tendência dos dados.
2026-06-09T18:12:09.520263,-23.71,-46.41,39.5,18.0,998.0,28.0,0.5,940.0,0.18,3,Crítico,1,Atenção,3,Crítico,True,80.8,"Condição crítica detectada. Recomenda-se acionar plano de resposta, monitorar a região em tempo real e priorizar medidas preventivas."
2026-06-09T18:12:14.868340,-23.71,-46.41,24.0,92.0,985.0,72.0,48.0,180.0,0.58,3,Crítico,1,Atenção,3,Crítico,True,81.6,"Condição crítica detectada. Recomenda-se acionar plano de resposta, monitorar a região em tempo real e priorizar medidas preventivas."
2026-06-09T18:12:20.187456,-23.71,-46.41,25.0,65.0,1013.0,12.0,2.0,550.0,0.65,0,Normal,0,Normal,0,Normal,False,98.36,Condição ambiental dentro do padrão. Manter monitoramento contínuo.
2026-06-09T18:12:25.565192,-23.71,-46.41,32.0,38.0,1008.0,30.0,5.0,760.0,0.42,1,Atenção,1,Atenção,1,Atenção,False,99.6,Condição de atenção detectada. Recomenda-se acompanhar a evolução dos sensores e verificar tendência dos dados.
2026-06-09T18:12:30.930472,-23.71,-46.41,39.5,18.0,998.0,28.0,0.5,940.0,0.18,3,Crítico,1,Atenção,3,Crítico,True,80.8,"Condição crítica detectada. Recomenda-se acionar plano de resposta, monitorar a região em tempo real e priorizar medidas preventivas."
2026-06-09T18:12:36.286833,-23.71,-46.41,24.0,92.0,985.0,72.0,48.0,180.0,0.58,3,Crítico,1,Atenção,3,Crítico,True,81.6,"Condição crítica detectada. Recomenda-se acionar plano de resposta, monitorar a região em tempo real e priorizar medidas preventivas."
2026-06-09T18:12:41.644865,-23.71,-46.41,25.0,65.0,1013.0,12.0,2.0,550.0,0.65,0,Normal,0,Normal,0,Normal,False,98.36,Condição ambiental dentro do padrão. Manter monitoramento contínuo.
2026-06-09T18:12:46.931827,-23.71,-46.41,32.0,38.0,1008.0,30.0,5.0,760.0,0.42,1,Atenção,1,Atenção,1,Atenção,False,99.6,Condição de atenção detectada. Recomenda-se acompanhar a evolução dos sensores e verificar tendência dos dados.
2026-06-09T18:12:52.322910,-23.71,-46.41,39.5,18.0,998.0,28.0,0.5,940.0,0.18,3,Crítico,1,Atenção,3,Crítico,True,80.8,"Condição crítica detectada. Recomenda-se acionar plano de resposta, monitorar a região em tempo real e priorizar medidas preventivas."
2026-06-09T18:12:57.688745,-23.71,-46.41,24.0,92.0,985.0,72.0,48.0,180.0,0.58,3,Crítico,1,Atenção,3,Crítico,True,81.6,"Condição crítica detectada. Recomenda-se acionar plano de resposta, monitorar a região em tempo real e priorizar medidas preventivas."
2026-06-09T18:13:03.021042,-23.71,-46.41,25.0,65.0,1013.0,12.0,2.0,550.0,0.65,0,Normal,0,Normal,0,Normal,False,98.36,Condição ambiental dentro do padrão. Manter monitoramento contínuo.
2026-06-09T18:13:08.409369,-23.71,-46.41,32.0,38.0,1008.0,30.0,5.0,760.0,0.42,1,Atenção,1,Atenção,1,Atenção,False,99.6,Condição de atenção detectada. Recomenda-se acompanhar a evolução dos sensores e verificar tendência dos dados.
2026-06-09T18:13:13.795141,-23.71,-46.41,39.5,18.0,998.0,28.0,0.5,940.0,0.18,3,Crítico,1,Atenção,3,Crítico,True,80.8,"Condição crítica detectada. Recomenda-se acionar plano de resposta, monitorar a região em tempo real e priorizar medidas preventivas."
2026-06-09T18:13:19.136356,-23.71,-46.41,24.0,92.0,985.0,72.0,48.0,180.0,0.58,3,Crítico,1,Atenção,3,Crítico,True,81.6,"Condição crítica detectada. Recomenda-se acionar plano de resposta, monitorar a região em tempo real e priorizar medidas preventivas."
2026-06-09T18:13:24.511555,-23.71,-46.41,25.0,65.0,1013.0,12.0,2.0,550.0,0.65,0,Normal,0,Normal,0,Normal,False,98.36,Condição ambiental dentro do padrão. Manter monitoramento contínuo.
2026-06-09T18:13:29.894177,-23.71,-46.41,32.0,38.0,1008.0,30.0,5.0,760.0,0.42,1,Atenção,1,Atenção,1,Atenção,False,99.6,Condição de atenção detectada. Recomenda-se acompanhar a evolução dos sensores e verificar tendência dos dados.
2026-06-09T18:13:35.352011,-23.71,-46.41,39.5,18.0,998.0,28.0,0.5,940.0,0.18,3,Crítico,1,Atenção,3,Crítico,True,80.8,"Condição crítica detectada. Recomenda-se acionar plano de resposta, monitorar a região em tempo real e priorizar medidas preventivas."
2026-06-09T18:13:40.666964,-23.71,-46.41,24.0,92.0,985.0,72.0,48.0,180.0,0.58,3,Crítico,1,Atenção,3,Crítico,True,81.6,"Condição crítica detectada. Recomenda-se acionar plano de resposta, monitorar a região em tempo real e priorizar medidas preventivas."
2026-06-09T18:13:46.035461,-23.71,-46.41,25.0,65.0,1013.0,12.0,2.0,550.0,0.65,0,Normal,0,Normal,0,Normal,False,98.36,Condição ambiental dentro do padrão. Manter monitoramento contínuo.
2026-06-09T18:13:51.366260,-23.71,-46.41,32.0,38.0,1008.0,30.0,5.0,760.0,0.42,1,Atenção,1,Atenção,1,Atenção,False,99.6,Condição de atenção detectada. Recomenda-se acompanhar a evolução dos sensores e verificar tendência dos dados.
2026-06-09T18:13:56.627830,-23.71,-46.41,39.5,18.0,998.0,28.0,0.5,940.0,0.18,3,Crítico,1,Atenção,3,Crítico,True,80.8,"Condição crítica detectada. Recomenda-se acionar plano de resposta, monitorar a região em tempo real e priorizar medidas preventivas."
2026-06-09T18:14:02.008746,-23.71,-46.41,24.0,92.0,985.0,72.0,48.0,180.0,0.58,3,Crítico,1,Atenção,3,Crítico,True,81.6,"Condição crítica detectada. Recomenda-se acionar plano de resposta, monitorar a região em tempo real e priorizar medidas preventivas."
2026-06-09T18:14:07.327434,-23.71,-46.41,25.0,65.0,1013.0,12.0,2.0,550.0,0.65,0,Normal,0,Normal,0,Normal,False,98.36,Condição ambiental dentro do padrão. Manter monitoramento contínuo.
2026-06-09T18:14:12.623703,-23.71,-46.41,32.0,38.0,1008.0,30.0,5.0,760.0,0.42,1,Atenção,1,Atenção,1,Atenção,False,99.6,Condição de atenção detectada. Recomenda-se acompanhar a evolução dos sensores e verificar tendência dos dados.
2026-06-09T18:14:17.917862,-23.71,-46.41,39.5,18.0,998.0,28.0,0.5,940.0,0.18,3,Crítico,1,Atenção,3,Crítico,True,80.8,"Condição crítica detectada. Recomenda-se acionar plano de resposta, monitorar a região em tempo real e priorizar medidas preventivas."
2026-06-09T18:14:23.235204,-23.71,-46.41,24.0,92.0,985.0,72.0,48.0,180.0,0.58,3,Crítico,1,Atenção,3,Crítico,True,81.6,"Condição crítica detectada. Recomenda-se acionar plano de resposta, monitorar a região em tempo real e priorizar medidas preventivas."
2026-06-09T18:14:28.610506,-23.71,-46.41,25.0,65.0,1013.0,12.0,2.0,550.0,0.65,0,Normal,0,Normal,0,Normal,False,98.36,Condição ambiental dentro do padrão. Manter monitoramento contínuo.
2026-06-09T18:14:33.967734,-23.71,-46.41,32.0,38.0,1008.0,30.0,5.0,760.0,0.42,1,Atenção,1,Atenção,1,Atenção,False,99.6,Condição de atenção detectada. Recomenda-se acompanhar a evolução dos sensores e verificar tendência dos dados.
2026-06-09T18:14:39.327156,-23.71,-46.41,39.5,18.0,998.0,28.0,0.5,940.0,0.18,3,Crítico,1,Atenção,3,Crítico,True,80.8,"Condição crítica detectada. Recomenda-se acionar plano de resposta, monitorar a região em tempo real e priorizar medidas preventivas."
2026-06-09T18:14:44.692562,-23.71,-46.41,24.0,92.0,985.0,72.0,48.0,180.0,0.58,3,Crítico,1,Atenção,3,Crítico,True,81.6,"Condição crítica detectada. Recomenda-se acionar plano de resposta, monitorar a região em tempo real e priorizar medidas preventivas."
2026-06-09T18:14:50.045931,-23.71,-46.41,25.0,65.0,1013.0,12.0,2.0,550.0,0.65,0,Normal,0,Normal,0,Normal,False,98.36,Condição ambiental dentro do padrão. Manter monitoramento contínuo.
2026-06-09T18:14:55.391242,-23.71,-46.41,32.0,38.0,1008.0,30.0,5.0,760.0,0.42,1,Atenção,1,Atenção,1,Atenção,False,99.6,Condição de atenção detectada. Recomenda-se acompanhar a evolução dos sensores e verificar tendência dos dados.
2026-06-09T18:15:00.748646,-23.71,-46.41,39.5,18.0,998.0,28.0,0.5,940.0,0.18,3,Crítico,1,Atenção,3,Crítico,True,80.8,"Condição crítica detectada. Recomenda-se acionar plano de resposta, monitorar a região em tempo real e priorizar medidas preventivas."
2026-06-09T18:15:06.130078,-23.71,-46.41,24.0,92.0,985.0,72.0,48.0,180.0,0.58,3,Crítico,1,Atenção,3,Crítico,True,81.6,"Condição crítica detectada. Recomenda-se acionar plano de resposta, monitorar a região em tempo real e priorizar medidas preventivas."
2026-06-09T18:15:11.359344,-23.71,-46.41,25.0,65.0,1013.0,12.0,2.0,550.0,0.65,0,Normal,0,Normal,0,Normal,False,98.36,Condição ambiental dentro do padrão. Manter monitoramento contínuo.
2026-06-09T18:15:16.786586,-23.71,-46.41,32.0,38.0,1008.0,30.0,5.0,760.0,0.42,1,Atenção,1,Atenção,1,Atenção,False,99.6,Condição de atenção detectada. Recomenda-se acompanhar a evolução dos sensores e verificar tendência dos dados.
2026-06-09T18:15:22.028080,-23.71,-46.41,39.5,18.0,998.0,28.0,0.5,940.0,0.18,3,Crítico,1,Atenção,3,Crítico,True,80.8,"Condição crítica detectada. Recomenda-se acionar plano de resposta, monitorar a região em tempo real e priorizar medidas preventivas."
2026-06-09T18:15:27.406665,-23.71,-46.41,24.0,92.0,985.0,72.0,48.0,180.0,0.58,3,Crítico,1,Atenção,3,Crítico,True,81.6,"Condição crítica detectada. Recomenda-se acionar plano de resposta, monitorar a região em tempo real e priorizar medidas preventivas."
2026-06-09T18:15:32.718554,-23.71,-46.41,25.0,65.0,1013.0,12.0,2.0,550.0,0.65,0,Normal,0,Normal,0,Normal,False,98.36,Condição ambiental dentro do padrão. Manter monitoramento contínuo.
2026-06-09T18:15:38.031791,-23.71,-46.41,32.0,38.0,1008.0,30.0,5.0,760.0,0.42,1,Atenção,1,Atenção,1,Atenção,False,99.6,Condição de atenção detectada. Recomenda-se acompanhar a evolução dos sensores e verificar tendência dos dados.
2026-06-09T18:15:43.397066,-23.71,-46.41,39.5,18.0,998.0,28.0,0.5,940.0,0.18,3,Crítico,1,Atenção,3,Crítico,True,80.8,"Condição crítica detectada. Recomenda-se acionar plano de resposta, monitorar a região em tempo real e priorizar medidas preventivas."
2026-06-09T18:15:48.765741,-23.71,-46.41,24.0,92.0,985.0,72.0,48.0,180.0,0.58,3,Crítico,1,Atenção,3,Crítico,True,81.6,"Condição crítica detectada. Recomenda-se acionar plano de resposta, monitorar a região em tempo real e priorizar medidas preventivas."
2026-06-09T18:15:54.075170,-23.71,-46.41,25.0,65.0,1013.0,12.0,2.0,550.0,0.65,0,Normal,0,Normal,0,Normal,False,98.36,Condição ambiental dentro do padrão. Manter monitoramento contínuo.
2026-06-09T18:15:59.356127,-23.71,-46.41,32.0,38.0,1008.0,30.0,5.0,760.0,0.42,1,Atenção,1,Atenção,1,Atenção,False,99.6,Condição de atenção detectada. Recomenda-se acompanhar a evolução dos sensores e verificar tendência dos dados.
2026-06-09T18:16:04.718891,-23.71,-46.41,39.5,18.0,998.0,28.0,0.5,940.0,0.18,3,Crítico,1,Atenção,3,Crítico,True,80.8,"Condição crítica detectada. Recomenda-se acionar plano de resposta, monitorar a região em tempo real e priorizar medidas preventivas."
2026-06-09T18:16:10.093908,-23.71,-46.41,24.0,92.0,985.0,72.0,48.0,180.0,0.58,3,Crítico,1,Atenção,3,Crítico,True,81.6,"Condição crítica detectada. Recomenda-se acionar plano de resposta, monitorar a região em tempo real e priorizar medidas preventivas."
2026-06-09T18:16:15.452380,-23.71,-46.41,25.0,65.0,1013.0,12.0,2.0,550.0,0.65,0,Normal,0,Normal,0,Normal,False,98.36,Condição ambiental dentro do padrão. Manter monitoramento contínuo.
2026-06-09T18:16:20.821850,-23.71,-46.41,32.0,38.0,1008.0,30.0,5.0,760.0,0.42,1,Atenção,1,Atenção,1,Atenção,False,99.6,Condição de atenção detectada. Recomenda-se acompanhar a evolução dos sensores e verificar tendência dos dados.
2026-06-09T18:16:26.197362,-23.71,-46.41,39.5,18.0,998.0,28.0,0.5,940.0,0.18,3,Crítico,1,Atenção,3,Crítico,True,80.8,"Condição crítica detectada. Recomenda-se acionar plano de resposta, monitorar a região em tempo real e priorizar medidas preventivas."
2026-06-09T18:16:31.519866,-23.71,-46.41,24.0,92.0,985.0,72.0,48.0,180.0,0.58,3,Crítico,1,Atenção,3,Crítico,True,81.6,"Condição crítica detectada. Recomenda-se acionar plano de resposta, monitorar a região em tempo real e priorizar medidas preventivas."
2026-06-09T18:16:36.863123,-23.71,-46.41,25.0,65.0,1013.0,12.0,2.0,550.0,0.65,0,Normal,0,Normal,0,Normal,False,98.36,Condição ambiental dentro do padrão. Manter monitoramento contínuo.
2026-06-09T18:16:42.211168,-23.71,-46.41,32.0,38.0,1008.0,30.0,5.0,760.0,0.42,1,Atenção,1,Atenção,1,Atenção,False,99.6,Condição de atenção detectada. Recomenda-se acompanhar a evolução dos sensores e verificar tendência dos dados.
2026-06-09T18:16:47.588298,-23.71,-46.41,39.5,18.0,998.0,28.0,0.5,940.0,0.18,3,Crítico,1,Atenção,3,Crítico,True,80.8,"Condição crítica detectada. Recomenda-se acionar plano de resposta, monitorar a região em tempo real e priorizar medidas preventivas."
2026-06-09T18:16:52.951213,-23.71,-46.41,24.0,92.0,985.0,72.0,48.0,180.0,0.58,3,Crítico,1,Atenção,3,Crítico,True,81.6,"Condição crítica detectada. Recomenda-se acionar plano de resposta, monitorar a região em tempo real e priorizar medidas preventivas."
2026-06-09T18:16:58.391043,-23.71,-46.41,25.0,65.0,1013.0,12.0,2.0,550.0,0.65,0,Normal,0,Normal,0,Normal,False,98.36,Condição ambiental dentro do padrão. Manter monitoramento contínuo.
2026-06-09T18:17:03.758420,-23.71,-46.41,32.0,38.0,1008.0,30.0,5.0,760.0,0.42,1,Atenção,1,Atenção,1,Atenção,False,99.6,Condição de atenção detectada. Recomenda-se acompanhar a evolução dos sensores e verificar tendência dos dados.
2026-06-09T18:17:09.151966,-23.71,-46.41,39.5,18.0,998.0,28.0,0.5,940.0,0.18,3,Crítico,1,Atenção,3,Crítico,True,80.8,"Condição crítica detectada. Recomenda-se acionar plano de resposta, monitorar a região em tempo real e priorizar medidas preventivas."
2026-06-09T18:17:14.441920,-23.71,-46.41,24.0,92.0,985.0,72.0,48.0,180.0,0.58,3,Crítico,1,Atenção,3,Crítico,True,81.6,"Condição crítica detectada. Recomenda-se acionar plano de resposta, monitorar a região em tempo real e priorizar medidas preventivas."
2026-06-09T18:17:19.769434,-23.71,-46.41,25.0,65.0,1013.0,12.0,2.0,550.0,0.65,0,Normal,0,Normal,0,Normal,False,98.36,Condição ambiental dentro do padrão. Manter monitoramento contínuo.
2026-06-09T18:17:25.092854,-23.71,-46.41,32.0,38.0,1008.0,30.0,5.0,760.0,0.42,1,Atenção,1,Atenção,1,Atenção,False,99.6,Condição de atenção detectada. Recomenda-se acompanhar a evolução dos sensores e verificar tendência dos dados.
2026-06-09T18:17:30.419882,-23.71,-46.41,39.5,18.0,998.0,28.0,0.5,940.0,0.18,3,Crítico,1,Atenção,3,Crítico,True,80.8,"Condição crítica detectada. Recomenda-se acionar plano de resposta, monitorar a região em tempo real e priorizar medidas preventivas."
2026-06-09T18:17:35.714281,-23.71,-46.41,24.0,92.0,985.0,72.0,48.0,180.0,0.58,3,Crítico,1,Atenção,3,Crítico,True,81.6,"Condição crítica detectada. Recomenda-se acionar plano de resposta, monitorar a região em tempo real e priorizar medidas preventivas."
2026-06-09T18:17:41.023136,-23.71,-46.41,25.0,65.0,1013.0,12.0,2.0,550.0,0.65,0,Normal,0,Normal,0,Normal,False,98.36,Condição ambiental dentro do padrão. Manter monitoramento contínuo.
2026-06-09T18:17:46.312464,-23.71,-46.41,32.0,38.0,1008.0,30.0,5.0,760.0,0.42,1,Atenção,1,Atenção,1,Atenção,False,99.6,Condição de atenção detectada. Recomenda-se acompanhar a evolução dos sensores e verificar tendência dos dados.
2026-06-09T18:17:51.675714,-23.71,-46.41,39.5,18.0,998.0,28.0,0.5,940.0,0.18,3,Crítico,1,Atenção,3,Crítico,True,80.8,"Condição crítica detectada. Recomenda-se acionar plano de resposta, monitorar a região em tempo real e priorizar medidas preventivas."
2026-06-09T18:17:57.055885,-23.71,-46.41,24.0,92.0,985.0,72.0,48.0,180.0,0.58,3,Crítico,1,Atenção,3,Crítico,True,81.6,"Condição crítica detectada. Recomenda-se acionar plano de resposta, monitorar a região em tempo real e priorizar medidas preventivas."
2026-06-09T18:18:02.439652,-23.71,-46.41,25.0,65.0,1013.0,12.0,2.0,550.0,0.65,0,Normal,0,Normal,0,Normal,False,98.36,Condição ambiental dentro do padrão. Manter monitoramento contínuo.
2026-06-09T18:18:07.756036,-23.71,-46.41,32.0,38.0,1008.0,30.0,5.0,760.0,0.42,1,Atenção,1,Atenção,1,Atenção,False,99.6,Condição de atenção detectada. Recomenda-se acompanhar a evolução dos sensores e verificar tendência dos dados.
2026-06-09T18:18:13.126788,-23.71,-46.41,39.5,18.0,998.0,28.0,0.5,940.0,0.18,3,Crítico,1,Atenção,3,Crítico,True,80.8,"Condição crítica detectada. Recomenda-se acionar plano de resposta, monitorar a região em tempo real e priorizar medidas preventivas."
2026-06-09T18:18:18.521106,-23.71,-46.41,24.0,92.0,985.0,72.0,48.0,180.0,0.58,3,Crítico,1,Atenção,3,Crítico,True,81.6,"Condição crítica detectada. Recomenda-se acionar plano de resposta, monitorar a região em tempo real e priorizar medidas preventivas."
2026-06-09T18:18:23.915956,-23.71,-46.41,25.0,65.0,1013.0,12.0,2.0,550.0,0.65,0,Normal,0,Normal,0,Normal,False,98.36,Condição ambiental dentro do padrão. Manter monitoramento contínuo.
2026-06-09T18:18:29.131716,-23.71,-46.41,32.0,38.0,1008.0,30.0,5.0,760.0,0.42,1,Atenção,1,Atenção,1,Atenção,False,99.6,Condição de atenção detectada. Recomenda-se acompanhar a evolução dos sensores e verificar tendência dos dados.
2026-06-09T18:18:34.556747,-23.71,-46.41,39.5,18.0,998.0,28.0,0.5,940.0,0.18,3,Crítico,1,Atenção,3,Crítico,True,80.8,"Condição crítica detectada. Recomenda-se acionar plano de resposta, monitorar a região em tempo real e priorizar medidas preventivas."
2026-06-09T18:18:39.818390,-23.71,-46.41,24.0,92.0,985.0,72.0,48.0,180.0,0.58,3,Crítico,1,Atenção,3,Crítico,True,81.6,"Condição crítica detectada. Recomenda-se acionar plano de resposta, monitorar a região em tempo real e priorizar medidas preventivas."
2026-06-09T18:18:45.033821,-23.71,-46.41,25.0,65.0,1013.0,12.0,2.0,550.0,0.65,0,Normal,0,Normal,0,Normal,False,98.36,Condição ambiental dentro do padrão. Manter monitoramento contínuo.
2026-06-09T18:18:50.493176,-23.71,-46.41,32.0,38.0,1008.0,30.0,5.0,760.0,0.42,1,Atenção,1,Atenção,1,Atenção,False,99.6,Condição de atenção detectada. Recomenda-se acompanhar a evolução dos sensores e verificar tendência dos dados.
2026-06-09T18:18:55.670006,-23.71,-46.41,39.5,18.0,998.0,28.0,0.5,940.0,0.18,3,Crítico,1,Atenção,3,Crítico,True,80.8,"Condição crítica detectada. Recomenda-se acionar plano de resposta, monitorar a região em tempo real e priorizar medidas preventivas."
2026-06-09T18:19:01.013418,-23.71,-46.41,24.0,92.0,985.0,72.0,48.0,180.0,0.58,3,Crítico,1,Atenção,3,Crítico,True,81.6,"Condição crítica detectada. Recomenda-se acionar plano de resposta, monitorar a região em tempo real e priorizar medidas preventivas."
2026-06-09T18:19:06.395061,-23.71,-46.41,25.0,65.0,1013.0,12.0,2.0,550.0,0.65,0,Normal,0,Normal,0,Normal,False,98.36,Condição ambiental dentro do padrão. Manter monitoramento contínuo.
2026-06-09T18:19:11.831106,-23.71,-46.41,32.0,38.0,1008.0,30.0,5.0,760.0,0.42,1,Atenção,1,Atenção,1,Atenção,False,99.6,Condição de atenção detectada. Recomenda-se acompanhar a evolução dos sensores e verificar tendência dos dados.
2026-06-09T18:19:17.623959,-23.71,-46.41,39.5,18.0,998.0,28.0,0.5,940.0,0.18,3,Crítico,1,Atenção,3,Crítico,True,80.8,"Condição crítica detectada. Recomenda-se acionar plano de resposta, monitorar a região em tempo real e priorizar medidas preventivas."
2026-06-09T18:19:23.019393,-23.71,-46.41,24.0,92.0,985.0,72.0,48.0,180.0,0.58,3,Crítico,1,Atenção,3,Crítico,True,81.6,"Condição crítica detectada. Recomenda-se acionar plano de resposta, monitorar a região em tempo real e priorizar medidas preventivas."
2026-06-09T18:19:28.382291,-23.71,-46.41,25.0,65.0,1013.0,12.0,2.0,550.0,0.65,0,Normal,0,Normal,0,Normal,False,98.36,Condição ambiental dentro do padrão. Manter monitoramento contínuo.
2026-06-09T18:19:33.771732,-23.71,-46.41,32.0,38.0,1008.0,30.0,5.0,760.0,0.42,1,Atenção,1,Atenção,1,Atenção,False,99.6,Condição de atenção detectada. Recomenda-se acompanhar a evolução dos sensores e verificar tendência dos dados.
2026-06-09T18:19:39.241350,-23.71,-46.41,39.5,18.0,998.0,28.0,0.5,940.0,0.18,3,Crítico,1,Atenção,3,Crítico,True,80.8,"Condição crítica detectada. Recomenda-se acionar plano de resposta, monitorar a região em tempo real e priorizar medidas preventivas."
2026-06-09T18:19:44.754194,-23.71,-46.41,24.0,92.0,985.0,72.0,48.0,180.0,0.58,3,Crítico,1,Atenção,3,Crítico,True,81.6,"Condição crítica detectada. Recomenda-se acionar plano de resposta, monitorar a região em tempo real e priorizar medidas preventivas."
2026-06-09T18:19:50.487806,-23.71,-46.41,25.0,65.0,1013.0,12.0,2.0,550.0,0.65,0,Normal,0,Normal,0,Normal,False,98.36,Condição ambiental dentro do padrão. Manter monitoramento contínuo.
2026-06-09T18:19:55.885260,-23.71,-46.41,32.0,38.0,1008.0,30.0,5.0,760.0,0.42,1,Atenção,1,Atenção,1,Atenção,False,99.6,Condição de atenção detectada. Recomenda-se acompanhar a evolução dos sensores e verificar tendência dos dados.
2026-06-09T18:20:01.455736,-23.71,-46.41,39.5,18.0,998.0,28.0,0.5,940.0,0.18,3,Crítico,1,Atenção,3,Crítico,True,80.8,"Condição crítica detectada. Recomenda-se acionar plano de resposta, monitorar a região em tempo real e priorizar medidas preventivas."
2026-06-09T18:20:07.550585,-23.71,-46.41,24.0,92.0,985.0,72.0,48.0,180.0,0.58,3,Crítico,1,Atenção,3,Crítico,True,81.6,"Condição crítica detectada. Recomenda-se acionar plano de resposta, monitorar a região em tempo real e priorizar medidas preventivas."
2026-06-09T18:20:13.186717,-23.71,-46.41,25.0,65.0,1013.0,12.0,2.0,550.0,0.65,0,Normal,0,Normal,0,Normal,False,98.36,Condição ambiental dentro do padrão. Manter monitoramento contínuo.
2026-06-09T18:20:18.475894,-23.71,-46.41,32.0,38.0,1008.0,30.0,5.0,760.0,0.42,1,Atenção,1,Atenção,1,Atenção,False,99.6,Condição de atenção detectada. Recomenda-se acompanhar a evolução dos sensores e verificar tendência dos dados.
2026-06-09T18:20:23.953616,-23.71,-46.41,39.5,18.0,998.0,28.0,0.5,940.0,0.18,3,Crítico,1,Atenção,3,Crítico,True,80.8,"Condição crítica detectada. Recomenda-se acionar plano de resposta, monitorar a região em tempo real e priorizar medidas preventivas."
2026-06-09T18:20:29.361135,-23.71,-46.41,24.0,92.0,985.0,72.0,48.0,180.0,0.58,3,Crítico,1,Atenção,3,Crítico,True,81.6,"Condição crítica detectada. Recomenda-se acionar plano de resposta, monitorar a região em tempo real e priorizar medidas preventivas."
2026-06-09T18:20:34.573677,-23.71,-46.41,25.0,65.0,1013.0,12.0,2.0,550.0,0.65,0,Normal,0,Normal,0,Normal,False,98.36,Condição ambiental dentro do padrão. Manter monitoramento contínuo.
2026-06-09T18:20:39.987723,-23.71,-46.41,32.0,38.0,1008.0,30.0,5.0,760.0,0.42,1,Atenção,1,Atenção,1,Atenção,False,99.6,Condição de atenção detectada. Recomenda-se acompanhar a evolução dos sensores e verificar tendência dos dados.
2026-06-09T18:20:45.209270,-23.71,-46.41,39.5,18.0,998.0,28.0,0.5,940.0,0.18,3,Crítico,1,Atenção,3,Crítico,True,80.8,"Condição crítica detectada. Recomenda-se acionar plano de resposta, monitorar a região em tempo real e priorizar medidas preventivas."
2026-06-09T18:20:50.592673,-23.71,-46.41,24.0,92.0,985.0,72.0,48.0,180.0,0.58,3,Crítico,1,Atenção,3,Crítico,True,81.6,"Condição crítica detectada. Recomenda-se acionar plano de resposta, monitorar a região em tempo real e priorizar medidas preventivas."
2026-06-09T18:20:55.970579,-23.71,-46.41,25.0,65.0,1013.0,12.0,2.0,550.0,0.65,0,Normal,0,Normal,0,Normal,False,98.36,Condição ambiental dentro do padrão. Manter monitoramento contínuo.
2026-06-09T18:21:01.518200,-23.71,-46.41,32.0,38.0,1008.0,30.0,5.0,760.0,0.42,1,Atenção,1,Atenção,1,Atenção,False,99.6,Condição de atenção detectada. Recomenda-se acompanhar a evolução dos sensores e verificar tendência dos dados.
2026-06-09T18:21:06.703903,-23.71,-46.41,39.5,18.0,998.0,28.0,0.5,940.0,0.18,3,Crítico,1,Atenção,3,Crítico,True,80.8,"Condição crítica detectada. Recomenda-se acionar plano de resposta, monitorar a região em tempo real e priorizar medidas preventivas."
2026-06-09T18:21:11.887998,-23.71,-46.41,24.0,92.0,985.0,72.0,48.0,180.0,0.58,3,Crítico,1,Atenção,3,Crítico,True,81.6,"Condição crítica detectada. Recomenda-se acionar plano de resposta, monitorar a região em tempo real e priorizar medidas preventivas."
2026-06-09T18:21:19.772399,-23.71,-46.41,25.0,65.0,1013.0,12.0,2.0,550.0,0.65,0,Normal,0,Normal,0,Normal,False,98.36,Condição ambiental dentro do padrão. Manter monitoramento contínuo.
2026-06-09T18:21:25.518136,-23.71,-46.41,32.0,38.0,1008.0,30.0,5.0,760.0,0.42,1,Atenção,1,Atenção,1,Atenção,False,99.6,Condição de atenção detectada. Recomenda-se acompanhar a evolução dos sensores e verificar tendência dos dados.
2026-06-09T18:21:30.885682,-23.71,-46.41,39.5,18.0,998.0,28.0,0.5,940.0,0.18,3,Crítico,1,Atenção,3,Crítico,True,80.8,"Condição crítica detectada. Recomenda-se acionar plano de resposta, monitorar a região em tempo real e priorizar medidas preventivas."
2026-06-09T18:21:36.275527,-23.71,-46.41,24.0,92.0,985.0,72.0,48.0,180.0,0.58,3,Crítico,1,Atenção,3,Crítico,True,81.6,"Condição crítica detectada. Recomenda-se acionar plano de resposta, monitorar a região em tempo real e priorizar medidas preventivas."
2026-06-09T18:21:41.604650,-23.71,-46.41,25.0,65.0,1013.0,12.0,2.0,550.0,0.65,0,Normal,0,Normal,0,Normal,False,98.36,Condição ambiental dentro do padrão. Manter monitoramento contínuo.
2026-06-09T18:21:47.024269,-23.71,-46.41,32.0,38.0,1008.0,30.0,5.0,760.0,0.42,1,Atenção,1,Atenção,1,Atenção,False,99.6,Condição de atenção detectada. Recomenda-se acompanhar a evolução dos sensores e verificar tendência dos dados.
2026-06-09T18:21:52.421048,-23.71,-46.41,39.5,18.0,998.0,28.0,0.5,940.0,0.18,3,Crítico,1,Atenção,3,Crítico,True,80.8,"Condição crítica detectada. Recomenda-se acionar plano de resposta, monitorar a região em tempo real e priorizar medidas preventivas."
2026-06-09T18:21:57.767723,-23.71,-46.41,24.0,92.0,985.0,72.0,48.0,180.0,0.58,3,Crítico,1,Atenção,3,Crítico,True,81.6,"Condição crítica detectada. Recomenda-se acionar plano de resposta, monitorar a região em tempo real e priorizar medidas preventivas."
2026-06-09T18:22:03.084470,-23.71,-46.41,25.0,65.0,1013.0,12.0,2.0,550.0,0.65,0,Normal,0,Normal,0,Normal,False,98.36,Condição ambiental dentro do padrão. Manter monitoramento contínuo.
2026-06-09T18:22:08.428947,-23.71,-46.41,32.0,38.0,1008.0,30.0,5.0,760.0,0.42,1,Atenção,1,Atenção,1,Atenção,False,99.6,Condição de atenção detectada. Recomenda-se acompanhar a evolução dos sensores e verificar tendência dos dados.
2026-06-09T18:22:13.902057,-23.71,-46.41,39.5,18.0,998.0,28.0,0.5,940.0,0.18,3,Crítico,1,Atenção,3,Crítico,True,80.8,"Condição crítica detectada. Recomenda-se acionar plano de resposta, monitorar a região em tempo real e priorizar medidas preventivas."
2026-06-09T18:22:19.233205,-23.71,-46.41,24.0,92.0,985.0,72.0,48.0,180.0,0.58,3,Crítico,1,Atenção,3,Crítico,True,81.6,"Condição crítica detectada. Recomenda-se acionar plano de resposta, monitorar a região em tempo real e priorizar medidas preventivas."
2026-06-09T18:22:24.608550,-23.71,-46.41,25.0,65.0,1013.0,12.0,2.0,550.0,0.65,0,Normal,0,Normal,0,Normal,False,98.36,Condição ambiental dentro do padrão. Manter monitoramento contínuo.
2026-06-09T18:22:29.921287,-23.71,-46.41,32.0,38.0,1008.0,30.0,5.0,760.0,0.42,1,Atenção,1,Atenção,1,Atenção,False,99.6,Condição de atenção detectada. Recomenda-se acompanhar a evolução dos sensores e verificar tendência dos dados.
2026-06-09T18:22:35.260689,-23.71,-46.41,39.5,18.0,998.0,28.0,0.5,940.0,0.18,3,Crítico,1,Atenção,3,Crítico,True,80.8,"Condição crítica detectada. Recomenda-se acionar plano de resposta, monitorar a região em tempo real e priorizar medidas preventivas."
2026-06-09T18:22:40.569907,-23.71,-46.41,24.0,92.0,985.0,72.0,48.0,180.0,0.58,3,Crítico,1,Atenção,3,Crítico,True,81.6,"Condição crítica detectada. Recomenda-se acionar plano de resposta, monitorar a região em tempo real e priorizar medidas preventivas."
2026-06-09T18:22:45.942306,-23.71,-46.41,25.0,65.0,1013.0,12.0,2.0,550.0,0.65,0,Normal,0,Normal,0,Normal,False,98.36,Condição ambiental dentro do padrão. Manter monitoramento contínuo.
2026-06-09T18:22:51.330721,-23.71,-46.41,32.0,38.0,1008.0,30.0,5.0,760.0,0.42,1,Atenção,1,Atenção,1,Atenção,False,99.6,Condição de atenção detectada. Recomenda-se acompanhar a evolução dos sensores e verificar tendência dos dados.
2026-06-09T18:22:56.670279,-23.71,-46.41,39.5,18.0,998.0,28.0,0.5,940.0,0.18,3,Crítico,1,Atenção,3,Crítico,True,80.8,"Condição crítica detectada. Recomenda-se acionar plano de resposta, monitorar a região em tempo real e priorizar medidas preventivas."
2026-06-09T18:23:01.941287,-23.71,-46.41,24.0,92.0,985.0,72.0,48.0,180.0,0.58,3,Crítico,1,Atenção,3,Crítico,True,81.6,"Condição crítica detectada. Recomenda-se acionar plano de resposta, monitorar a região em tempo real e priorizar medidas preventivas."
2026-06-09T18:23:07.310784,-23.71,-46.41,25.0,65.0,1013.0,12.0,2.0,550.0,0.65,0,Normal,0,Normal,0,Normal,False,98.36,Condição ambiental dentro do padrão. Manter monitoramento contínuo.
2026-06-09T18:23:12.704677,-23.71,-46.41,32.0,38.0,1008.0,30.0,5.0,760.0,0.42,1,Atenção,1,Atenção,1,Atenção,False,99.6,Condição de atenção detectada. Recomenda-se acompanhar a evolução dos sensores e verificar tendência dos dados.
2026-06-09T18:23:18.059997,-23.71,-46.41,39.5,18.0,998.0,28.0,0.5,940.0,0.18,3,Crítico,1,Atenção,3,Crítico,True,80.8,"Condição crítica detectada. Recomenda-se acionar plano de resposta, monitorar a região em tempo real e priorizar medidas preventivas."
2026-06-09T18:23:23.400487,-23.71,-46.41,24.0,92.0,985.0,72.0,48.0,180.0,0.58,3,Crítico,1,Atenção,3,Crítico,True,81.6,"Condição crítica detectada. Recomenda-se acionar plano de resposta, monitorar a região em tempo real e priorizar medidas preventivas."
2026-06-09T18:23:28.756610,-23.71,-46.41,25.0,65.0,1013.0,12.0,2.0,550.0,0.65,0,Normal,0,Normal,0,Normal,False,98.36,Condição ambiental dentro do padrão. Manter monitoramento contínuo.
2026-06-09T18:23:34.074105,-23.71,-46.41,32.0,38.0,1008.0,30.0,5.0,760.0,0.42,1,Atenção,1,Atenção,1,Atenção,False,99.6,Condição de atenção detectada. Recomenda-se acompanhar a evolução dos sensores e verificar tendência dos dados.
2026-06-09T18:23:39.476158,-23.71,-46.41,39.5,18.0,998.0,28.0,0.5,940.0,0.18,3,Crítico,1,Atenção,3,Crítico,True,80.8,"Condição crítica detectada. Recomenda-se acionar plano de resposta, monitorar a região em tempo real e priorizar medidas preventivas."
2026-06-09T18:23:44.863658,-23.71,-46.41,24.0,92.0,985.0,72.0,48.0,180.0,0.58,3,Crítico,1,Atenção,3,Crítico,True,81.6,"Condição crítica detectada. Recomenda-se acionar plano de resposta, monitorar a região em tempo real e priorizar medidas preventivas."
2026-06-09T18:23:50.234214,-23.71,-46.41,25.0,65.0,1013.0,12.0,2.0,550.0,0.65,0,Normal,0,Normal,0,Normal,False,98.36,Condição ambiental dentro do padrão. Manter monitoramento contínuo.
2026-06-09T18:23:55.805585,-23.71,-46.41,32.0,38.0,1008.0,30.0,5.0,760.0,0.42,1,Atenção,1,Atenção,1,Atenção,False,99.6,Condição de atenção detectada. Recomenda-se acompanhar a evolução dos sensores e verificar tendência dos dados.
2026-06-09T18:24:01.149316,-23.71,-46.41,39.5,18.0,998.0,28.0,0.5,940.0,0.18,3,Crítico,1,Atenção,3,Crítico,True,80.8,"Condição crítica detectada. Recomenda-se acionar plano de resposta, monitorar a região em tempo real e priorizar medidas preventivas."
2026-06-09T18:24:06.565756,-23.71,-46.41,24.0,92.0,985.0,72.0,48.0,180.0,0.58,3,Crítico,1,Atenção,3,Crítico,True,81.6,"Condição crítica detectada. Recomenda-se acionar plano de resposta, monitorar a região em tempo real e priorizar medidas preventivas."
2026-06-09T18:24:11.908765,-23.71,-46.41,25.0,65.0,1013.0,12.0,2.0,550.0,0.65,0,Normal,0,Normal,0,Normal,False,98.36,Condição ambiental dentro do padrão. Manter monitoramento contínuo.
2026-06-09T18:24:17.296977,-23.71,-46.41,32.0,38.0,1008.0,30.0,5.0,760.0,0.42,1,Atenção,1,Atenção,1,Atenção,False,99.6,Condição de atenção detectada. Recomenda-se acompanhar a evolução dos sensores e verificar tendência dos dados.
2026-06-09T18:24:22.710721,-23.71,-46.41,39.5,18.0,998.0,28.0,0.5,940.0,0.18,3,Crítico,1,Atenção,3,Crítico,True,80.8,"Condição crítica detectada. Recomenda-se acionar plano de resposta, monitorar a região em tempo real e priorizar medidas preventivas."
2026-06-09T18:24:28.058545,-23.71,-46.41,24.0,92.0,985.0,72.0,48.0,180.0,0.58,3,Crítico,1,Atenção,3,Crítico,True,81.6,"Condição crítica detectada. Recomenda-se acionar plano de resposta, monitorar a região em tempo real e priorizar medidas preventivas."
2026-06-09T18:24:33.470055,-23.71,-46.41,25.0,65.0,1013.0,12.0,2.0,550.0,0.65,0,Normal,0,Normal,0,Normal,False,98.36,Condição ambiental dentro do padrão. Manter monitoramento contínuo.
2026-06-09T18:24:38.855045,-23.71,-46.41,32.0,38.0,1008.0,30.0,5.0,760.0,0.42,1,Atenção,1,Atenção,1,Atenção,False,99.6,Condição de atenção detectada. Recomenda-se acompanhar a evolução dos sensores e verificar tendência dos dados.
2026-06-09T18:24:44.305119,-23.71,-46.41,39.5,18.0,998.0,28.0,0.5,940.0,0.18,3,Crítico,1,Atenção,3,Crítico,True,80.8,"Condição crítica detectada. Recomenda-se acionar plano de resposta, monitorar a região em tempo real e priorizar medidas preventivas."
2026-06-09T18:24:49.731790,-23.71,-46.41,24.0,92.0,985.0,72.0,48.0,180.0,0.58,3,Crítico,1,Atenção,3,Crítico,True,81.6,"Condição crítica detectada. Recomenda-se acionar plano de resposta, monitorar a região em tempo real e priorizar medidas preventivas."
2026-06-09T18:24:55.011690,-23.71,-46.41,25.0,65.0,1013.0,12.0,2.0,550.0,0.65,0,Normal,0,Normal,0,Normal,False,98.36,Condição ambiental dentro do padrão. Manter monitoramento contínuo.
2026-06-09T18:25:00.379678,-23.71,-46.41,32.0,38.0,1008.0,30.0,5.0,760.0,0.42,1,Atenção,1,Atenção,1,Atenção,False,99.6,Condição de atenção detectada. Recomenda-se acompanhar a evolução dos sensores e verificar tendência dos dados.
2026-06-09T18:25:05.744635,-23.71,-46.41,39.5,18.0,998.0,28.0,0.5,940.0,0.18,3,Crítico,1,Atenção,3,Crítico,True,80.8,"Condição crítica detectada. Recomenda-se acionar plano de resposta, monitorar a região em tempo real e priorizar medidas preventivas."
2026-06-09T18:25:11.067806,-23.71,-46.41,24.0,92.0,985.0,72.0,48.0,180.0,0.58,3,Crítico,1,Atenção,3,Crítico,True,81.6,"Condição crítica detectada. Recomenda-se acionar plano de resposta, monitorar a região em tempo real e priorizar medidas preventivas."
2026-06-09T18:25:16.431703,-23.71,-46.41,25.0,65.0,1013.0,12.0,2.0,550.0,0.65,0,Normal,0,Normal,0,Normal,False,98.36,Condição ambiental dentro do padrão. Manter monitoramento contínuo.
2026-06-09T18:25:21.722737,-23.71,-46.41,32.0,38.0,1008.0,30.0,5.0,760.0,0.42,1,Atenção,1,Atenção,1,Atenção,False,99.6,Condição de atenção detectada. Recomenda-se acompanhar a evolução dos sensores e verificar tendência dos dados.
2026-06-09T18:25:27.105059,-23.71,-46.41,39.5,18.0,998.0,28.0,0.5,940.0,0.18,3,Crítico,1,Atenção,3,Crítico,True,80.8,"Condição crítica detectada. Recomenda-se acionar plano de resposta, monitorar a região em tempo real e priorizar medidas preventivas."
2026-06-09T18:25:32.475473,-23.71,-46.41,24.0,92.0,985.0,72.0,48.0,180.0,0.58,3,Crítico,1,Atenção,3,Crítico,True,81.6,"Condição crítica detectada. Recomenda-se acionar plano de resposta, monitorar a região em tempo real e priorizar medidas preventivas."
2026-06-09T18:25:37.920373,-23.71,-46.41,25.0,65.0,1013.0,12.0,2.0,550.0,0.65,0,Normal,0,Normal,0,Normal,False,98.36,Condição ambiental dentro do padrão. Manter monitoramento contínuo.
2026-06-09T18:25:43.583526,-23.71,-46.41,32.0,38.0,1008.0,30.0,5.0,760.0,0.42,1,Atenção,1,Atenção,1,Atenção,False,99.6,Condição de atenção detectada. Recomenda-se acompanhar a evolução dos sensores e verificar tendência dos dados.
2026-06-09T18:25:49.247580,-23.71,-46.41,39.5,18.0,998.0,28.0,0.5,940.0,0.18,3,Crítico,1,Atenção,3,Crítico,True,80.8,"Condição crítica detectada. Recomenda-se acionar plano de resposta, monitorar a região em tempo real e priorizar medidas preventivas."
2026-06-09T18:25:54.666895,-23.71,-46.41,24.0,92.0,985.0,72.0,48.0,180.0,0.58,3,Crítico,1,Atenção,3,Crítico,True,81.6,"Condição crítica detectada. Recomenda-se acionar plano de resposta, monitorar a região em tempo real e priorizar medidas preventivas."
2026-06-09T18:26:00.292481,-23.71,-46.41,25.0,65.0,1013.0,12.0,2.0,550.0,0.65,0,Normal,0,Normal,0,Normal,False,98.36,Condição ambiental dentro do padrão. Manter monitoramento contínuo.
2026-06-09T18:26:05.779933,-23.71,-46.41,32.0,38.0,1008.0,30.0,5.0,760.0,0.42,1,Atenção,1,Atenção,1,Atenção,False,99.6,Condição de atenção detectada. Recomenda-se acompanhar a evolução dos sensores e verificar tendência dos dados.
2026-06-09T18:26:11.190527,-23.71,-46.41,39.5,18.0,998.0,28.0,0.5,940.0,0.18,3,Crítico,1,Atenção,3,Crítico,True,80.8,"Condição crítica detectada. Recomenda-se acionar plano de resposta, monitorar a região em tempo real e priorizar medidas preventivas."
2026-06-09T18:26:16.640603,-23.71,-46.41,24.0,92.0,985.0,72.0,48.0,180.0,0.58,3,Crítico,1,Atenção,3,Crítico,True,81.6,"Condição crítica detectada. Recomenda-se acionar plano de resposta, monitorar a região em tempo real e priorizar medidas preventivas."
2026-06-09T18:26:22.008660,-23.71,-46.41,25.0,65.0,1013.0,12.0,2.0,550.0,0.65,0,Normal,0,Normal,0,Normal,False,98.36,Condição ambiental dentro do padrão. Manter monitoramento contínuo.
2026-06-09T18:26:27.383933,-23.71,-46.41,32.0,38.0,1008.0,30.0,5.0,760.0,0.42,1,Atenção,1,Atenção,1,Atenção,False,99.6,Condição de atenção detectada. Recomenda-se acompanhar a evolução dos sensores e verificar tendência dos dados.
2026-06-09T18:26:32.735667,-23.71,-46.41,39.5,18.0,998.0,28.0,0.5,940.0,0.18,3,Crítico,1,Atenção,3,Crítico,True,80.8,"Condição crítica detectada. Recomenda-se acionar plano de resposta, monitorar a região em tempo real e priorizar medidas preventivas."
2026-06-09T18:26:38.109926,-23.71,-46.41,24.0,92.0,985.0,72.0,48.0,180.0,0.58,3,Crítico,1,Atenção,3,Crítico,True,81.6,"Condição crítica detectada. Recomenda-se acionar plano de resposta, monitorar a região em tempo real e priorizar medidas preventivas."
2026-06-09T18:26:43.470088,-23.71,-46.41,25.0,65.0,1013.0,12.0,2.0,550.0,0.65,0,Normal,0,Normal,0,Normal,False,98.36,Condição ambiental dentro do padrão. Manter monitoramento contínuo.
2026-06-09T18:26:48.805258,-23.71,-46.41,32.0,38.0,1008.0,30.0,5.0,760.0,0.42,1,Atenção,1,Atenção,1,Atenção,False,99.6,Condição de atenção detectada. Recomenda-se acompanhar a evolução dos sensores e verificar tendência dos dados.
2026-06-09T18:26:54.125162,-23.71,-46.41,39.5,18.0,998.0,28.0,0.5,940.0,0.18,3,Crítico,1,Atenção,3,Crítico,True,80.8,"Condição crítica detectada. Recomenda-se acionar plano de resposta, monitorar a região em tempo real e priorizar medidas preventivas."
2026-06-09T18:26:59.531242,-23.71,-46.41,24.0,92.0,985.0,72.0,48.0,180.0,0.58,3,Crítico,1,Atenção,3,Crítico,True,81.6,"Condição crítica detectada. Recomenda-se acionar plano de resposta, monitorar a região em tempo real e priorizar medidas preventivas."
2026-06-09T18:27:04.964492,-23.71,-46.41,25.0,65.0,1013.0,12.0,2.0,550.0,0.65,0,Normal,0,Normal,0,Normal,False,98.36,Condição ambiental dentro do padrão. Manter monitoramento contínuo.
2026-06-09T18:27:10.267032,-23.71,-46.41,32.0,38.0,1008.0,30.0,5.0,760.0,0.42,1,Atenção,1,Atenção,1,Atenção,False,99.6,Condição de atenção detectada. Recomenda-se acompanhar a evolução dos sensores e verificar tendência dos dados.
2026-06-09T18:27:15.619788,-23.71,-46.41,39.5,18.0,998.0,28.0,0.5,940.0,0.18,3,Crítico,1,Atenção,3,Crítico,True,80.8,"Condição crítica detectada. Recomenda-se acionar plano de resposta, monitorar a região em tempo real e priorizar medidas preventivas."
2026-06-09T18:27:21.102047,-23.71,-46.41,24.0,92.0,985.0,72.0,48.0,180.0,0.58,3,Crítico,1,Atenção,3,Crítico,True,81.6,"Condição crítica detectada. Recomenda-se acionar plano de resposta, monitorar a região em tempo real e priorizar medidas preventivas."
2026-06-09T18:27:26.342988,-23.71,-46.41,25.0,65.0,1013.0,12.0,2.0,550.0,0.65,0,Normal,0,Normal,0,Normal,False,98.36,Condição ambiental dentro do padrão. Manter monitoramento contínuo.
2026-06-09T18:27:31.719792,-23.71,-46.41,32.0,38.0,1008.0,30.0,5.0,760.0,0.42,1,Atenção,1,Atenção,1,Atenção,False,99.6,Condição de atenção detectada. Recomenda-se acompanhar a evolução dos sensores e verificar tendência dos dados.
2026-06-09T18:27:36.983100,-23.71,-46.41,39.5,18.0,998.0,28.0,0.5,940.0,0.18,3,Crítico,1,Atenção,3,Crítico,True,80.8,"Condição crítica detectada. Recomenda-se acionar plano de resposta, monitorar a região em tempo real e priorizar medidas preventivas."
2026-06-09T18:27:42.469460,-23.71,-46.41,24.0,92.0,985.0,72.0,48.0,180.0,0.58,3,Crítico,1,Atenção,3,Crítico,True,81.6,"Condição crítica detectada. Recomenda-se acionar plano de resposta, monitorar a região em tempo real e priorizar medidas preventivas."
2026-06-09T18:27:47.821782,-23.71,-46.41,25.0,65.0,1013.0,12.0,2.0,550.0,0.65,0,Normal,0,Normal,0,Normal,False,98.36,Condição ambiental dentro do padrão. Manter monitoramento contínuo.
2026-06-09T18:27:53.249280,-23.71,-46.41,32.0,38.0,1008.0,30.0,5.0,760.0,0.42,1,Atenção,1,Atenção,1,Atenção,False,99.6,Condição de atenção detectada. Recomenda-se acompanhar a evolução dos sensores e verificar tendência dos dados.
2026-06-09T18:27:58.580462,-23.71,-46.41,39.5,18.0,998.0,28.0,0.5,940.0,0.18,3,Crítico,1,Atenção,3,Crítico,True,80.8,"Condição crítica detectada. Recomenda-se acionar plano de resposta, monitorar a região em tempo real e priorizar medidas preventivas."
2026-06-09T18:28:03.867602,-23.71,-46.41,24.0,92.0,985.0,72.0,48.0,180.0,0.58,3,Crítico,1,Atenção,3,Crítico,True,81.6,"Condição crítica detectada. Recomenda-se acionar plano de resposta, monitorar a região em tempo real e priorizar medidas preventivas."
2026-06-09T18:28:09.310379,-23.71,-46.41,25.0,65.0,1013.0,12.0,2.0,550.0,0.65,0,Normal,0,Normal,0,Normal,False,98.36,Condição ambiental dentro do padrão. Manter monitoramento contínuo.
2026-06-09T18:28:14.768809,-23.71,-46.41,32.0,38.0,1008.0,30.0,5.0,760.0,0.42,1,Atenção,1,Atenção,1,Atenção,False,99.6,Condição de atenção detectada. Recomenda-se acompanhar a evolução dos sensores e verificar tendência dos dados.
2026-06-09T18:28:20.131354,-23.71,-46.41,39.5,18.0,998.0,28.0,0.5,940.0,0.18,3,Crítico,1,Atenção,3,Crítico,True,80.8,"Condição crítica detectada. Recomenda-se acionar plano de resposta, monitorar a região em tempo real e priorizar medidas preventivas."
2026-06-09T18:28:25.502091,-23.71,-46.41,24.0,92.0,985.0,72.0,48.0,180.0,0.58,3,Crítico,1,Atenção,3,Crítico,True,81.6,"Condição crítica detectada. Recomenda-se acionar plano de resposta, monitorar a região em tempo real e priorizar medidas preventivas."
2026-06-09T18:28:30.933358,-23.71,-46.41,25.0,65.0,1013.0,12.0,2.0,550.0,0.65,0,Normal,0,Normal,0,Normal,False,98.36,Condição ambiental dentro do padrão. Manter monitoramento contínuo.
2026-06-09T18:28:36.437235,-23.71,-46.41,32.0,38.0,1008.0,30.0,5.0,760.0,0.42,1,Atenção,1,Atenção,1,Atenção,False,99.6,Condição de atenção detectada. Recomenda-se acompanhar a evolução dos sensores e verificar tendência dos dados.
2026-06-09T18:28:41.806055,-23.71,-46.41,39.5,18.0,998.0,28.0,0.5,940.0,0.18,3,Crítico,1,Atenção,3,Crítico,True,80.8,"Condição crítica detectada. Recomenda-se acionar plano de resposta, monitorar a região em tempo real e priorizar medidas preventivas."
2026-06-09T18:28:47.264996,-23.71,-46.41,24.0,92.0,985.0,72.0,48.0,180.0,0.58,3,Crítico,1,Atenção,3,Crítico,True,81.6,"Condição crítica detectada. Recomenda-se acionar plano de resposta, monitorar a região em tempo real e priorizar medidas preventivas."
2026-06-09T18:28:52.652802,-23.71,-46.41,25.0,65.0,1013.0,12.0,2.0,550.0,0.65,0,Normal,0,Normal,0,Normal,False,98.36,Condição ambiental dentro do padrão. Manter monitoramento contínuo.
2026-06-09T18:28:58.030387,-23.71,-46.41,32.0,38.0,1008.0,30.0,5.0,760.0,0.42,1,Atenção,1,Atenção,1,Atenção,False,99.6,Condição de atenção detectada. Recomenda-se acompanhar a evolução dos sensores e verificar tendência dos dados.
2026-06-09T18:29:03.236011,-23.71,-46.41,39.5,18.0,998.0,28.0,0.5,940.0,0.18,3,Crítico,1,Atenção,3,Crítico,True,80.8,"Condição crítica detectada. Recomenda-se acionar plano de resposta, monitorar a região em tempo real e priorizar medidas preventivas."
2026-06-09T18:29:08.485333,-23.71,-46.41,24.0,92.0,985.0,72.0,48.0,180.0,0.58,3,Crítico,1,Atenção,3,Crítico,True,81.6,"Condição crítica detectada. Recomenda-se acionar plano de resposta, monitorar a região em tempo real e priorizar medidas preventivas."
2026-06-09T18:29:13.888641,-23.71,-46.41,25.0,65.0,1013.0,12.0,2.0,550.0,0.65,0,Normal,0,Normal,0,Normal,False,98.36,Condição ambiental dentro do padrão. Manter monitoramento contínuo.
2026-06-09T18:29:19.198883,-23.71,-46.41,32.0,38.0,1008.0,30.0,5.0,760.0,0.42,1,Atenção,1,Atenção,1,Atenção,False,99.6,Condição de atenção detectada. Recomenda-se acompanhar a evolução dos sensores e verificar tendência dos dados.
2026-06-09T18:29:30.113153,-23.71,-46.41,39.5,18.0,998.0,28.0,0.5,940.0,0.18,3,Crítico,1,Atenção,3,Crítico,True,80.8,"Condição crítica detectada. Recomenda-se acionar plano de resposta, monitorar a região em tempo real e priorizar medidas preventivas."
2026-06-09T18:29:35.515694,-23.71,-46.41,24.0,92.0,985.0,72.0,48.0,180.0,0.58,3,Crítico,1,Atenção,3,Crítico,True,81.6,"Condição crítica detectada. Recomenda-se acionar plano de resposta, monitorar a região em tempo real e priorizar medidas preventivas."
2026-06-09T18:29:40.942068,-23.71,-46.41,25.0,65.0,1013.0,12.0,2.0,550.0,0.65,0,Normal,0,Normal,0,Normal,False,98.36,Condição ambiental dentro do padrão. Manter monitoramento contínuo.
2026-06-09T18:29:46.348293,-23.71,-46.41,32.0,38.0,1008.0,30.0,5.0,760.0,0.42,1,Atenção,1,Atenção,1,Atenção,False,99.6,Condição de atenção detectada. Recomenda-se acompanhar a evolução dos sensores e verificar tendência dos dados.
2026-06-09T18:29:51.721935,-23.71,-46.41,39.5,18.0,998.0,28.0,0.5,940.0,0.18,3,Crítico,1,Atenção,3,Crítico,True,80.8,"Condição crítica detectada. Recomenda-se acionar plano de resposta, monitorar a região em tempo real e priorizar medidas preventivas."
2026-06-09T18:29:57.110584,-23.71,-46.41,24.0,92.0,985.0,72.0,48.0,180.0,0.58,3,Crítico,1,Atenção,3,Crítico,True,81.6,"Condição crítica detectada. Recomenda-se acionar plano de resposta, monitorar a região em tempo real e priorizar medidas preventivas."
2026-06-09T18:30:02.529091,-23.71,-46.41,25.0,65.0,1013.0,12.0,2.0,550.0,0.65,0,Normal,0,Normal,0,Normal,False,98.36,Condição ambiental dentro do padrão. Manter monitoramento contínuo.
2026-06-09T18:30:07.956471,-23.71,-46.41,32.0,38.0,1008.0,30.0,5.0,760.0,0.42,1,Atenção,1,Atenção,1,Atenção,False,99.6,Condição de atenção detectada. Recomenda-se acompanhar a evolução dos sensores e verificar tendência dos dados.
2026-06-09T18:30:13.281543,-23.71,-46.41,39.5,18.0,998.0,28.0,0.5,940.0,0.18,3,Crítico,1,Atenção,3,Crítico,True,80.8,"Condição crítica detectada. Recomenda-se acionar plano de resposta, monitorar a região em tempo real e priorizar medidas preventivas."
2026-06-09T18:30:18.659402,-23.71,-46.41,24.0,92.0,985.0,72.0,48.0,180.0,0.58,3,Crítico,1,Atenção,3,Crítico,True,81.6,"Condição crítica detectada. Recomenda-se acionar plano de resposta, monitorar a região em tempo real e priorizar medidas preventivas."
2026-06-09T18:30:24.057972,-23.71,-46.41,25.0,65.0,1013.0,12.0,2.0,550.0,0.65,0,Normal,0,Normal,0,Normal,False,98.36,Condição ambiental dentro do padrão. Manter monitoramento contínuo.
2026-06-09T18:30:29.358984,-23.71,-46.41,32.0,38.0,1008.0,30.0,5.0,760.0,0.42,1,Atenção,1,Atenção,1,Atenção,False,99.6,Condição de atenção detectada. Recomenda-se acompanhar a evolução dos sensores e verificar tendência dos dados.
2026-06-09T18:30:34.684967,-23.71,-46.41,39.5,18.0,998.0,28.0,0.5,940.0,0.18,3,Crítico,1,Atenção,3,Crítico,True,80.8,"Condição crítica detectada. Recomenda-se acionar plano de resposta, monitorar a região em tempo real e priorizar medidas preventivas."
2026-06-09T18:30:40.094239,-23.71,-46.41,24.0,92.0,985.0,72.0,48.0,180.0,0.58,3,Crítico,1,Atenção,3,Crítico,True,81.6,"Condição crítica detectada. Recomenda-se acionar plano de resposta, monitorar a região em tempo real e priorizar medidas preventivas."
2026-06-09T18:30:45.467924,-23.71,-46.41,25.0,65.0,1013.0,12.0,2.0,550.0,0.65,0,Normal,0,Normal,0,Normal,False,98.36,Condição ambiental dentro do padrão. Manter monitoramento contínuo.
2026-06-09T18:30:50.704611,-23.71,-46.41,32.0,38.0,1008.0,30.0,5.0,760.0,0.42,1,Atenção,1,Atenção,1,Atenção,False,99.6,Condição de atenção detectada. Recomenda-se acompanhar a evolução dos sensores e verificar tendência dos dados.
2026-06-09T18:30:56.032945,-23.71,-46.41,39.5,18.0,998.0,28.0,0.5,940.0,0.18,3,Crítico,1,Atenção,3,Crítico,True,80.8,"Condição crítica detectada. Recomenda-se acionar plano de resposta, monitorar a região em tempo real e priorizar medidas preventivas."
2026-06-09T18:31:01.324920,-23.71,-46.41,24.0,92.0,985.0,72.0,48.0,180.0,0.58,3,Crítico,1,Atenção,3,Crítico,True,81.6,"Condição crítica detectada. Recomenda-se acionar plano de resposta, monitorar a região em tempo real e priorizar medidas preventivas."
2026-06-09T18:31:06.687087,-23.71,-46.41,25.0,65.0,1013.0,12.0,2.0,550.0,0.65,0,Normal,0,Normal,0,Normal,False,98.36,Condição ambiental dentro do padrão. Manter monitoramento contínuo.
2026-06-09T18:31:11.961528,-23.71,-46.41,32.0,38.0,1008.0,30.0,5.0,760.0,0.42,1,Atenção,1,Atenção,1,Atenção,False,99.6,Condição de atenção detectada. Recomenda-se acompanhar a evolução dos sensores e verificar tendência dos dados.
2026-06-09T18:31:17.326075,-23.71,-46.41,39.5,18.0,998.0,28.0,0.5,940.0,0.18,3,Crítico,1,Atenção,3,Crítico,True,80.8,"Condição crítica detectada. Recomenda-se acionar plano de resposta, monitorar a região em tempo real e priorizar medidas preventivas."
2026-06-09T18:31:22.717271,-23.71,-46.41,24.0,92.0,985.0,72.0,48.0,180.0,0.58,3,Crítico,1,Atenção,3,Crítico,True,81.6,"Condição crítica detectada. Recomenda-se acionar plano de resposta, monitorar a região em tempo real e priorizar medidas preventivas."
2026-06-09T18:31:28.104100,-23.71,-46.41,25.0,65.0,1013.0,12.0,2.0,550.0,0.65,0,Normal,0,Normal,0,Normal,False,98.36,Condição ambiental dentro do padrão. Manter monitoramento contínuo.
2026-06-09T18:31:33.479089,-23.71,-46.41,32.0,38.0,1008.0,30.0,5.0,760.0,0.42,1,Atenção,1,Atenção,1,Atenção,False,99.6,Condição de atenção detectada. Recomenda-se acompanhar a evolução dos sensores e verificar tendência dos dados.
2026-06-09T18:31:38.824053,-23.71,-46.41,39.5,18.0,998.0,28.0,0.5,940.0,0.18,3,Crítico,1,Atenção,3,Crítico,True,80.8,"Condição crítica detectada. Recomenda-se acionar plano de resposta, monitorar a região em tempo real e priorizar medidas preventivas."
2026-06-09T18:31:44.159439,-23.71,-46.41,24.0,92.0,985.0,72.0,48.0,180.0,0.58,3,Crítico,1,Atenção,3,Crítico,True,81.6,"Condição crítica detectada. Recomenda-se acionar plano de resposta, monitorar a região em tempo real e priorizar medidas preventivas."
2026-06-09T18:31:49.488478,-23.71,-46.41,25.0,65.0,1013.0,12.0,2.0,550.0,0.65,0,Normal,0,Normal,0,Normal,False,98.36,Condição ambiental dentro do padrão. Manter monitoramento contínuo.
2026-06-09T18:31:54.816150,-23.71,-46.41,32.0,38.0,1008.0,30.0,5.0,760.0,0.42,1,Atenção,1,Atenção,1,Atenção,False,99.6,Condição de atenção detectada. Recomenda-se acompanhar a evolução dos sensores e verificar tendência dos dados.
2026-06-09T18:32:00.189537,-23.71,-46.41,39.5,18.0,998.0,28.0,0.5,940.0,0.18,3,Crítico,1,Atenção,3,Crítico,True,80.8,"Condição crítica detectada. Recomenda-se acionar plano de resposta, monitorar a região em tempo real e priorizar medidas preventivas."
2026-06-09T18:32:05.591291,-23.71,-46.41,24.0,92.0,985.0,72.0,48.0,180.0,0.58,3,Crítico,1,Atenção,3,Crítico,True,81.6,"Condição crítica detectada. Recomenda-se acionar plano de resposta, monitorar a região em tempo real e priorizar medidas preventivas."
2026-06-09T18:32:10.921620,-23.71,-46.41,25.0,65.0,1013.0,12.0,2.0,550.0,0.65,0,Normal,0,Normal,0,Normal,False,98.36,Condição ambiental dentro do padrão. Manter monitoramento contínuo.
2026-06-09T18:32:16.217690,-23.71,-46.41,32.0,38.0,1008.0,30.0,5.0,760.0,0.42,1,Atenção,1,Atenção,1,Atenção,False,99.6,Condição de atenção detectada. Recomenda-se acompanhar a evolução dos sensores e verificar tendência dos dados.
2026-06-09T18:32:21.604127,-23.71,-46.41,39.5,18.0,998.0,28.0,0.5,940.0,0.18,3,Crítico,1,Atenção,3,Crítico,True,80.8,"Condição crítica detectada. Recomenda-se acionar plano de resposta, monitorar a região em tempo real e priorizar medidas preventivas."
2026-06-09T18:32:26.942045,-23.71,-46.41,24.0,92.0,985.0,72.0,48.0,180.0,0.58,3,Crítico,1,Atenção,3,Crítico,True,81.6,"Condição crítica detectada. Recomenda-se acionar plano de resposta, monitorar a região em tempo real e priorizar medidas preventivas."
2026-06-09T18:32:32.277117,-23.71,-46.41,25.0,65.0,1013.0,12.0,2.0,550.0,0.65,0,Normal,0,Normal,0,Normal,False,98.36,Condição ambiental dentro do padrão. Manter monitoramento contínuo.
2026-06-09T18:32:37.654188,-23.71,-46.41,32.0,38.0,1008.0,30.0,5.0,760.0,0.42,1,Atenção,1,Atenção,1,Atenção,False,99.6,Condição de atenção detectada. Recomenda-se acompanhar a evolução dos sensores e verificar tendência dos dados.
2026-06-09T18:32:42.985471,-23.71,-46.41,39.5,18.0,998.0,28.0,0.5,940.0,0.18,3,Crítico,1,Atenção,3,Crítico,True,80.8,"Condição crítica detectada. Recomenda-se acionar plano de resposta, monitorar a região em tempo real e priorizar medidas preventivas."
2026-06-09T18:32:48.315360,-23.71,-46.41,24.0,92.0,985.0,72.0,48.0,180.0,0.58,3,Crítico,1,Atenção,3,Crítico,True,81.6,"Condição crítica detectada. Recomenda-se acionar plano de resposta, monitorar a região em tempo real e priorizar medidas preventivas."
2026-06-09T18:32:53.702689,-23.71,-46.41,25.0,65.0,1013.0,12.0,2.0,550.0,0.65,0,Normal,0,Normal,0,Normal,False,98.36,Condição ambiental dentro do padrão. Manter monitoramento contínuo.
2026-06-09T18:32:58.998788,-23.71,-46.41,32.0,38.0,1008.0,30.0,5.0,760.0,0.42,1,Atenção,1,Atenção,1,Atenção,False,99.6,Condição de atenção detectada. Recomenda-se acompanhar a evolução dos sensores e verificar tendência dos dados.
2026-06-09T18:33:04.185252,-23.71,-46.41,39.5,18.0,998.0,28.0,0.5,940.0,0.18,3,Crítico,1,Atenção,3,Crítico,True,80.8,"Condição crítica detectada. Recomenda-se acionar plano de resposta, monitorar a região em tempo real e priorizar medidas preventivas."
2026-06-09T18:33:09.391688,-23.71,-46.41,24.0,92.0,985.0,72.0,48.0,180.0,0.58,3,Crítico,1,Atenção,3,Crítico,True,81.6,"Condição crítica detectada. Recomenda-se acionar plano de resposta, monitorar a região em tempo real e priorizar medidas preventivas."
2026-06-09T18:33:14.665482,-23.71,-46.41,25.0,65.0,1013.0,12.0,2.0,550.0,0.65,0,Normal,0,Normal,0,Normal,False,98.36,Condição ambiental dentro do padrão. Manter monitoramento contínuo.
2026-06-09T18:33:20.010970,-23.71,-46.41,32.0,38.0,1008.0,30.0,5.0,760.0,0.42,1,Atenção,1,Atenção,1,Atenção,False,99.6,Condição de atenção detectada. Recomenda-se acompanhar a evolução dos sensores e verificar tendência dos dados.
2026-06-09T18:33:25.364048,-23.71,-46.41,39.5,18.0,998.0,28.0,0.5,940.0,0.18,3,Crítico,1,Atenção,3,Crítico,True,80.8,"Condição crítica detectada. Recomenda-se acionar plano de resposta, monitorar a região em tempo real e priorizar medidas preventivas."
2026-06-09T18:33:30.736089,-23.71,-46.41,24.0,92.0,985.0,72.0,48.0,180.0,0.58,3,Crítico,1,Atenção,3,Crítico,True,81.6,"Condição crítica detectada. Recomenda-se acionar plano de resposta, monitorar a região em tempo real e priorizar medidas preventivas."
2026-06-09T18:33:36.137784,-23.71,-46.41,25.0,65.0,1013.0,12.0,2.0,550.0,0.65,0,Normal,0,Normal,0,Normal,False,98.36,Condição ambiental dentro do padrão. Manter monitoramento contínuo.
2026-06-09T18:33:41.502587,-23.71,-46.41,32.0,38.0,1008.0,30.0,5.0,760.0,0.42,1,Atenção,1,Atenção,1,Atenção,False,99.6,Condição de atenção detectada. Recomenda-se acompanhar a evolução dos sensores e verificar tendência dos dados.
2026-06-09T18:33:46.837497,-23.71,-46.41,39.5,18.0,998.0,28.0,0.5,940.0,0.18,3,Crítico,1,Atenção,3,Crítico,True,80.8,"Condição crítica detectada. Recomenda-se acionar plano de resposta, monitorar a região em tempo real e priorizar medidas preventivas."
2026-06-09T18:33:52.304776,-23.71,-46.41,24.0,92.0,985.0,72.0,48.0,180.0,0.58,3,Crítico,1,Atenção,3,Crítico,True,81.6,"Condição crítica detectada. Recomenda-se acionar plano de resposta, monitorar a região em tempo real e priorizar medidas preventivas."
2026-06-09T18:33:57.704724,-23.71,-46.41,25.0,65.0,1013.0,12.0,2.0,550.0,0.65,0,Normal,0,Normal,0,Normal,False,98.36,Condição ambiental dentro do padrão. Manter monitoramento contínuo.
2026-06-09T18:34:03.055339,-23.71,-46.41,32.0,38.0,1008.0,30.0,5.0,760.0,0.42,1,Atenção,1,Atenção,1,Atenção,False,99.6,Condição de atenção detectada. Recomenda-se acompanhar a evolução dos sensores e verificar tendência dos dados.
2026-06-09T18:34:08.413728,-23.71,-46.41,39.5,18.0,998.0,28.0,0.5,940.0,0.18,3,Crítico,1,Atenção,3,Crítico,True,80.8,"Condição crítica detectada. Recomenda-se acionar plano de resposta, monitorar a região em tempo real e priorizar medidas preventivas."
2026-06-09T18:34:13.808285,-23.71,-46.41,24.0,92.0,985.0,72.0,48.0,180.0,0.58,3,Crítico,1,Atenção,3,Crítico,True,81.6,"Condição crítica detectada. Recomenda-se acionar plano de resposta, monitorar a região em tempo real e priorizar medidas preventivas."
2026-06-09T18:34:19.176371,-23.71,-46.41,25.0,65.0,1013.0,12.0,2.0,550.0,0.65,0,Normal,0,Normal,0,Normal,False,98.36,Condição ambiental dentro do padrão. Manter monitoramento contínuo.
2026-06-09T18:34:24.571719,-23.71,-46.41,32.0,38.0,1008.0,30.0,5.0,760.0,0.42,1,Atenção,1,Atenção,1,Atenção,False,99.6,Condição de atenção detectada. Recomenda-se acompanhar a evolução dos sensores e verificar tendência dos dados.
2026-06-09T18:34:29.964840,-23.71,-46.41,39.5,18.0,998.0,28.0,0.5,940.0,0.18,3,Crítico,1,Atenção,3,Crítico,True,80.8,"Condição crítica detectada. Recomenda-se acionar plano de resposta, monitorar a região em tempo real e priorizar medidas preventivas."
2026-06-09T18:34:35.322475,-23.71,-46.41,24.0,92.0,985.0,72.0,48.0,180.0,0.58,3,Crítico,1,Atenção,3,Crítico,True,81.6,"Condição crítica detectada. Recomenda-se acionar plano de resposta, monitorar a região em tempo real e priorizar medidas preventivas."
2026-06-09T18:34:40.695706,-23.71,-46.41,25.0,65.0,1013.0,12.0,2.0,550.0,0.65,0,Normal,0,Normal,0,Normal,False,98.36,Condição ambiental dentro do padrão. Manter monitoramento contínuo.
2026-06-09T18:34:46.055718,-23.71,-46.41,32.0,38.0,1008.0,30.0,5.0,760.0,0.42,1,Atenção,1,Atenção,1,Atenção,False,99.6,Condição de atenção detectada. Recomenda-se acompanhar a evolução dos sensores e verificar tendência dos dados.
2026-06-09T18:34:51.330806,-23.71,-46.41,39.5,18.0,998.0,28.0,0.5,940.0,0.18,3,Crítico,1,Atenção,3,Crítico,True,80.8,"Condição crítica detectada. Recomenda-se acionar plano de resposta, monitorar a região em tempo real e priorizar medidas preventivas."
2026-06-09T18:34:56.658107,-23.71,-46.41,24.0,92.0,985.0,72.0,48.0,180.0,0.58,3,Crítico,1,Atenção,3,Crítico,True,81.6,"Condição crítica detectada. Recomenda-se acionar plano de resposta, monitorar a região em tempo real e priorizar medidas preventivas."
2026-06-09T18:35:01.993212,-23.71,-46.41,25.0,65.0,1013.0,12.0,2.0,550.0,0.65,0,Normal,0,Normal,0,Normal,False,98.36,Condição ambiental dentro do padrão. Manter monitoramento contínuo.
2026-06-09T18:35:07.275191,-23.71,-46.41,32.0,38.0,1008.0,30.0,5.0,760.0,0.42,1,Atenção,1,Atenção,1,Atenção,False,99.6,Condição de atenção detectada. Recomenda-se acompanhar a evolução dos sensores e verificar tendência dos dados.
2026-06-09T18:35:12.595234,-23.71,-46.41,39.5,18.0,998.0,28.0,0.5,940.0,0.18,3,Crítico,1,Atenção,3,Crítico,True,80.8,"Condição crítica detectada. Recomenda-se acionar plano de resposta, monitorar a região em tempo real e priorizar medidas preventivas."
2026-06-09T18:35:17.901572,-23.71,-46.41,24.0,92.0,985.0,72.0,48.0,180.0,0.58,3,Crítico,1,Atenção,3,Crítico,True,81.6,"Condição crítica detectada. Recomenda-se acionar plano de resposta, monitorar a região em tempo real e priorizar medidas preventivas."
2026-06-09T18:35:23.223484,-23.71,-46.41,25.0,65.0,1013.0,12.0,2.0,550.0,0.65,0,Normal,0,Normal,0,Normal,False,98.36,Condição ambiental dentro do padrão. Manter monitoramento contínuo.
2026-06-09T18:35:28.631460,-23.71,-46.41,32.0,38.0,1008.0,30.0,5.0,760.0,0.42,1,Atenção,1,Atenção,1,Atenção,False,99.6,Condição de atenção detectada. Recomenda-se acompanhar a evolução dos sensores e verificar tendência dos dados.
2026-06-09T18:35:33.971685,-23.71,-46.41,39.5,18.0,998.0,28.0,0.5,940.0,0.18,3,Crítico,1,Atenção,3,Crítico,True,80.8,"Condição crítica detectada. Recomenda-se acionar plano de resposta, monitorar a região em tempo real e priorizar medidas preventivas."
2026-06-09T18:35:39.269133,-23.71,-46.41,24.0,92.0,985.0,72.0,48.0,180.0,0.58,3,Crítico,1,Atenção,3,Crítico,True,81.6,"Condição crítica detectada. Recomenda-se acionar plano de resposta, monitorar a região em tempo real e priorizar medidas preventivas."
2026-06-09T18:35:44.537672,-23.71,-46.41,25.0,65.0,1013.0,12.0,2.0,550.0,0.65,0,Normal,0,Normal,0,Normal,False,98.36,Condição ambiental dentro do padrão. Manter monitoramento contínuo.
2026-06-09T18:35:50.018338,-23.71,-46.41,32.0,38.0,1008.0,30.0,5.0,760.0,0.42,1,Atenção,1,Atenção,1,Atenção,False,99.6,Condição de atenção detectada. Recomenda-se acompanhar a evolução dos sensores e verificar tendência dos dados.
2026-06-09T18:35:55.335991,-23.71,-46.41,39.5,18.0,998.0,28.0,0.5,940.0,0.18,3,Crítico,1,Atenção,3,Crítico,True,80.8,"Condição crítica detectada. Recomenda-se acionar plano de resposta, monitorar a região em tempo real e priorizar medidas preventivas."
2026-06-09T18:36:00.698752,-23.71,-46.41,24.0,92.0,985.0,72.0,48.0,180.0,0.58,3,Crítico,1,Atenção,3,Crítico,True,81.6,"Condição crítica detectada. Recomenda-se acionar plano de resposta, monitorar a região em tempo real e priorizar medidas preventivas."
2026-06-09T18:36:06.088485,-23.71,-46.41,25.0,65.0,1013.0,12.0,2.0,550.0,0.65,0,Normal,0,Normal,0,Normal,False,98.36,Condição ambiental dentro do padrão. Manter monitoramento contínuo.
2026-06-09T18:36:11.392953,-23.71,-46.41,32.0,38.0,1008.0,30.0,5.0,760.0,0.42,1,Atenção,1,Atenção,1,Atenção,False,99.6,Condição de atenção detectada. Recomenda-se acompanhar a evolução dos sensores e verificar tendência dos dados.
2026-06-09T18:36:16.719560,-23.71,-46.41,39.5,18.0,998.0,28.0,0.5,940.0,0.18,3,Crítico,1,Atenção,3,Crítico,True,80.8,"Condição crítica detectada. Recomenda-se acionar plano de resposta, monitorar a região em tempo real e priorizar medidas preventivas."
2026-06-09T18:36:22.107171,-23.71,-46.41,24.0,92.0,985.0,72.0,48.0,180.0,0.58,3,Crítico,1,Atenção,3,Crítico,True,81.6,"Condição crítica detectada. Recomenda-se acionar plano de resposta, monitorar a região em tempo real e priorizar medidas preventivas."
2026-06-09T18:36:27.399460,-23.71,-46.41,25.0,65.0,1013.0,12.0,2.0,550.0,0.65,0,Normal,0,Normal,0,Normal,False,98.36,Condição ambiental dentro do padrão. Manter monitoramento contínuo.
2026-06-09T18:36:32.733803,-23.71,-46.41,32.0,38.0,1008.0,30.0,5.0,760.0,0.42,1,Atenção,1,Atenção,1,Atenção,False,99.6,Condição de atenção detectada. Recomenda-se acompanhar a evolução dos sensores e verificar tendência dos dados.
2026-06-09T18:36:38.136419,-23.71,-46.41,39.5,18.0,998.0,28.0,0.5,940.0,0.18,3,Crítico,1,Atenção,3,Crítico,True,80.8,"Condição crítica detectada. Recomenda-se acionar plano de resposta, monitorar a região em tempo real e priorizar medidas preventivas."
2026-06-09T18:36:43.429027,-23.71,-46.41,24.0,92.0,985.0,72.0,48.0,180.0,0.58,3,Crítico,1,Atenção,3,Crítico,True,81.6,"Condição crítica detectada. Recomenda-se acionar plano de resposta, monitorar a região em tempo real e priorizar medidas preventivas."
2026-06-09T18:36:48.792642,-23.71,-46.41,25.0,65.0,1013.0,12.0,2.0,550.0,0.65,0,Normal,0,Normal,0,Normal,False,98.36,Condição ambiental dentro do padrão. Manter monitoramento contínuo.
2026-06-09T18:36:54.167958,-23.71,-46.41,32.0,38.0,1008.0,30.0,5.0,760.0,0.42,1,Atenção,1,Atenção,1,Atenção,False,99.6,Condição de atenção detectada. Recomenda-se acompanhar a evolução dos sensores e verificar tendência dos dados.
2026-06-09T18:36:59.524016,-23.71,-46.41,39.5,18.0,998.0,28.0,0.5,940.0,0.18,3,Crítico,1,Atenção,3,Crítico,True,80.8,"Condição crítica detectada. Recomenda-se acionar plano de resposta, monitorar a região em tempo real e priorizar medidas preventivas."
2026-06-09T18:37:04.916284,-23.71,-46.41,24.0,92.0,985.0,72.0,48.0,180.0,0.58,3,Crítico,1,Atenção,3,Crítico,True,81.6,"Condição crítica detectada. Recomenda-se acionar plano de resposta, monitorar a região em tempo real e priorizar medidas preventivas."
2026-06-09T18:37:10.236000,-23.71,-46.41,25.0,65.0,1013.0,12.0,2.0,550.0,0.65,0,Normal,0,Normal,0,Normal,False,98.36,Condição ambiental dentro do padrão. Manter monitoramento contínuo.
2026-06-09T18:37:15.758849,-23.71,-46.41,32.0,38.0,1008.0,30.0,5.0,760.0,0.42,1,Atenção,1,Atenção,1,Atenção,False,99.6,Condição de atenção detectada. Recomenda-se acompanhar a evolução dos sensores e verificar tendência dos dados.
2026-06-09T18:37:21.180193,-23.71,-46.41,39.5,18.0,998.0,28.0,0.5,940.0,0.18,3,Crítico,1,Atenção,3,Crítico,True,80.8,"Condição crítica detectada. Recomenda-se acionar plano de resposta, monitorar a região em tempo real e priorizar medidas preventivas."
2026-06-09T18:37:26.574524,-23.71,-46.41,24.0,92.0,985.0,72.0,48.0,180.0,0.58,3,Crítico,1,Atenção,3,Crítico,True,81.6,"Condição crítica detectada. Recomenda-se acionar plano de resposta, monitorar a região em tempo real e priorizar medidas preventivas."
2026-06-09T18:37:31.944531,-23.71,-46.41,25.0,65.0,1013.0,12.0,2.0,550.0,0.65,0,Normal,0,Normal,0,Normal,False,98.36,Condição ambiental dentro do padrão. Manter monitoramento contínuo.
2026-06-09T18:37:37.295897,-23.71,-46.41,32.0,38.0,1008.0,30.0,5.0,760.0,0.42,1,Atenção,1,Atenção,1,Atenção,False,99.6,Condição de atenção detectada. Recomenda-se acompanhar a evolução dos sensores e verificar tendência dos dados.
2026-06-09T18:37:42.730178,-23.71,-46.41,39.5,18.0,998.0,28.0,0.5,940.0,0.18,3,Crítico,1,Atenção,3,Crítico,True,80.8,"Condição crítica detectada. Recomenda-se acionar plano de resposta, monitorar a região em tempo real e priorizar medidas preventivas."
2026-06-09T18:37:48.074367,-23.71,-46.41,24.0,92.0,985.0,72.0,48.0,180.0,0.58,3,Crítico,1,Atenção,3,Crítico,True,81.6,"Condição crítica detectada. Recomenda-se acionar plano de resposta, monitorar a região em tempo real e priorizar medidas preventivas."
2026-06-09T18:37:53.380649,-23.71,-46.41,25.0,65.0,1013.0,12.0,2.0,550.0,0.65,0,Normal,0,Normal,0,Normal,False,98.36,Condição ambiental dentro do padrão. Manter monitoramento contínuo.
2026-06-09T18:37:58.762468,-23.71,-46.41,32.0,38.0,1008.0,30.0,5.0,760.0,0.42,1,Atenção,1,Atenção,1,Atenção,False,99.6,Condição de atenção detectada. Recomenda-se acompanhar a evolução dos sensores e verificar tendência dos dados.
2026-06-09T18:38:04.153148,-23.71,-46.41,39.5,18.0,998.0,28.0,0.5,940.0,0.18,3,Crítico,1,Atenção,3,Crítico,True,80.8,"Condição crítica detectada. Recomenda-se acionar plano de resposta, monitorar a região em tempo real e priorizar medidas preventivas."
2026-06-09T18:38:09.524562,-23.71,-46.41,24.0,92.0,985.0,72.0,48.0,180.0,0.58,3,Crítico,1,Atenção,3,Crítico,True,81.6,"Condição crítica detectada. Recomenda-se acionar plano de resposta, monitorar a região em tempo real e priorizar medidas preventivas."
2026-06-09T18:38:14.884436,-23.71,-46.41,25.0,65.0,1013.0,12.0,2.0,550.0,0.65,0,Normal,0,Normal,0,Normal,False,98.36,Condição ambiental dentro do padrão. Manter monitoramento contínuo.
2026-06-09T18:38:20.313331,-23.71,-46.41,32.0,38.0,1008.0,30.0,5.0,760.0,0.42,1,Atenção,1,Atenção,1,Atenção,False,99.6,Condição de atenção detectada. Recomenda-se acompanhar a evolução dos sensores e verificar tendência dos dados.
2026-06-09T18:38:25.660419,-23.71,-46.41,39.5,18.0,998.0,28.0,0.5,940.0,0.18,3,Crítico,1,Atenção,3,Crítico,True,80.8,"Condição crítica detectada. Recomenda-se acionar plano de resposta, monitorar a região em tempo real e priorizar medidas preventivas."
2026-06-09T18:38:31.046634,-23.71,-46.41,24.0,92.0,985.0,72.0,48.0,180.0,0.58,3,Crítico,1,Atenção,3,Crítico,True,81.6,"Condição crítica detectada. Recomenda-se acionar plano de resposta, monitorar a região em tempo real e priorizar medidas preventivas."
2026-06-09T18:38:36.423125,-23.71,-46.41,25.0,65.0,1013.0,12.0,2.0,550.0,0.65,0,Normal,0,Normal,0,Normal,False,98.36,Condição ambiental dentro do padrão. Manter monitoramento contínuo.
2026-06-09T18:38:41.797101,-23.71,-46.41,32.0,38.0,1008.0,30.0,5.0,760.0,0.42,1,Atenção,1,Atenção,1,Atenção,False,99.6,Condição de atenção detectada. Recomenda-se acompanhar a evolução dos sensores e verificar tendência dos dados.
2026-06-09T18:38:47.083691,-23.71,-46.41,39.5,18.0,998.0,28.0,0.5,940.0,0.18,3,Crítico,1,Atenção,3,Crítico,True,80.8,"Condição crítica detectada. Recomenda-se acionar plano de resposta, monitorar a região em tempo real e priorizar medidas preventivas."
2026-06-09T18:38:52.473116,-23.71,-46.41,24.0,92.0,985.0,72.0,48.0,180.0,0.58,3,Crítico,1,Atenção,3,Crítico,True,81.6,"Condição crítica detectada. Recomenda-se acionar plano de resposta, monitorar a região em tempo real e priorizar medidas preventivas."
2026-06-09T18:38:57.878720,-23.71,-46.41,25.0,65.0,1013.0,12.0,2.0,550.0,0.65,0,Normal,0,Normal,0,Normal,False,98.36,Condição ambiental dentro do padrão. Manter monitoramento contínuo.
2026-06-09T18:39:03.198808,-23.71,-46.41,32.0,38.0,1008.0,30.0,5.0,760.0,0.42,1,Atenção,1,Atenção,1,Atenção,False,99.6,Condição de atenção detectada. Recomenda-se acompanhar a evolução dos sensores e verificar tendência dos dados.
2026-06-09T18:39:08.523895,-23.71,-46.41,39.5,18.0,998.0,28.0,0.5,940.0,0.18,3,Crítico,1,Atenção,3,Crítico,True,80.8,"Condição crítica detectada. Recomenda-se acionar plano de resposta, monitorar a região em tempo real e priorizar medidas preventivas."
2026-06-09T18:39:13.855475,-23.71,-46.41,24.0,92.0,985.0,72.0,48.0,180.0,0.58,3,Crítico,1,Atenção,3,Crítico,True,81.6,"Condição crítica detectada. Recomenda-se acionar plano de resposta, monitorar a região em tempo real e priorizar medidas preventivas."
2026-06-09T18:39:19.235645,-23.71,-46.41,25.0,65.0,1013.0,12.0,2.0,550.0,0.65,0,Normal,0,Normal,0,Normal,False,98.36,Condição ambiental dentro do padrão. Manter monitoramento contínuo.
2026-06-09T18:39:24.566944,-23.71,-46.41,32.0,38.0,1008.0,30.0,5.0,760.0,0.42,1,Atenção,1,Atenção,1,Atenção,False,99.6,Condição de atenção detectada. Recomenda-se acompanhar a evolução dos sensores e verificar tendência dos dados.
2026-06-09T18:39:29.934686,-23.71,-46.41,39.5,18.0,998.0,28.0,0.5,940.0,0.18,3,Crítico,1,Atenção,3,Crítico,True,80.8,"Condição crítica detectada. Recomenda-se acionar plano de resposta, monitorar a região em tempo real e priorizar medidas preventivas."
2026-06-09T18:39:35.255881,-23.71,-46.41,24.0,92.0,985.0,72.0,48.0,180.0,0.58,3,Crítico,1,Atenção,3,Crítico,True,81.6,"Condição crítica detectada. Recomenda-se acionar plano de resposta, monitorar a região em tempo real e priorizar medidas preventivas."
2026-06-09T18:39:40.557343,-23.71,-46.41,25.0,65.0,1013.0,12.0,2.0,550.0,0.65,0,Normal,0,Normal,0,Normal,False,98.36,Condição ambiental dentro do padrão. Manter monitoramento contínuo.
2026-06-09T18:39:46.742253,-23.71,-46.41,32.0,38.0,1008.0,30.0,5.0,760.0,0.42,1,Atenção,1,Atenção,1,Atenção,False,99.6,Condição de atenção detectada. Recomenda-se acompanhar a evolução dos sensores e verificar tendência dos dados.
2026-06-09T18:39:52.136322,-23.71,-46.41,39.5,18.0,998.0,28.0,0.5,940.0,0.18,3,Crítico,1,Atenção,3,Crítico,True,80.8,"Condição crítica detectada. Recomenda-se acionar plano de resposta, monitorar a região em tempo real e priorizar medidas preventivas."
2026-06-09T18:39:57.570195,-23.71,-46.41,24.0,92.0,985.0,72.0,48.0,180.0,0.58,3,Crítico,1,Atenção,3,Crítico,True,81.6,"Condição crítica detectada. Recomenda-se acionar plano de resposta, monitorar a região em tempo real e priorizar medidas preventivas."
2026-06-09T18:40:02.805085,-23.71,-46.41,25.0,65.0,1013.0,12.0,2.0,550.0,0.65,0,Normal,0,Normal,0,Normal,False,98.36,Condição ambiental dentro do padrão. Manter monitoramento contínuo.
2026-06-09T18:40:08.158108,-23.71,-46.41,32.0,38.0,1008.0,30.0,5.0,760.0,0.42,1,Atenção,1,Atenção,1,Atenção,False,99.6,Condição de atenção detectada. Recomenda-se acompanhar a evolução dos sensores e verificar tendência dos dados.
2026-06-09T18:40:13.487761,-23.71,-46.41,39.5,18.0,998.0,28.0,0.5,940.0,0.18,3,Crítico,1,Atenção,3,Crítico,True,80.8,"Condição crítica detectada. Recomenda-se acionar plano de resposta, monitorar a região em tempo real e priorizar medidas preventivas."
2026-06-09T18:40:18.737556,-23.71,-46.41,24.0,92.0,985.0,72.0,48.0,180.0,0.58,3,Crítico,1,Atenção,3,Crítico,True,81.6,"Condição crítica detectada. Recomenda-se acionar plano de resposta, monitorar a região em tempo real e priorizar medidas preventivas."
2026-06-09T18:40:24.112785,-23.71,-46.41,25.0,65.0,1013.0,12.0,2.0,550.0,0.65,0,Normal,0,Normal,0,Normal,False,98.36,Condição ambiental dentro do padrão. Manter monitoramento contínuo.
2026-06-09T18:40:29.395231,-23.71,-46.41,32.0,38.0,1008.0,30.0,5.0,760.0,0.42,1,Atenção,1,Atenção,1,Atenção,False,99.6,Condição de atenção detectada. Recomenda-se acompanhar a evolução dos sensores e verificar tendência dos dados.
2026-06-09T18:40:34.759458,-23.71,-46.41,39.5,18.0,998.0,28.0,0.5,940.0,0.18,3,Crítico,1,Atenção,3,Crítico,True,80.8,"Condição crítica detectada. Recomenda-se acionar plano de resposta, monitorar a região em tempo real e priorizar medidas preventivas."
2026-06-09T18:40:40.253105,-23.71,-46.41,24.0,92.0,985.0,72.0,48.0,180.0,0.58,3,Crítico,1,Atenção,3,Crítico,True,81.6,"Condição crítica detectada. Recomenda-se acionar plano de resposta, monitorar a região em tempo real e priorizar medidas preventivas."
2026-06-09T18:40:45.595174,-23.71,-46.41,25.0,65.0,1013.0,12.0,2.0,550.0,0.65,0,Normal,0,Normal,0,Normal,False,98.36,Condição ambiental dentro do padrão. Manter monitoramento contínuo.
2026-06-09T18:40:50.978450,-23.71,-46.41,32.0,38.0,1008.0,30.0,5.0,760.0,0.42,1,Atenção,1,Atenção,1,Atenção,False,99.6,Condição de atenção detectada. Recomenda-se acompanhar a evolução dos sensores e verificar tendência dos dados.
2026-06-09T18:40:56.380413,-23.71,-46.41,39.5,18.0,998.0,28.0,0.5,940.0,0.18,3,Crítico,1,Atenção,3,Crítico,True,80.8,"Condição crítica detectada. Recomenda-se acionar plano de resposta, monitorar a região em tempo real e priorizar medidas preventivas."
2026-06-09T18:41:01.688086,-23.71,-46.41,24.0,92.0,985.0,72.0,48.0,180.0,0.58,3,Crítico,1,Atenção,3,Crítico,True,81.6,"Condição crítica detectada. Recomenda-se acionar plano de resposta, monitorar a região em tempo real e priorizar medidas preventivas."
2026-06-09T18:41:06.944282,-23.71,-46.41,25.0,65.0,1013.0,12.0,2.0,550.0,0.65,0,Normal,0,Normal,0,Normal,False,98.36,Condição ambiental dentro do padrão. Manter monitoramento contínuo.
2026-06-09T18:41:12.316489,-23.71,-46.41,32.0,38.0,1008.0,30.0,5.0,760.0,0.42,1,Atenção,1,Atenção,1,Atenção,False,99.6,Condição de atenção detectada. Recomenda-se acompanhar a evolução dos sensores e verificar tendência dos dados.
2026-06-09T18:41:17.583590,-23.71,-46.41,39.5,18.0,998.0,28.0,0.5,940.0,0.18,3,Crítico,1,Atenção,3,Crítico,True,80.8,"Condição crítica detectada. Recomenda-se acionar plano de resposta, monitorar a região em tempo real e priorizar medidas preventivas."
2026-06-09T18:41:22.900680,-23.71,-46.41,24.0,92.0,985.0,72.0,48.0,180.0,0.58,3,Crítico,1,Atenção,3,Crítico,True,81.6,"Condição crítica detectada. Recomenda-se acionar plano de resposta, monitorar a região em tempo real e priorizar medidas preventivas."
2026-06-09T18:41:28.238951,-23.71,-46.41,25.0,65.0,1013.0,12.0,2.0,550.0,0.65,0,Normal,0,Normal,0,Normal,False,98.36,Condição ambiental dentro do padrão. Manter monitoramento contínuo.
2026-06-09T18:41:33.636109,-23.71,-46.41,32.0,38.0,1008.0,30.0,5.0,760.0,0.42,1,Atenção,1,Atenção,1,Atenção,False,99.6,Condição de atenção detectada. Recomenda-se acompanhar a evolução dos sensores e verificar tendência dos dados.
2026-06-09T18:41:39.023345,-23.71,-46.41,39.5,18.0,998.0,28.0,0.5,940.0,0.18,3,Crítico,1,Atenção,3,Crítico,True,80.8,"Condição crítica detectada. Recomenda-se acionar plano de resposta, monitorar a região em tempo real e priorizar medidas preventivas."
2026-06-09T18:41:44.407840,-23.71,-46.41,24.0,92.0,985.0,72.0,48.0,180.0,0.58,3,Crítico,1,Atenção,3,Crítico,True,81.6,"Condição crítica detectada. Recomenda-se acionar plano de resposta, monitorar a região em tempo real e priorizar medidas preventivas."
2026-06-09T18:41:49.753527,-23.71,-46.41,25.0,65.0,1013.0,12.0,2.0,550.0,0.65,0,Normal,0,Normal,0,Normal,False,98.36,Condição ambiental dentro do padrão. Manter monitoramento contínuo.
2026-06-09T18:41:55.191141,-23.71,-46.41,32.0,38.0,1008.0,30.0,5.0,760.0,0.42,1,Atenção,1,Atenção,1,Atenção,False,99.6,Condição de atenção detectada. Recomenda-se acompanhar a evolução dos sensores e verificar tendência dos dados.
2026-06-09T18:42:00.525452,-23.71,-46.41,39.5,18.0,998.0,28.0,0.5,940.0,0.18,3,Crítico,1,Atenção,3,Crítico,True,80.8,"Condição crítica detectada. Recomenda-se acionar plano de resposta, monitorar a região em tempo real e priorizar medidas preventivas."
2026-06-09T18:42:05.797253,-23.71,-46.41,24.0,92.0,985.0,72.0,48.0,180.0,0.58,3,Crítico,1,Atenção,3,Crítico,True,81.6,"Condição crítica detectada. Recomenda-se acionar plano de resposta, monitorar a região em tempo real e priorizar medidas preventivas."
2026-06-09T18:42:11.079852,-23.71,-46.41,25.0,65.0,1013.0,12.0,2.0,550.0,0.65,0,Normal,0,Normal,0,Normal,False,98.36,Condição ambiental dentro do padrão. Manter monitoramento contínuo.
2026-06-09T18:42:16.431427,-23.71,-46.41,32.0,38.0,1008.0,30.0,5.0,760.0,0.42,1,Atenção,1,Atenção,1,Atenção,False,99.6,Condição de atenção detectada. Recomenda-se acompanhar a evolução dos sensores e verificar tendência dos dados.
2026-06-09T18:42:21.760655,-23.71,-46.41,39.5,18.0,998.0,28.0,0.5,940.0,0.18,3,Crítico,1,Atenção,3,Crítico,True,80.8,"Condição crítica detectada. Recomenda-se acionar plano de resposta, monitorar a região em tempo real e priorizar medidas preventivas."
2026-06-09T18:42:28.094732,-23.71,-46.41,24.0,92.0,985.0,72.0,48.0,180.0,0.58,3,Crítico,1,Atenção,3,Crítico,True,81.6,"Condição crítica detectada. Recomenda-se acionar plano de resposta, monitorar a região em tempo real e priorizar medidas preventivas."
2026-06-09T18:42:34.315883,-23.71,-46.41,25.0,65.0,1013.0,12.0,2.0,550.0,0.65,0,Normal,0,Normal,0,Normal,False,98.36,Condição ambiental dentro do padrão. Manter monitoramento contínuo.
2026-06-09T18:42:41.988588,-23.71,-46.41,32.0,38.0,1008.0,30.0,5.0,760.0,0.42,1,Atenção,1,Atenção,1,Atenção,False,99.6,Condição de atenção detectada. Recomenda-se acompanhar a evolução dos sensores e verificar tendência dos dados.
2026-06-09T18:42:47.917032,-23.71,-46.41,39.5,18.0,998.0,28.0,0.5,940.0,0.18,3,Crítico,1,Atenção,3,Crítico,True,80.8,"Condição crítica detectada. Recomenda-se acionar plano de resposta, monitorar a região em tempo real e priorizar medidas preventivas."
2026-06-09T18:42:53.303433,-23.71,-46.41,24.0,92.0,985.0,72.0,48.0,180.0,0.58,3,Crítico,1,Atenção,3,Crítico,True,81.6,"Condição crítica detectada. Recomenda-se acionar plano de resposta, monitorar a região em tempo real e priorizar medidas preventivas."
2026-06-09T18:42:58.664067,-23.71,-46.41,25.0,65.0,1013.0,12.0,2.0,550.0,0.65,0,Normal,0,Normal,0,Normal,False,98.36,Condição ambiental dentro do padrão. Manter monitoramento contínuo.
2026-06-09T18:43:03.990604,-23.71,-46.41,32.0,38.0,1008.0,30.0,5.0,760.0,0.42,1,Atenção,1,Atenção,1,Atenção,False,99.6,Condição de atenção detectada. Recomenda-se acompanhar a evolução dos sensores e verificar tendência dos dados.
2026-06-09T18:43:09.277481,-23.71,-46.41,39.5,18.0,998.0,28.0,0.5,940.0,0.18,3,Crítico,1,Atenção,3,Crítico,True,80.8,"Condição crítica detectada. Recomenda-se acionar plano de resposta, monitorar a região em tempo real e priorizar medidas preventivas."
2026-06-09T18:43:14.648422,-23.71,-46.41,24.0,92.0,985.0,72.0,48.0,180.0,0.58,3,Crítico,1,Atenção,3,Crítico,True,81.6,"Condição crítica detectada. Recomenda-se acionar plano de resposta, monitorar a região em tempo real e priorizar medidas preventivas."
2026-06-09T18:43:19.910165,-23.71,-46.41,25.0,65.0,1013.0,12.0,2.0,550.0,0.65,0,Normal,0,Normal,0,Normal,False,98.36,Condição ambiental dentro do padrão. Manter monitoramento contínuo.
2026-06-09T18:43:25.272298,-23.71,-46.41,32.0,38.0,1008.0,30.0,5.0,760.0,0.42,1,Atenção,1,Atenção,1,Atenção,False,99.6,Condição de atenção detectada. Recomenda-se acompanhar a evolução dos sensores e verificar tendência dos dados.
2026-06-09T18:43:30.607896,-23.71,-46.41,39.5,18.0,998.0,28.0,0.5,940.0,0.18,3,Crítico,1,Atenção,3,Crítico,True,80.8,"Condição crítica detectada. Recomenda-se acionar plano de resposta, monitorar a região em tempo real e priorizar medidas preventivas."
2026-06-09T18:43:35.939606,-23.71,-46.41,24.0,92.0,985.0,72.0,48.0,180.0,0.58,3,Crítico,1,Atenção,3,Crítico,True,81.6,"Condição crítica detectada. Recomenda-se acionar plano de resposta, monitorar a região em tempo real e priorizar medidas preventivas."
2026-06-09T18:43:41.265964,-23.71,-46.41,25.0,65.0,1013.0,12.0,2.0,550.0,0.65,0,Normal,0,Normal,0,Normal,False,98.36,Condição ambiental dentro do padrão. Manter monitoramento contínuo.
2026-06-09T18:43:46.724774,-23.71,-46.41,32.0,38.0,1008.0,30.0,5.0,760.0,0.42,1,Atenção,1,Atenção,1,Atenção,False,99.6,Condição de atenção detectada. Recomenda-se acompanhar a evolução dos sensores e verificar tendência dos dados.
2026-06-09T18:43:52.126917,-23.71,-46.41,39.5,18.0,998.0,28.0,0.5,940.0,0.18,3,Crítico,1,Atenção,3,Crítico,True,80.8,"Condição crítica detectada. Recomenda-se acionar plano de resposta, monitorar a região em tempo real e priorizar medidas preventivas."
2026-06-09T18:43:57.510896,-23.71,-46.41,24.0,92.0,985.0,72.0,48.0,180.0,0.58,3,Crítico,1,Atenção,3,Crítico,True,81.6,"Condição crítica detectada. Recomenda-se acionar plano de resposta, monitorar a região em tempo real e priorizar medidas preventivas."
2026-06-09T18:44:02.940811,-23.71,-46.41,25.0,65.0,1013.0,12.0,2.0,550.0,0.65,0,Normal,0,Normal,0,Normal,False,98.36,Condição ambiental dentro do padrão. Manter monitoramento contínuo.
2026-06-09T18:44:08.402566,-23.71,-46.41,32.0,38.0,1008.0,30.0,5.0,760.0,0.42,1,Atenção,1,Atenção,1,Atenção,False,99.6,Condição de atenção detectada. Recomenda-se acompanhar a evolução dos sensores e verificar tendência dos dados.
2026-06-09T18:44:13.845974,-23.71,-46.41,39.5,18.0,998.0,28.0,0.5,940.0,0.18,3,Crítico,1,Atenção,3,Crítico,True,80.8,"Condição crítica detectada. Recomenda-se acionar plano de resposta, monitorar a região em tempo real e priorizar medidas preventivas."
2026-06-09T18:44:19.192228,-23.71,-46.41,24.0,92.0,985.0,72.0,48.0,180.0,0.58,3,Crítico,1,Atenção,3,Crítico,True,81.6,"Condição crítica detectada. Recomenda-se acionar plano de resposta, monitorar a região em tempo real e priorizar medidas preventivas."
2026-06-09T18:44:24.625758,-23.71,-46.41,25.0,65.0,1013.0,12.0,2.0,550.0,0.65,0,Normal,0,Normal,0,Normal,False,98.36,Condição ambiental dentro do padrão. Manter monitoramento contínuo.
2026-06-09T18:44:30.029020,-23.71,-46.41,32.0,38.0,1008.0,30.0,5.0,760.0,0.42,1,Atenção,1,Atenção,1,Atenção,False,99.6,Condição de atenção detectada. Recomenda-se acompanhar a evolução dos sensores e verificar tendência dos dados.
2026-06-09T18:44:35.406980,-23.71,-46.41,39.5,18.0,998.0,28.0,0.5,940.0,0.18,3,Crítico,1,Atenção,3,Crítico,True,80.8,"Condição crítica detectada. Recomenda-se acionar plano de resposta, monitorar a região em tempo real e priorizar medidas preventivas."
2026-06-09T18:44:40.771398,-23.71,-46.41,24.0,92.0,985.0,72.0,48.0,180.0,0.58,3,Crítico,1,Atenção,3,Crítico,True,81.6,"Condição crítica detectada. Recomenda-se acionar plano de resposta, monitorar a região em tempo real e priorizar medidas preventivas."
2026-06-09T18:44:46.156267,-23.71,-46.41,25.0,65.0,1013.0,12.0,2.0,550.0,0.65,0,Normal,0,Normal,0,Normal,False,98.36,Condição ambiental dentro do padrão. Manter monitoramento contínuo.
2026-06-09T18:44:51.468850,-23.71,-46.41,32.0,38.0,1008.0,30.0,5.0,760.0,0.42,1,Atenção,1,Atenção,1,Atenção,False,99.6,Condição de atenção detectada. Recomenda-se acompanhar a evolução dos sensores e verificar tendência dos dados.
2026-06-09T18:44:56.838985,-23.71,-46.41,39.5,18.0,998.0,28.0,0.5,940.0,0.18,3,Crítico,1,Atenção,3,Crítico,True,80.8,"Condição crítica detectada. Recomenda-se acionar plano de resposta, monitorar a região em tempo real e priorizar medidas preventivas."
2026-06-09T18:45:02.155824,-23.71,-46.41,24.0,92.0,985.0,72.0,48.0,180.0,0.58,3,Crítico,1,Atenção,3,Crítico,True,81.6,"Condição crítica detectada. Recomenda-se acionar plano de resposta, monitorar a região em tempo real e priorizar medidas preventivas."
2026-06-09T18:45:07.625881,-23.71,-46.41,25.0,65.0,1013.0,12.0,2.0,550.0,0.65,0,Normal,0,Normal,0,Normal,False,98.36,Condição ambiental dentro do padrão. Manter monitoramento contínuo.
2026-06-09T18:45:12.978160,-23.71,-46.41,32.0,38.0,1008.0,30.0,5.0,760.0,0.42,1,Atenção,1,Atenção,1,Atenção,False,99.6,Condição de atenção detectada. Recomenda-se acompanhar a evolução dos sensores e verificar tendência dos dados.
2026-06-09T18:45:18.353742,-23.71,-46.41,39.5,18.0,998.0,28.0,0.5,940.0,0.18,3,Crítico,1,Atenção,3,Crítico,True,80.8,"Condição crítica detectada. Recomenda-se acionar plano de resposta, monitorar a região em tempo real e priorizar medidas preventivas."
2026-06-09T18:45:23.703414,-23.71,-46.41,24.0,92.0,985.0,72.0,48.0,180.0,0.58,3,Crítico,1,Atenção,3,Crítico,True,81.6,"Condição crítica detectada. Recomenda-se acionar plano de resposta, monitorar a região em tempo real e priorizar medidas preventivas."
2026-06-09T18:45:29.066063,-23.71,-46.41,25.0,65.0,1013.0,12.0,2.0,550.0,0.65,0,Normal,0,Normal,0,Normal,False,98.36,Condição ambiental dentro do padrão. Manter monitoramento contínuo.
2026-06-09T18:45:34.382428,-23.71,-46.41,32.0,38.0,1008.0,30.0,5.0,760.0,0.42,1,Atenção,1,Atenção,1,Atenção,False,99.6,Condição de atenção detectada. Recomenda-se acompanhar a evolução dos sensores e verificar tendência dos dados.
2026-06-09T18:45:39.751679,-23.71,-46.41,39.5,18.0,998.0,28.0,0.5,940.0,0.18,3,Crítico,1,Atenção,3,Crítico,True,80.8,"Condição crítica detectada. Recomenda-se acionar plano de resposta, monitorar a região em tempo real e priorizar medidas preventivas."
2026-06-09T18:45:45.079828,-23.71,-46.41,24.0,92.0,985.0,72.0,48.0,180.0,0.58,3,Crítico,1,Atenção,3,Crítico,True,81.6,"Condição crítica detectada. Recomenda-se acionar plano de resposta, monitorar a região em tempo real e priorizar medidas preventivas."
2026-06-09T18:45:50.538593,-23.71,-46.41,25.0,65.0,1013.0,12.0,2.0,550.0,0.65,0,Normal,0,Normal,0,Normal,False,98.36,Condição ambiental dentro do padrão. Manter monitoramento contínuo.
2026-06-09T18:45:55.821280,-23.71,-46.41,32.0,38.0,1008.0,30.0,5.0,760.0,0.42,1,Atenção,1,Atenção,1,Atenção,False,99.6,Condição de atenção detectada. Recomenda-se acompanhar a evolução dos sensores e verificar tendência dos dados.
2026-06-09T18:46:01.258866,-23.71,-46.41,39.5,18.0,998.0,28.0,0.5,940.0,0.18,3,Crítico,1,Atenção,3,Crítico,True,80.8,"Condição crítica detectada. Recomenda-se acionar plano de resposta, monitorar a região em tempo real e priorizar medidas preventivas."
2026-06-09T18:46:07.112227,-23.71,-46.41,24.0,92.0,985.0,72.0,48.0,180.0,0.58,3,Crítico,1,Atenção,3,Crítico,True,81.6,"Condição crítica detectada. Recomenda-se acionar plano de resposta, monitorar a região em tempo real e priorizar medidas preventivas."
2026-06-09T18:46:12.809493,-23.71,-46.41,25.0,65.0,1013.0,12.0,2.0,550.0,0.65,0,Normal,0,Normal,0,Normal,False,98.36,Condição ambiental dentro do padrão. Manter monitoramento contínuo.
2026-06-09T18:46:18.494715,-23.71,-46.41,32.0,38.0,1008.0,30.0,5.0,760.0,0.42,1,Atenção,1,Atenção,1,Atenção,False,99.6,Condição de atenção detectada. Recomenda-se acompanhar a evolução dos sensores e verificar tendência dos dados.
2026-06-09T18:46:26.201566,-23.71,-46.41,39.5,18.0,998.0,28.0,0.5,940.0,0.18,3,Crítico,1,Atenção,3,Crítico,True,80.8,"Condição crítica detectada. Recomenda-se acionar plano de resposta, monitorar a região em tempo real e priorizar medidas preventivas."
2026-06-09T18:46:33.504997,-23.71,-46.41,24.0,92.0,985.0,72.0,48.0,180.0,0.58,3,Crítico,1,Atenção,3,Crítico,True,81.6,"Condição crítica detectada. Recomenda-se acionar plano de resposta, monitorar a região em tempo real e priorizar medidas preventivas."
2026-06-09T18:46:39.044114,-23.71,-46.41,25.0,65.0,1013.0,12.0,2.0,550.0,0.65,0,Normal,0,Normal,0,Normal,False,98.36,Condição ambiental dentro do padrão. Manter monitoramento contínuo.
2026-06-09T18:46:44.416229,-23.71,-46.41,32.0,38.0,1008.0,30.0,5.0,760.0,0.42,1,Atenção,1,Atenção,1,Atenção,False,99.6,Condição de atenção detectada. Recomenda-se acompanhar a evolução dos sensores e verificar tendência dos dados.
2026-06-09T18:46:49.775474,-23.71,-46.41,39.5,18.0,998.0,28.0,0.5,940.0,0.18,3,Crítico,1,Atenção,3,Crítico,True,80.8,"Condição crítica detectada. Recomenda-se acionar plano de resposta, monitorar a região em tempo real e priorizar medidas preventivas."
2026-06-09T18:46:55.179272,-23.71,-46.41,24.0,92.0,985.0,72.0,48.0,180.0,0.58,3,Crítico,1,Atenção,3,Crítico,True,81.6,"Condição crítica detectada. Recomenda-se acionar plano de resposta, monitorar a região em tempo real e priorizar medidas preventivas."
2026-06-09T18:47:00.444927,-23.71,-46.41,25.0,65.0,1013.0,12.0,2.0,550.0,0.65,0,Normal,0,Normal,0,Normal,False,98.36,Condição ambiental dentro do padrão. Manter monitoramento contínuo.
2026-06-09T18:47:05.673452,-23.71,-46.41,32.0,38.0,1008.0,30.0,5.0,760.0,0.42,1,Atenção,1,Atenção,1,Atenção,False,99.6,Condição de atenção detectada. Recomenda-se acompanhar a evolução dos sensores e verificar tendência dos dados.
2026-06-09T18:47:10.917263,-23.71,-46.41,39.5,18.0,998.0,28.0,0.5,940.0,0.18,3,Crítico,1,Atenção,3,Crítico,True,80.8,"Condição crítica detectada. Recomenda-se acionar plano de resposta, monitorar a região em tempo real e priorizar medidas preventivas."
2026-06-09T18:47:17.062595,-23.71,-46.41,24.0,92.0,985.0,72.0,48.0,180.0,0.58,3,Crítico,1,Atenção,3,Crítico,True,81.6,"Condição crítica detectada. Recomenda-se acionar plano de resposta, monitorar a região em tempo real e priorizar medidas preventivas."
2026-06-09T18:47:23.508224,-23.71,-46.41,25.0,65.0,1013.0,12.0,2.0,550.0,0.65,0,Normal,0,Normal,0,Normal,False,98.36,Condição ambiental dentro do padrão. Manter monitoramento contínuo.
2026-06-09T18:47:31.937016,-23.71,-46.41,32.0,38.0,1008.0,30.0,5.0,760.0,0.42,1,Atenção,1,Atenção,1,Atenção,False,99.6,Condição de atenção detectada. Recomenda-se acompanhar a evolução dos sensores e verificar tendência dos dados.
2026-06-09T18:47:37.190166,-23.71,-46.41,39.5,18.0,998.0,28.0,0.5,940.0,0.18,3,Crítico,1,Atenção,3,Crítico,True,80.8,"Condição crítica detectada. Recomenda-se acionar plano de resposta, monitorar a região em tempo real e priorizar medidas preventivas."
2026-06-09T18:47:42.752859,-23.71,-46.41,24.0,92.0,985.0,72.0,48.0,180.0,0.58,3,Crítico,1,Atenção,3,Crítico,True,81.6,"Condição crítica detectada. Recomenda-se acionar plano de resposta, monitorar a região em tempo real e priorizar medidas preventivas."
2026-06-09T18:47:49.248526,-23.71,-46.41,25.0,65.0,1013.0,12.0,2.0,550.0,0.65,0,Normal,0,Normal,0,Normal,False,98.36,Condição ambiental dentro do padrão. Manter monitoramento contínuo.
2026-06-09T18:47:54.963525,-23.71,-46.41,32.0,38.0,1008.0,30.0,5.0,760.0,0.42,1,Atenção,1,Atenção,1,Atenção,False,99.6,Condição de atenção detectada. Recomenda-se acompanhar a evolução dos sensores e verificar tendência dos dados.
2026-06-09T18:48:00.202748,-23.71,-46.41,39.5,18.0,998.0,28.0,0.5,940.0,0.18,3,Crítico,1,Atenção,3,Crítico,True,80.8,"Condição crítica detectada. Recomenda-se acionar plano de resposta, monitorar a região em tempo real e priorizar medidas preventivas."
2026-06-09T18:48:05.419344,-23.71,-46.41,24.0,92.0,985.0,72.0,48.0,180.0,0.58,3,Crítico,1,Atenção,3,Crítico,True,81.6,"Condição crítica detectada. Recomenda-se acionar plano de resposta, monitorar a região em tempo real e priorizar medidas preventivas."
2026-06-09T18:48:10.613746,-23.71,-46.41,25.0,65.0,1013.0,12.0,2.0,550.0,0.65,0,Normal,0,Normal,0,Normal,False,98.36,Condição ambiental dentro do padrão. Manter monitoramento contínuo.
2026-06-09T18:48:15.827040,-23.71,-46.41,32.0,38.0,1008.0,30.0,5.0,760.0,0.42,1,Atenção,1,Atenção,1,Atenção,False,99.6,Condição de atenção detectada. Recomenda-se acompanhar a evolução dos sensores e verificar tendência dos dados.
2026-06-09T18:48:21.058507,-23.71,-46.41,39.5,18.0,998.0,28.0,0.5,940.0,0.18,3,Crítico,1,Atenção,3,Crítico,True,80.8,"Condição crítica detectada. Recomenda-se acionar plano de resposta, monitorar a região em tempo real e priorizar medidas preventivas."
2026-06-09T18:48:26.336908,-23.71,-46.41,24.0,92.0,985.0,72.0,48.0,180.0,0.58,3,Crítico,1,Atenção,3,Crítico,True,81.6,"Condição crítica detectada. Recomenda-se acionar plano de resposta, monitorar a região em tempo real e priorizar medidas preventivas."
2026-06-09T18:48:31.533774,-23.71,-46.41,25.0,65.0,1013.0,12.0,2.0,550.0,0.65,0,Normal,0,Normal,0,Normal,False,98.36,Condição ambiental dentro do padrão. Manter monitoramento contínuo.
2026-06-09T18:48:36.736145,-23.71,-46.41,32.0,38.0,1008.0,30.0,5.0,760.0,0.42,1,Atenção,1,Atenção,1,Atenção,False,99.6,Condição de atenção detectada. Recomenda-se acompanhar a evolução dos sensores e verificar tendência dos dados.
2026-06-09T18:48:41.948361,-23.71,-46.41,39.5,18.0,998.0,28.0,0.5,940.0,0.18,3,Crítico,1,Atenção,3,Crítico,True,80.8,"Condição crítica detectada. Recomenda-se acionar plano de resposta, monitorar a região em tempo real e priorizar medidas preventivas."
2026-06-09T18:48:47.171163,-23.71,-46.41,24.0,92.0,985.0,72.0,48.0,180.0,0.58,3,Crítico,1,Atenção,3,Crítico,True,81.6,"Condição crítica detectada. Recomenda-se acionar plano de resposta, monitorar a região em tempo real e priorizar medidas preventivas."
2026-06-09T18:48:52.428491,-23.71,-46.41,25.0,65.0,1013.0,12.0,2.0,550.0,0.65,0,Normal,0,Normal,0,Normal,False,98.36,Condição ambiental dentro do padrão. Manter monitoramento contínuo.
2026-06-09T18:48:57.668902,-23.71,-46.41,32.0,38.0,1008.0,30.0,5.0,760.0,0.42,1,Atenção,1,Atenção,1,Atenção,False,99.6,Condição de atenção detectada. Recomenda-se acompanhar a evolução dos sensores e verificar tendência dos dados.
2026-06-09T18:49:03.258947,-23.71,-46.41,39.5,18.0,998.0,28.0,0.5,940.0,0.18,3,Crítico,1,Atenção,3,Crítico,True,80.8,"Condição crítica detectada. Recomenda-se acionar plano de resposta, monitorar a região em tempo real e priorizar medidas preventivas."
2026-06-09T18:49:08.614641,-23.71,-46.41,24.0,92.0,985.0,72.0,48.0,180.0,0.58,3,Crítico,1,Atenção,3,Crítico,True,81.6,"Condição crítica detectada. Recomenda-se acionar plano de resposta, monitorar a região em tempo real e priorizar medidas preventivas."
2026-06-09T18:49:13.999885,-23.71,-46.41,25.0,65.0,1013.0,12.0,2.0,550.0,0.65,0,Normal,0,Normal,0,Normal,False,98.36,Condição ambiental dentro do padrão. Manter monitoramento contínuo.
2026-06-09T18:49:19.312587,-23.71,-46.41,32.0,38.0,1008.0,30.0,5.0,760.0,0.42,1,Atenção,1,Atenção,1,Atenção,False,99.6,Condição de atenção detectada. Recomenda-se acompanhar a evolução dos sensores e verificar tendência dos dados.
2026-06-09T18:49:24.636206,-23.71,-46.41,39.5,18.0,998.0,28.0,0.5,940.0,0.18,3,Crítico,1,Atenção,3,Crítico,True,80.8,"Condição crítica detectada. Recomenda-se acionar plano de resposta, monitorar a região em tempo real e priorizar medidas preventivas."
2026-06-09T18:49:30.016520,-23.71,-46.41,24.0,92.0,985.0,72.0,48.0,180.0,0.58,3,Crítico,1,Atenção,3,Crítico,True,81.6,"Condição crítica detectada. Recomenda-se acionar plano de resposta, monitorar a região em tempo real e priorizar medidas preventivas."
2026-06-09T18:49:35.524545,-23.71,-46.41,25.0,65.0,1013.0,12.0,2.0,550.0,0.65,0,Normal,0,Normal,0,Normal,False,98.36,Condição ambiental dentro do padrão. Manter monitoramento contínuo.
2026-06-09T18:49:40.860710,-23.71,-46.41,32.0,38.0,1008.0,30.0,5.0,760.0,0.42,1,Atenção,1,Atenção,1,Atenção,False,99.6,Condição de atenção detectada. Recomenda-se acompanhar a evolução dos sensores e verificar tendência dos dados.
2026-06-09T18:49:46.225716,-23.71,-46.41,39.5,18.0,998.0,28.0,0.5,940.0,0.18,3,Crítico,1,Atenção,3,Crítico,True,80.8,"Condição crítica detectada. Recomenda-se acionar plano de resposta, monitorar a região em tempo real e priorizar medidas preventivas."
2026-06-09T18:49:51.587153,-23.71,-46.41,24.0,92.0,985.0,72.0,48.0,180.0,0.58,3,Crítico,1,Atenção,3,Crítico,True,81.6,"Condição crítica detectada. Recomenda-se acionar plano de resposta, monitorar a região em tempo real e priorizar medidas preventivas."
2026-06-09T18:49:56.894088,-23.71,-46.41,25.0,65.0,1013.0,12.0,2.0,550.0,0.65,0,Normal,0,Normal,0,Normal,False,98.36,Condição ambiental dentro do padrão. Manter monitoramento contínuo.
2026-06-09T18:50:02.259422,-23.71,-46.41,32.0,38.0,1008.0,30.0,5.0,760.0,0.42,1,Atenção,1,Atenção,1,Atenção,False,99.6,Condição de atenção detectada. Recomenda-se acompanhar a evolução dos sensores e verificar tendência dos dados.
2026-06-09T18:50:07.682666,-23.71,-46.41,39.5,18.0,998.0,28.0,0.5,940.0,0.18,3,Crítico,1,Atenção,3,Crítico,True,80.8,"Condição crítica detectada. Recomenda-se acionar plano de resposta, monitorar a região em tempo real e priorizar medidas preventivas."
2026-06-09T18:50:12.966909,-23.71,-46.41,24.0,92.0,985.0,72.0,48.0,180.0,0.58,3,Crítico,1,Atenção,3,Crítico,True,81.6,"Condição crítica detectada. Recomenda-se acionar plano de resposta, monitorar a região em tempo real e priorizar medidas preventivas."
2026-06-09T18:50:18.289197,-23.71,-46.41,25.0,65.0,1013.0,12.0,2.0,550.0,0.65,0,Normal,0,Normal,0,Normal,False,98.36,Condição ambiental dentro do padrão. Manter monitoramento contínuo.
2026-06-09T18:50:23.588352,-23.71,-46.41,32.0,38.0,1008.0,30.0,5.0,760.0,0.42,1,Atenção,1,Atenção,1,Atenção,False,99.6,Condição de atenção detectada. Recomenda-se acompanhar a evolução dos sensores e verificar tendência dos dados.
2026-06-09T18:50:28.937364,-23.71,-46.41,39.5,18.0,998.0,28.0,0.5,940.0,0.18,3,Crítico,1,Atenção,3,Crítico,True,80.8,"Condição crítica detectada. Recomenda-se acionar plano de resposta, monitorar a região em tempo real e priorizar medidas preventivas."
2026-06-09T18:50:34.294895,-23.71,-46.41,24.0,92.0,985.0,72.0,48.0,180.0,0.58,3,Crítico,1,Atenção,3,Crítico,True,81.6,"Condição crítica detectada. Recomenda-se acionar plano de resposta, monitorar a região em tempo real e priorizar medidas preventivas."
2026-06-09T18:50:39.678157,-23.71,-46.41,25.0,65.0,1013.0,12.0,2.0,550.0,0.65,0,Normal,0,Normal,0,Normal,False,98.36,Condição ambiental dentro do padrão. Manter monitoramento contínuo.
2026-06-09T18:50:45.072272,-23.71,-46.41,32.0,38.0,1008.0,30.0,5.0,760.0,0.42,1,Atenção,1,Atenção,1,Atenção,False,99.6,Condição de atenção detectada. Recomenda-se acompanhar a evolução dos sensores e verificar tendência dos dados.
2026-06-09T18:50:50.433612,-23.71,-46.41,39.5,18.0,998.0,28.0,0.5,940.0,0.18,3,Crítico,1,Atenção,3,Crítico,True,80.8,"Condição crítica detectada. Recomenda-se acionar plano de resposta, monitorar a região em tempo real e priorizar medidas preventivas."
2026-06-09T18:50:55.802405,-23.71,-46.41,24.0,92.0,985.0,72.0,48.0,180.0,0.58,3,Crítico,1,Atenção,3,Crítico,True,81.6,"Condição crítica detectada. Recomenda-se acionar plano de resposta, monitorar a região em tempo real e priorizar medidas preventivas."
2026-06-09T18:51:01.125799,-23.71,-46.41,25.0,65.0,1013.0,12.0,2.0,550.0,0.65,0,Normal,0,Normal,0,Normal,False,98.36,Condição ambiental dentro do padrão. Manter monitoramento contínuo.
2026-06-09T18:51:06.499101,-23.71,-46.41,32.0,38.0,1008.0,30.0,5.0,760.0,0.42,1,Atenção,1,Atenção,1,Atenção,False,99.6,Condição de atenção detectada. Recomenda-se acompanhar a evolução dos sensores e verificar tendência dos dados.
2026-06-09T18:51:11.823747,-23.71,-46.41,39.5,18.0,998.0,28.0,0.5,940.0,0.18,3,Crítico,1,Atenção,3,Crítico,True,80.8,"Condição crítica detectada. Recomenda-se acionar plano de resposta, monitorar a região em tempo real e priorizar medidas preventivas."
2026-06-09T18:51:17.198741,-23.71,-46.41,24.0,92.0,985.0,72.0,48.0,180.0,0.58,3,Crítico,1,Atenção,3,Crítico,True,81.6,"Condição crítica detectada. Recomenda-se acionar plano de resposta, monitorar a região em tempo real e priorizar medidas preventivas."
2026-06-09T18:51:22.512894,-23.71,-46.41,25.0,65.0,1013.0,12.0,2.0,550.0,0.65,0,Normal,0,Normal,0,Normal,False,98.36,Condição ambiental dentro do padrão. Manter monitoramento contínuo.
2026-06-09T18:51:27.942762,-23.71,-46.41,32.0,38.0,1008.0,30.0,5.0,760.0,0.42,1,Atenção,1,Atenção,1,Atenção,False,99.6,Condição de atenção detectada. Recomenda-se acompanhar a evolução dos sensores e verificar tendência dos dados.
2026-06-09T18:51:33.265839,-23.71,-46.41,39.5,18.0,998.0,28.0,0.5,940.0,0.18,3,Crítico,1,Atenção,3,Crítico,True,80.8,"Condição crítica detectada. Recomenda-se acionar plano de resposta, monitorar a região em tempo real e priorizar medidas preventivas."
2026-06-09T18:51:38.579711,-23.71,-46.41,24.0,92.0,985.0,72.0,48.0,180.0,0.58,3,Crítico,1,Atenção,3,Crítico,True,81.6,"Condição crítica detectada. Recomenda-se acionar plano de resposta, monitorar a região em tempo real e priorizar medidas preventivas."
2026-06-09T18:51:43.783977,-23.71,-46.41,25.0,65.0,1013.0,12.0,2.0,550.0,0.65,0,Normal,0,Normal,0,Normal,False,98.36,Condição ambiental dentro do padrão. Manter monitoramento contínuo.
2026-06-09T18:51:49.185245,-23.71,-46.41,32.0,38.0,1008.0,30.0,5.0,760.0,0.42,1,Atenção,1,Atenção,1,Atenção,False,99.6,Condição de atenção detectada. Recomenda-se acompanhar a evolução dos sensores e verificar tendência dos dados.
2026-06-09T18:51:54.616549,-23.71,-46.41,39.5,18.0,998.0,28.0,0.5,940.0,0.18,3,Crítico,1,Atenção,3,Crítico,True,80.8,"Condição crítica detectada. Recomenda-se acionar plano de resposta, monitorar a região em tempo real e priorizar medidas preventivas."
2026-06-09T18:52:00.004892,-23.71,-46.41,24.0,92.0,985.0,72.0,48.0,180.0,0.58,3,Crítico,1,Atenção,3,Crítico,True,81.6,"Condição crítica detectada. Recomenda-se acionar plano de resposta, monitorar a região em tempo real e priorizar medidas preventivas."
2026-06-09T18:52:05.324447,-23.71,-46.41,25.0,65.0,1013.0,12.0,2.0,550.0,0.65,0,Normal,0,Normal,0,Normal,False,98.36,Condição ambiental dentro do padrão. Manter monitoramento contínuo.
2026-06-09T18:52:10.669519,-23.71,-46.41,32.0,38.0,1008.0,30.0,5.0,760.0,0.42,1,Atenção,1,Atenção,1,Atenção,False,99.6,Condição de atenção detectada. Recomenda-se acompanhar a evolução dos sensores e verificar tendência dos dados.
2026-06-09T18:52:16.034826,-23.71,-46.41,39.5,18.0,998.0,28.0,0.5,940.0,0.18,3,Crítico,1,Atenção,3,Crítico,True,80.8,"Condição crítica detectada. Recomenda-se acionar plano de resposta, monitorar a região em tempo real e priorizar medidas preventivas."
2026-06-09T18:52:21.358919,-23.71,-46.41,24.0,92.0,985.0,72.0,48.0,180.0,0.58,3,Crítico,1,Atenção,3,Crítico,True,81.6,"Condição crítica detectada. Recomenda-se acionar plano de resposta, monitorar a região em tempo real e priorizar medidas preventivas."
2026-06-09T18:52:26.750258,-23.71,-46.41,25.0,65.0,1013.0,12.0,2.0,550.0,0.65,0,Normal,0,Normal,0,Normal,False,98.36,Condição ambiental dentro do padrão. Manter monitoramento contínuo.
2026-06-09T18:52:32.079259,-23.71,-46.41,32.0,38.0,1008.0,30.0,5.0,760.0,0.42,1,Atenção,1,Atenção,1,Atenção,False,99.6,Condição de atenção detectada. Recomenda-se acompanhar a evolução dos sensores e verificar tendência dos dados.
2026-06-09T18:52:37.433266,-23.71,-46.41,39.5,18.0,998.0,28.0,0.5,940.0,0.18,3,Crítico,1,Atenção,3,Crítico,True,80.8,"Condição crítica detectada. Recomenda-se acionar plano de resposta, monitorar a região em tempo real e priorizar medidas preventivas."
2026-06-09T18:52:42.752187,-23.71,-46.41,24.0,92.0,985.0,72.0,48.0,180.0,0.58,3,Crítico,1,Atenção,3,Crítico,True,81.6,"Condição crítica detectada. Recomenda-se acionar plano de resposta, monitorar a região em tempo real e priorizar medidas preventivas."
2026-06-09T18:52:48.114071,-23.71,-46.41,25.0,65.0,1013.0,12.0,2.0,550.0,0.65,0,Normal,0,Normal,0,Normal,False,98.36,Condição ambiental dentro do padrão. Manter monitoramento contínuo.
2026-06-09T18:52:53.438410,-23.71,-46.41,32.0,38.0,1008.0,30.0,5.0,760.0,0.42,1,Atenção,1,Atenção,1,Atenção,False,99.6,Condição de atenção detectada. Recomenda-se acompanhar a evolução dos sensores e verificar tendência dos dados.
2026-06-09T18:52:58.795616,-23.71,-46.41,39.5,18.0,998.0,28.0,0.5,940.0,0.18,3,Crítico,1,Atenção,3,Crítico,True,80.8,"Condição crítica detectada. Recomenda-se acionar plano de resposta, monitorar a região em tempo real e priorizar medidas preventivas."
2026-06-09T18:53:04.204974,-23.71,-46.41,24.0,92.0,985.0,72.0,48.0,180.0,0.58,3,Crítico,1,Atenção,3,Crítico,True,81.6,"Condição crítica detectada. Recomenda-se acionar plano de resposta, monitorar a região em tempo real e priorizar medidas preventivas."
2026-06-09T18:53:09.593945,-23.71,-46.41,25.0,65.0,1013.0,12.0,2.0,550.0,0.65,0,Normal,0,Normal,0,Normal,False,98.36,Condição ambiental dentro do padrão. Manter monitoramento contínuo.
2026-06-09T18:53:14.948955,-23.71,-46.41,32.0,38.0,1008.0,30.0,5.0,760.0,0.42,1,Atenção,1,Atenção,1,Atenção,False,99.6,Condição de atenção detectada. Recomenda-se acompanhar a evolução dos sensores e verificar tendência dos dados.
2026-06-09T18:53:20.202854,-23.71,-46.41,39.5,18.0,998.0,28.0,0.5,940.0,0.18,3,Crítico,1,Atenção,3,Crítico,True,80.8,"Condição crítica detectada. Recomenda-se acionar plano de resposta, monitorar a região em tempo real e priorizar medidas preventivas."
2026-06-09T18:53:25.972841,-23.71,-46.41,24.0,92.0,985.0,72.0,48.0,180.0,0.58,3,Crítico,1,Atenção,3,Crítico,True,81.6,"Condição crítica detectada. Recomenda-se acionar plano de resposta, monitorar a região em tempo real e priorizar medidas preventivas."
2026-06-09T18:53:31.727526,-23.71,-46.41,25.0,65.0,1013.0,12.0,2.0,550.0,0.65,0,Normal,0,Normal,0,Normal,False,98.36,Condição ambiental dentro do padrão. Manter monitoramento contínuo.
2026-06-09T18:53:37.112838,-23.71,-46.41,32.0,38.0,1008.0,30.0,5.0,760.0,0.42,1,Atenção,1,Atenção,1,Atenção,False,99.6,Condição de atenção detectada. Recomenda-se acompanhar a evolução dos sensores e verificar tendência dos dados.
2026-06-09T18:53:42.512097,-23.71,-46.41,39.5,18.0,998.0,28.0,0.5,940.0,0.18,3,Crítico,1,Atenção,3,Crítico,True,80.8,"Condição crítica detectada. Recomenda-se acionar plano de resposta, monitorar a região em tempo real e priorizar medidas preventivas."
2026-06-09T18:53:47.808440,-23.71,-46.41,24.0,92.0,985.0,72.0,48.0,180.0,0.58,3,Crítico,1,Atenção,3,Crítico,True,81.6,"Condição crítica detectada. Recomenda-se acionar plano de resposta, monitorar a região em tempo real e priorizar medidas preventivas."
2026-06-09T18:53:53.100682,-23.71,-46.41,25.0,65.0,1013.0,12.0,2.0,550.0,0.65,0,Normal,0,Normal,0,Normal,False,98.36,Condição ambiental dentro do padrão. Manter monitoramento contínuo.
2026-06-09T18:53:58.458803,-23.71,-46.41,32.0,38.0,1008.0,30.0,5.0,760.0,0.42,1,Atenção,1,Atenção,1,Atenção,False,99.6,Condição de atenção detectada. Recomenda-se acompanhar a evolução dos sensores e verificar tendência dos dados.
2026-06-09T18:54:03.829139,-23.71,-46.41,39.5,18.0,998.0,28.0,0.5,940.0,0.18,3,Crítico,1,Atenção,3,Crítico,True,80.8,"Condição crítica detectada. Recomenda-se acionar plano de resposta, monitorar a região em tempo real e priorizar medidas preventivas."
2026-06-09T18:54:09.088382,-23.71,-46.41,24.0,92.0,985.0,72.0,48.0,180.0,0.58,3,Crítico,1,Atenção,3,Crítico,True,81.6,"Condição crítica detectada. Recomenda-se acionar plano de resposta, monitorar a região em tempo real e priorizar medidas preventivas."
2026-06-09T18:54:14.450982,-23.71,-46.41,25.0,65.0,1013.0,12.0,2.0,550.0,0.65,0,Normal,0,Normal,0,Normal,False,98.36,Condição ambiental dentro do padrão. Manter monitoramento contínuo.
2026-06-09T18:54:19.812926,-23.71,-46.41,32.0,38.0,1008.0,30.0,5.0,760.0,0.42,1,Atenção,1,Atenção,1,Atenção,False,99.6,Condição de atenção detectada. Recomenda-se acompanhar a evolução dos sensores e verificar tendência dos dados.
2026-06-09T18:54:25.099843,-23.71,-46.41,39.5,18.0,998.0,28.0,0.5,940.0,0.18,3,Crítico,1,Atenção,3,Crítico,True,80.8,"Condição crítica detectada. Recomenda-se acionar plano de resposta, monitorar a região em tempo real e priorizar medidas preventivas."
2026-06-09T18:54:30.482190,-23.71,-46.41,24.0,92.0,985.0,72.0,48.0,180.0,0.58,3,Crítico,1,Atenção,3,Crítico,True,81.6,"Condição crítica detectada. Recomenda-se acionar plano de resposta, monitorar a região em tempo real e priorizar medidas preventivas."
2026-06-09T18:54:35.831424,-23.71,-46.41,25.0,65.0,1013.0,12.0,2.0,550.0,0.65,0,Normal,0,Normal,0,Normal,False,98.36,Condição ambiental dentro do padrão. Manter monitoramento contínuo.
2026-06-09T18:54:41.206200,-23.71,-46.41,32.0,38.0,1008.0,30.0,5.0,760.0,0.42,1,Atenção,1,Atenção,1,Atenção,False,99.6,Condição de atenção detectada. Recomenda-se acompanhar a evolução dos sensores e verificar tendência dos dados.
2026-06-09T18:54:46.552397,-23.71,-46.41,39.5,18.0,998.0,28.0,0.5,940.0,0.18,3,Crítico,1,Atenção,3,Crítico,True,80.8,"Condição crítica detectada. Recomenda-se acionar plano de resposta, monitorar a região em tempo real e priorizar medidas preventivas."
2026-06-09T18:54:52.020099,-23.71,-46.41,24.0,92.0,985.0,72.0,48.0,180.0,0.58,3,Crítico,1,Atenção,3,Crítico,True,81.6,"Condição crítica detectada. Recomenda-se acionar plano de resposta, monitorar a região em tempo real e priorizar medidas preventivas."
2026-06-09T18:54:57.410780,-23.71,-46.41,25.0,65.0,1013.0,12.0,2.0,550.0,0.65,0,Normal,0,Normal,0,Normal,False,98.36,Condição ambiental dentro do padrão. Manter monitoramento contínuo.
2026-06-09T18:55:02.777655,-23.71,-46.41,32.0,38.0,1008.0,30.0,5.0,760.0,0.42,1,Atenção,1,Atenção,1,Atenção,False,99.6,Condição de atenção detectada. Recomenda-se acompanhar a evolução dos sensores e verificar tendência dos dados.
2026-06-09T18:55:08.093998,-23.71,-46.41,39.5,18.0,998.0,28.0,0.5,940.0,0.18,3,Crítico,1,Atenção,3,Crítico,True,80.8,"Condição crítica detectada. Recomenda-se acionar plano de resposta, monitorar a região em tempo real e priorizar medidas preventivas."
2026-06-09T18:55:13.457541,-23.71,-46.41,24.0,92.0,985.0,72.0,48.0,180.0,0.58,3,Crítico,1,Atenção,3,Crítico,True,81.6,"Condição crítica detectada. Recomenda-se acionar plano de resposta, monitorar a região em tempo real e priorizar medidas preventivas."
2026-06-09T18:55:18.899494,-23.71,-46.41,25.0,65.0,1013.0,12.0,2.0,550.0,0.65,0,Normal,0,Normal,0,Normal,False,98.36,Condição ambiental dentro do padrão. Manter monitoramento contínuo.
2026-06-09T18:55:24.217503,-23.71,-46.41,32.0,38.0,1008.0,30.0,5.0,760.0,0.42,1,Atenção,1,Atenção,1,Atenção,False,99.6,Condição de atenção detectada. Recomenda-se acompanhar a evolução dos sensores e verificar tendência dos dados.
2026-06-09T18:55:29.417634,-23.71,-46.41,39.5,18.0,998.0,28.0,0.5,940.0,0.18,3,Crítico,1,Atenção,3,Crítico,True,80.8,"Condição crítica detectada. Recomenda-se acionar plano de resposta, monitorar a região em tempo real e priorizar medidas preventivas."
2026-06-09T18:55:34.841451,-23.71,-46.41,24.0,92.0,985.0,72.0,48.0,180.0,0.58,3,Crítico,1,Atenção,3,Crítico,True,81.6,"Condição crítica detectada. Recomenda-se acionar plano de resposta, monitorar a região em tempo real e priorizar medidas preventivas."
2026-06-09T18:55:40.189556,-23.71,-46.41,25.0,65.0,1013.0,12.0,2.0,550.0,0.65,0,Normal,0,Normal,0,Normal,False,98.36,Condição ambiental dentro do padrão. Manter monitoramento contínuo.
2026-06-09T18:55:45.589223,-23.71,-46.41,32.0,38.0,1008.0,30.0,5.0,760.0,0.42,1,Atenção,1,Atenção,1,Atenção,False,99.6,Condição de atenção detectada. Recomenda-se acompanhar a evolução dos sensores e verificar tendência dos dados.
2026-06-09T18:55:50.886400,-23.71,-46.41,39.5,18.0,998.0,28.0,0.5,940.0,0.18,3,Crítico,1,Atenção,3,Crítico,True,80.8,"Condição crítica detectada. Recomenda-se acionar plano de resposta, monitorar a região em tempo real e priorizar medidas preventivas."
2026-06-09T18:55:56.248895,-23.71,-46.41,24.0,92.0,985.0,72.0,48.0,180.0,0.58,3,Crítico,1,Atenção,3,Crítico,True,81.6,"Condição crítica detectada. Recomenda-se acionar plano de resposta, monitorar a região em tempo real e priorizar medidas preventivas."
2026-06-09T18:56:01.539601,-23.71,-46.41,25.0,65.0,1013.0,12.0,2.0,550.0,0.65,0,Normal,0,Normal,0,Normal,False,98.36,Condição ambiental dentro do padrão. Manter monitoramento contínuo.
2026-06-09T18:56:06.886385,-23.71,-46.41,32.0,38.0,1008.0,30.0,5.0,760.0,0.42,1,Atenção,1,Atenção,1,Atenção,False,99.6,Condição de atenção detectada. Recomenda-se acompanhar a evolução dos sensores e verificar tendência dos dados.
2026-06-09T18:56:12.218944,-23.71,-46.41,39.5,18.0,998.0,28.0,0.5,940.0,0.18,3,Crítico,1,Atenção,3,Crítico,True,80.8,"Condição crítica detectada. Recomenda-se acionar plano de resposta, monitorar a região em tempo real e priorizar medidas preventivas."
2026-06-09T18:56:17.590434,-23.71,-46.41,24.0,92.0,985.0,72.0,48.0,180.0,0.58,3,Crítico,1,Atenção,3,Crítico,True,81.6,"Condição crítica detectada. Recomenda-se acionar plano de resposta, monitorar a região em tempo real e priorizar medidas preventivas."
2026-06-09T18:56:22.923725,-23.71,-46.41,25.0,65.0,1013.0,12.0,2.0,550.0,0.65,0,Normal,0,Normal,0,Normal,False,98.36,Condição ambiental dentro do padrão. Manter monitoramento contínuo.
2026-06-09T18:56:28.338034,-23.71,-46.41,32.0,38.0,1008.0,30.0,5.0,760.0,0.42,1,Atenção,1,Atenção,1,Atenção,False,99.6,Condição de atenção detectada. Recomenda-se acompanhar a evolução dos sensores e verificar tendência dos dados.
2026-06-09T18:56:33.727093,-23.71,-46.41,39.5,18.0,998.0,28.0,0.5,940.0,0.18,3,Crítico,1,Atenção,3,Crítico,True,80.8,"Condição crítica detectada. Recomenda-se acionar plano de resposta, monitorar a região em tempo real e priorizar medidas preventivas."
2026-06-09T18:56:39.066855,-23.71,-46.41,24.0,92.0,985.0,72.0,48.0,180.0,0.58,3,Crítico,1,Atenção,3,Crítico,True,81.6,"Condição crítica detectada. Recomenda-se acionar plano de resposta, monitorar a região em tempo real e priorizar medidas preventivas."
2026-06-09T18:56:44.483624,-23.71,-46.41,25.0,65.0,1013.0,12.0,2.0,550.0,0.65,0,Normal,0,Normal,0,Normal,False,98.36,Condição ambiental dentro do padrão. Manter monitoramento contínuo.
2026-06-09T18:56:49.854657,-23.71,-46.41,32.0,38.0,1008.0,30.0,5.0,760.0,0.42,1,Atenção,1,Atenção,1,Atenção,False,99.6,Condição de atenção detectada. Recomenda-se acompanhar a evolução dos sensores e verificar tendência dos dados.
2026-06-09T18:56:55.199917,-23.71,-46.41,39.5,18.0,998.0,28.0,0.5,940.0,0.18,3,Crítico,1,Atenção,3,Crítico,True,80.8,"Condição crítica detectada. Recomenda-se acionar plano de resposta, monitorar a região em tempo real e priorizar medidas preventivas."
2026-06-09T18:57:00.615026,-23.71,-46.41,24.0,92.0,985.0,72.0,48.0,180.0,0.58,3,Crítico,1,Atenção,3,Crítico,True,81.6,"Condição crítica detectada. Recomenda-se acionar plano de resposta, monitorar a região em tempo real e priorizar medidas preventivas."
2026-06-09T18:57:05.907924,-23.71,-46.41,25.0,65.0,1013.0,12.0,2.0,550.0,0.65,0,Normal,0,Normal,0,Normal,False,98.36,Condição ambiental dentro do padrão. Manter monitoramento contínuo.
2026-06-09T18:57:11.484431,-23.71,-46.41,32.0,38.0,1008.0,30.0,5.0,760.0,0.42,1,Atenção,1,Atenção,1,Atenção,False,99.6,Condição de atenção detectada. Recomenda-se acompanhar a evolução dos sensores e verificar tendência dos dados.
2026-06-09T18:57:17.046663,-23.71,-46.41,39.5,18.0,998.0,28.0,0.5,940.0,0.18,3,Crítico,1,Atenção,3,Crítico,True,80.8,"Condição crítica detectada. Recomenda-se acionar plano de resposta, monitorar a região em tempo real e priorizar medidas preventivas."
2026-06-09T18:57:22.456440,-23.71,-46.41,24.0,92.0,985.0,72.0,48.0,180.0,0.58,3,Crítico,1,Atenção,3,Crítico,True,81.6,"Condição crítica detectada. Recomenda-se acionar plano de resposta, monitorar a região em tempo real e priorizar medidas preventivas."
2026-06-09T18:57:27.881014,-23.71,-46.41,25.0,65.0,1013.0,12.0,2.0,550.0,0.65,0,Normal,0,Normal,0,Normal,False,98.36,Condição ambiental dentro do padrão. Manter monitoramento contínuo.
2026-06-09T18:57:33.194498,-23.71,-46.41,32.0,38.0,1008.0,30.0,5.0,760.0,0.42,1,Atenção,1,Atenção,1,Atenção,False,99.6,Condição de atenção detectada. Recomenda-se acompanhar a evolução dos sensores e verificar tendência dos dados.
2026-06-09T18:57:38.514314,-23.71,-46.41,39.5,18.0,998.0,28.0,0.5,940.0,0.18,3,Crítico,1,Atenção,3,Crítico,True,80.8,"Condição crítica detectada. Recomenda-se acionar plano de resposta, monitorar a região em tempo real e priorizar medidas preventivas."
2026-06-09T18:57:43.842763,-23.71,-46.41,24.0,92.0,985.0,72.0,48.0,180.0,0.58,3,Crítico,1,Atenção,3,Crítico,True,81.6,"Condição crítica detectada. Recomenda-se acionar plano de resposta, monitorar a região em tempo real e priorizar medidas preventivas."
2026-06-09T18:57:49.139740,-23.71,-46.41,25.0,65.0,1013.0,12.0,2.0,550.0,0.65,0,Normal,0,Normal,0,Normal,False,98.36,Condição ambiental dentro do padrão. Manter monitoramento contínuo.
2026-06-09T18:57:54.851552,-23.71,-46.41,32.0,38.0,1008.0,30.0,5.0,760.0,0.42,1,Atenção,1,Atenção,1,Atenção,False,99.6,Condição de atenção detectada. Recomenda-se acompanhar a evolução dos sensores e verificar tendência dos dados.
2026-06-09T18:58:00.208965,-23.71,-46.41,39.5,18.0,998.0,28.0,0.5,940.0,0.18,3,Crítico,1,Atenção,3,Crítico,True,80.8,"Condição crítica detectada. Recomenda-se acionar plano de resposta, monitorar a região em tempo real e priorizar medidas preventivas."
2026-06-09T18:58:05.505058,-23.71,-46.41,24.0,92.0,985.0,72.0,48.0,180.0,0.58,3,Crítico,1,Atenção,3,Crítico,True,81.6,"Condição crítica detectada. Recomenda-se acionar plano de resposta, monitorar a região em tempo real e priorizar medidas preventivas."
2026-06-09T18:58:10.851812,-23.71,-46.41,25.0,65.0,1013.0,12.0,2.0,550.0,0.65,0,Normal,0,Normal,0,Normal,False,98.36,Condição ambiental dentro do padrão. Manter monitoramento contínuo.
2026-06-09T18:58:16.141899,-23.71,-46.41,32.0,38.0,1008.0,30.0,5.0,760.0,0.42,1,Atenção,1,Atenção,1,Atenção,False,99.6,Condição de atenção detectada. Recomenda-se acompanhar a evolução dos sensores e verificar tendência dos dados.
2026-06-09T18:58:21.451405,-23.71,-46.41,39.5,18.0,998.0,28.0,0.5,940.0,0.18,3,Crítico,1,Atenção,3,Crítico,True,80.8,"Condição crítica detectada. Recomenda-se acionar plano de resposta, monitorar a região em tempo real e priorizar medidas preventivas."
2026-06-09T18:58:26.765816,-23.71,-46.41,24.0,92.0,985.0,72.0,48.0,180.0,0.58,3,Crítico,1,Atenção,3,Crítico,True,81.6,"Condição crítica detectada. Recomenda-se acionar plano de resposta, monitorar a região em tempo real e priorizar medidas preventivas."
2026-06-09T18:58:32.091896,-23.71,-46.41,25.0,65.0,1013.0,12.0,2.0,550.0,0.65,0,Normal,0,Normal,0,Normal,False,98.36,Condição ambiental dentro do padrão. Manter monitoramento contínuo.
2026-06-09T18:58:37.469610,-23.71,-46.41,32.0,38.0,1008.0,30.0,5.0,760.0,0.42,1,Atenção,1,Atenção,1,Atenção,False,99.6,Condição de atenção detectada. Recomenda-se acompanhar a evolução dos sensores e verificar tendência dos dados.
2026-06-09T18:58:42.844348,-23.71,-46.41,39.5,18.0,998.0,28.0,0.5,940.0,0.18,3,Crítico,1,Atenção,3,Crítico,True,80.8,"Condição crítica detectada. Recomenda-se acionar plano de resposta, monitorar a região em tempo real e priorizar medidas preventivas."
2026-06-09T18:58:48.216095,-23.71,-46.41,24.0,92.0,985.0,72.0,48.0,180.0,0.58,3,Crítico,1,Atenção,3,Crítico,True,81.6,"Condição crítica detectada. Recomenda-se acionar plano de resposta, monitorar a região em tempo real e priorizar medidas preventivas."
2026-06-09T18:58:53.587553,-23.71,-46.41,25.0,65.0,1013.0,12.0,2.0,550.0,0.65,0,Normal,0,Normal,0,Normal,False,98.36,Condição ambiental dentro do padrão. Manter monitoramento contínuo.
2026-06-09T18:58:58.944872,-23.71,-46.41,32.0,38.0,1008.0,30.0,5.0,760.0,0.42,1,Atenção,1,Atenção,1,Atenção,False,99.6,Condição de atenção detectada. Recomenda-se acompanhar a evolução dos sensores e verificar tendência dos dados.
2026-06-09T18:59:04.209048,-23.71,-46.41,39.5,18.0,998.0,28.0,0.5,940.0,0.18,3,Crítico,1,Atenção,3,Crítico,True,80.8,"Condição crítica detectada. Recomenda-se acionar plano de resposta, monitorar a região em tempo real e priorizar medidas preventivas."
2026-06-09T18:59:09.474738,-23.71,-46.41,24.0,92.0,985.0,72.0,48.0,180.0,0.58,3,Crítico,1,Atenção,3,Crítico,True,81.6,"Condição crítica detectada. Recomenda-se acionar plano de resposta, monitorar a região em tempo real e priorizar medidas preventivas."
2026-06-09T18:59:15.445566,-23.71,-46.41,25.0,65.0,1013.0,12.0,2.0,550.0,0.65,0,Normal,0,Normal,0,Normal,False,98.36,Condição ambiental dentro do padrão. Manter monitoramento contínuo.
2026-06-09T18:59:20.977497,-23.71,-46.41,32.0,38.0,1008.0,30.0,5.0,760.0,0.42,1,Atenção,1,Atenção,1,Atenção,False,99.6,Condição de atenção detectada. Recomenda-se acompanhar a evolução dos sensores e verificar tendência dos dados.
2026-06-09T18:59:26.742914,-23.71,-46.41,39.5,18.0,998.0,28.0,0.5,940.0,0.18,3,Crítico,1,Atenção,3,Crítico,True,80.8,"Condição crítica detectada. Recomenda-se acionar plano de resposta, monitorar a região em tempo real e priorizar medidas preventivas."
2026-06-09T18:59:32.180700,-23.71,-46.41,24.0,92.0,985.0,72.0,48.0,180.0,0.58,3,Crítico,1,Atenção,3,Crítico,True,81.6,"Condição crítica detectada. Recomenda-se acionar plano de resposta, monitorar a região em tempo real e priorizar medidas preventivas."
2026-06-09T18:59:37.597545,-23.71,-46.41,25.0,65.0,1013.0,12.0,2.0,550.0,0.65,0,Normal,0,Normal,0,Normal,False,98.36,Condição ambiental dentro do padrão. Manter monitoramento contínuo.
2026-06-09T18:59:42.992664,-23.71,-46.41,32.0,38.0,1008.0,30.0,5.0,760.0,0.42,1,Atenção,1,Atenção,1,Atenção,False,99.6,Condição de atenção detectada. Recomenda-se acompanhar a evolução dos sensores e verificar tendência dos dados.
2026-06-09T18:59:48.315330,-23.71,-46.41,39.5,18.0,998.0,28.0,0.5,940.0,0.18,3,Crítico,1,Atenção,3,Crítico,True,80.8,"Condição crítica detectada. Recomenda-se acionar plano de resposta, monitorar a região em tempo real e priorizar medidas preventivas."
2026-06-09T18:59:53.696226,-23.71,-46.41,24.0,92.0,985.0,72.0,48.0,180.0,0.58,3,Crítico,1,Atenção,3,Crítico,True,81.6,"Condição crítica detectada. Recomenda-se acionar plano de resposta, monitorar a região em tempo real e priorizar medidas preventivas."
2026-06-09T18:59:59.059744,-23.71,-46.41,25.0,65.0,1013.0,12.0,2.0,550.0,0.65,0,Normal,0,Normal,0,Normal,False,98.36,Condição ambiental dentro do padrão. Manter monitoramento contínuo.
2026-06-09T19:00:04.415280,-23.71,-46.41,32.0,38.0,1008.0,30.0,5.0,760.0,0.42,1,Atenção,1,Atenção,1,Atenção,False,99.6,Condição de atenção detectada. Recomenda-se acompanhar a evolução dos sensores e verificar tendência dos dados.
2026-06-09T19:00:09.746423,-23.71,-46.41,39.5,18.0,998.0,28.0,0.5,940.0,0.18,3,Crítico,1,Atenção,3,Crítico,True,80.8,"Condição crítica detectada. Recomenda-se acionar plano de resposta, monitorar a região em tempo real e priorizar medidas preventivas."
2026-06-09T19:00:15.103550,-23.71,-46.41,24.0,92.0,985.0,72.0,48.0,180.0,0.58,3,Crítico,1,Atenção,3,Crítico,True,81.6,"Condição crítica detectada. Recomenda-se acionar plano de resposta, monitorar a região em tempo real e priorizar medidas preventivas."
2026-06-09T19:00:20.446482,-23.71,-46.41,25.0,65.0,1013.0,12.0,2.0,550.0,0.65,0,Normal,0,Normal,0,Normal,False,98.36,Condição ambiental dentro do padrão. Manter monitoramento contínuo.
2026-06-09T19:00:25.844755,-23.71,-46.41,32.0,38.0,1008.0,30.0,5.0,760.0,0.42,1,Atenção,1,Atenção,1,Atenção,False,99.6,Condição de atenção detectada. Recomenda-se acompanhar a evolução dos sensores e verificar tendência dos dados.
2026-06-09T19:00:31.238752,-23.71,-46.41,39.5,18.0,998.0,28.0,0.5,940.0,0.18,3,Crítico,1,Atenção,3,Crítico,True,80.8,"Condição crítica detectada. Recomenda-se acionar plano de resposta, monitorar a região em tempo real e priorizar medidas preventivas."
2026-06-09T19:00:36.610822,-23.71,-46.41,24.0,92.0,985.0,72.0,48.0,180.0,0.58,3,Crítico,1,Atenção,3,Crítico,True,81.6,"Condição crítica detectada. Recomenda-se acionar plano de resposta, monitorar a região em tempo real e priorizar medidas preventivas."
2026-06-09T19:00:42.089966,-23.71,-46.41,25.0,65.0,1013.0,12.0,2.0,550.0,0.65,0,Normal,0,Normal,0,Normal,False,98.36,Condição ambiental dentro do padrão. Manter monitoramento contínuo.
2026-06-09T19:00:47.481433,-23.71,-46.41,32.0,38.0,1008.0,30.0,5.0,760.0,0.42,1,Atenção,1,Atenção,1,Atenção,False,99.6,Condição de atenção detectada. Recomenda-se acompanhar a evolução dos sensores e verificar tendência dos dados.
2026-06-09T19:00:52.861226,-23.71,-46.41,39.5,18.0,998.0,28.0,0.5,940.0,0.18,3,Crítico,1,Atenção,3,Crítico,True,80.8,"Condição crítica detectada. Recomenda-se acionar plano de resposta, monitorar a região em tempo real e priorizar medidas preventivas."
2026-06-09T19:00:58.184938,-23.71,-46.41,24.0,92.0,985.0,72.0,48.0,180.0,0.58,3,Crítico,1,Atenção,3,Crítico,True,81.6,"Condição crítica detectada. Recomenda-se acionar plano de resposta, monitorar a região em tempo real e priorizar medidas preventivas."
2026-06-09T19:01:03.599587,-23.71,-46.41,25.0,65.0,1013.0,12.0,2.0,550.0,0.65,0,Normal,0,Normal,0,Normal,False,98.36,Condição ambiental dentro do padrão. Manter monitoramento contínuo.
2026-06-09T19:01:08.998722,-23.71,-46.41,32.0,38.0,1008.0,30.0,5.0,760.0,0.42,1,Atenção,1,Atenção,1,Atenção,False,99.6,Condição de atenção detectada. Recomenda-se acompanhar a evolução dos sensores e verificar tendência dos dados.
2026-06-09T19:01:14.318974,-23.71,-46.41,39.5,18.0,998.0,28.0,0.5,940.0,0.18,3,Crítico,1,Atenção,3,Crítico,True,80.8,"Condição crítica detectada. Recomenda-se acionar plano de resposta, monitorar a região em tempo real e priorizar medidas preventivas."
2026-06-09T19:01:19.672736,-23.71,-46.41,24.0,92.0,985.0,72.0,48.0,180.0,0.58,3,Crítico,1,Atenção,3,Crítico,True,81.6,"Condição crítica detectada. Recomenda-se acionar plano de resposta, monitorar a região em tempo real e priorizar medidas preventivas."
2026-06-09T19:01:24.942789,-23.71,-46.41,25.0,65.0,1013.0,12.0,2.0,550.0,0.65,0,Normal,0,Normal,0,Normal,False,98.36,Condição ambiental dentro do padrão. Manter monitoramento contínuo.
2026-06-09T19:01:30.329712,-23.71,-46.41,32.0,38.0,1008.0,30.0,5.0,760.0,0.42,1,Atenção,1,Atenção,1,Atenção,False,99.6,Condição de atenção detectada. Recomenda-se acompanhar a evolução dos sensores e verificar tendência dos dados.
2026-06-09T19:01:35.652712,-23.71,-46.41,39.5,18.0,998.0,28.0,0.5,940.0,0.18,3,Crítico,1,Atenção,3,Crítico,True,80.8,"Condição crítica detectada. Recomenda-se acionar plano de resposta, monitorar a região em tempo real e priorizar medidas preventivas."
2026-06-09T19:01:41.035505,-23.71,-46.41,24.0,92.0,985.0,72.0,48.0,180.0,0.58,3,Crítico,1,Atenção,3,Crítico,True,81.6,"Condição crítica detectada. Recomenda-se acionar plano de resposta, monitorar a região em tempo real e priorizar medidas preventivas."
2026-06-09T19:01:46.409838,-23.71,-46.41,25.0,65.0,1013.0,12.0,2.0,550.0,0.65,0,Normal,0,Normal,0,Normal,False,98.36,Condição ambiental dentro do padrão. Manter monitoramento contínuo.
2026-06-09T19:01:51.692599,-23.71,-46.41,32.0,38.0,1008.0,30.0,5.0,760.0,0.42,1,Atenção,1,Atenção,1,Atenção,False,99.6,Condição de atenção detectada. Recomenda-se acompanhar a evolução dos sensores e verificar tendência dos dados.
2026-06-09T19:01:57.036809,-23.71,-46.41,39.5,18.0,998.0,28.0,0.5,940.0,0.18,3,Crítico,1,Atenção,3,Crítico,True,80.8,"Condição crítica detectada. Recomenda-se acionar plano de resposta, monitorar a região em tempo real e priorizar medidas preventivas."
2026-06-09T19:02:02.447476,-23.71,-46.41,24.0,92.0,985.0,72.0,48.0,180.0,0.58,3,Crítico,1,Atenção,3,Crítico,True,81.6,"Condição crítica detectada. Recomenda-se acionar plano de resposta, monitorar a região em tempo real e priorizar medidas preventivas."
2026-06-09T19:02:08.391331,-23.71,-46.41,25.0,65.0,1013.0,12.0,2.0,550.0,0.65,0,Normal,0,Normal,0,Normal,False,98.36,Condição ambiental dentro do padrão. Manter monitoramento contínuo.
2026-06-09T19:02:13.753795,-23.71,-46.41,32.0,38.0,1008.0,30.0,5.0,760.0,0.42,1,Atenção,1,Atenção,1,Atenção,False,99.6,Condição de atenção detectada. Recomenda-se acompanhar a evolução dos sensores e verificar tendência dos dados.
2026-06-09T19:02:19.003809,-23.71,-46.41,39.5,18.0,998.0,28.0,0.5,940.0,0.18,3,Crítico,1,Atenção,3,Crítico,True,80.8,"Condição crítica detectada. Recomenda-se acionar plano de resposta, monitorar a região em tempo real e priorizar medidas preventivas."
2026-06-09T19:02:24.362863,-23.71,-46.41,24.0,92.0,985.0,72.0,48.0,180.0,0.58,3,Crítico,1,Atenção,3,Crítico,True,81.6,"Condição crítica detectada. Recomenda-se acionar plano de resposta, monitorar a região em tempo real e priorizar medidas preventivas."
2026-06-09T19:02:29.702079,-23.71,-46.41,25.0,65.0,1013.0,12.0,2.0,550.0,0.65,0,Normal,0,Normal,0,Normal,False,98.36,Condição ambiental dentro do padrão. Manter monitoramento contínuo.
2026-06-09T19:02:35.007558,-23.71,-46.41,32.0,38.0,1008.0,30.0,5.0,760.0,0.42,1,Atenção,1,Atenção,1,Atenção,False,99.6,Condição de atenção detectada. Recomenda-se acompanhar a evolução dos sensores e verificar tendência dos dados.
2026-06-09T19:02:40.497264,-23.71,-46.41,39.5,18.0,998.0,28.0,0.5,940.0,0.18,3,Crítico,1,Atenção,3,Crítico,True,80.8,"Condição crítica detectada. Recomenda-se acionar plano de resposta, monitorar a região em tempo real e priorizar medidas preventivas."
2026-06-09T19:02:45.817603,-23.71,-46.41,24.0,92.0,985.0,72.0,48.0,180.0,0.58,3,Crítico,1,Atenção,3,Crítico,True,81.6,"Condição crítica detectada. Recomenda-se acionar plano de resposta, monitorar a região em tempo real e priorizar medidas preventivas."
2026-06-09T19:02:51.117696,-23.71,-46.41,25.0,65.0,1013.0,12.0,2.0,550.0,0.65,0,Normal,0,Normal,0,Normal,False,98.36,Condição ambiental dentro do padrão. Manter monitoramento contínuo.
2026-06-09T19:02:56.379957,-23.71,-46.41,32.0,38.0,1008.0,30.0,5.0,760.0,0.42,1,Atenção,1,Atenção,1,Atenção,False,99.6,Condição de atenção detectada. Recomenda-se acompanhar a evolução dos sensores e verificar tendência dos dados.
2026-06-09T19:03:01.745578,-23.71,-46.41,39.5,18.0,998.0,28.0,0.5,940.0,0.18,3,Crítico,1,Atenção,3,Crítico,True,80.8,"Condição crítica detectada. Recomenda-se acionar plano de resposta, monitorar a região em tempo real e priorizar medidas preventivas."
2026-06-09T19:03:07.213008,-23.71,-46.41,24.0,92.0,985.0,72.0,48.0,180.0,0.58,3,Crítico,1,Atenção,3,Crítico,True,81.6,"Condição crítica detectada. Recomenda-se acionar plano de resposta, monitorar a região em tempo real e priorizar medidas preventivas."
2026-06-09T19:03:12.564873,-23.71,-46.41,25.0,65.0,1013.0,12.0,2.0,550.0,0.65,0,Normal,0,Normal,0,Normal,False,98.36,Condição ambiental dentro do padrão. Manter monitoramento contínuo.
2026-06-09T19:03:18.013432,-23.71,-46.41,32.0,38.0,1008.0,30.0,5.0,760.0,0.42,1,Atenção,1,Atenção,1,Atenção,False,99.6,Condição de atenção detectada. Recomenda-se acompanhar a evolução dos sensores e verificar tendência dos dados.
2026-06-09T19:03:23.375816,-23.71,-46.41,39.5,18.0,998.0,28.0,0.5,940.0,0.18,3,Crítico,1,Atenção,3,Crítico,True,80.8,"Condição crítica detectada. Recomenda-se acionar plano de resposta, monitorar a região em tempo real e priorizar medidas preventivas."
2026-06-09T19:03:28.627081,-23.71,-46.41,24.0,92.0,985.0,72.0,48.0,180.0,0.58,3,Crítico,1,Atenção,3,Crítico,True,81.6,"Condição crítica detectada. Recomenda-se acionar plano de resposta, monitorar a região em tempo real e priorizar medidas preventivas."
2026-06-09T19:03:34.025439,-23.71,-46.41,25.0,65.0,1013.0,12.0,2.0,550.0,0.65,0,Normal,0,Normal,0,Normal,False,98.36,Condição ambiental dentro do padrão. Manter monitoramento contínuo.
2026-06-09T19:03:39.409605,-23.71,-46.41,32.0,38.0,1008.0,30.0,5.0,760.0,0.42,1,Atenção,1,Atenção,1,Atenção,False,99.6,Condição de atenção detectada. Recomenda-se acompanhar a evolução dos sensores e verificar tendência dos dados.
2026-06-09T19:03:44.811890,-23.71,-46.41,39.5,18.0,998.0,28.0,0.5,940.0,0.18,3,Crítico,1,Atenção,3,Crítico,True,80.8,"Condição crítica detectada. Recomenda-se acionar plano de resposta, monitorar a região em tempo real e priorizar medidas preventivas."
2026-06-09T19:03:50.201857,-23.71,-46.41,24.0,92.0,985.0,72.0,48.0,180.0,0.58,3,Crítico,1,Atenção,3,Crítico,True,81.6,"Condição crítica detectada. Recomenda-se acionar plano de resposta, monitorar a região em tempo real e priorizar medidas preventivas."
2026-06-09T19:03:55.508811,-23.71,-46.41,25.0,65.0,1013.0,12.0,2.0,550.0,0.65,0,Normal,0,Normal,0,Normal,False,98.36,Condição ambiental dentro do padrão. Manter monitoramento contínuo.
2026-06-09T19:04:00.813252,-23.71,-46.41,32.0,38.0,1008.0,30.0,5.0,760.0,0.42,1,Atenção,1,Atenção,1,Atenção,False,99.6,Condição de atenção detectada. Recomenda-se acompanhar a evolução dos sensores e verificar tendência dos dados.
2026-06-09T19:04:06.162246,-23.71,-46.41,39.5,18.0,998.0,28.0,0.5,940.0,0.18,3,Crítico,1,Atenção,3,Crítico,True,80.8,"Condição crítica detectada. Recomenda-se acionar plano de resposta, monitorar a região em tempo real e priorizar medidas preventivas."
2026-06-09T19:04:11.485043,-23.71,-46.41,24.0,92.0,985.0,72.0,48.0,180.0,0.58,3,Crítico,1,Atenção,3,Crítico,True,81.6,"Condição crítica detectada. Recomenda-se acionar plano de resposta, monitorar a região em tempo real e priorizar medidas preventivas."
2026-06-09T19:04:16.846587,-23.71,-46.41,25.0,65.0,1013.0,12.0,2.0,550.0,0.65,0,Normal,0,Normal,0,Normal,False,98.36,Condição ambiental dentro do padrão. Manter monitoramento contínuo.
2026-06-09T19:04:22.244677,-23.71,-46.41,32.0,38.0,1008.0,30.0,5.0,760.0,0.42,1,Atenção,1,Atenção,1,Atenção,False,99.6,Condição de atenção detectada. Recomenda-se acompanhar a evolução dos sensores e verificar tendência dos dados.
2026-06-09T19:04:27.656830,-23.71,-46.41,39.5,18.0,998.0,28.0,0.5,940.0,0.18,3,Crítico,1,Atenção,3,Crítico,True,80.8,"Condição crítica detectada. Recomenda-se acionar plano de resposta, monitorar a região em tempo real e priorizar medidas preventivas."
2026-06-09T19:04:33.066596,-23.71,-46.41,24.0,92.0,985.0,72.0,48.0,180.0,0.58,3,Crítico,1,Atenção,3,Crítico,True,81.6,"Condição crítica detectada. Recomenda-se acionar plano de resposta, monitorar a região em tempo real e priorizar medidas preventivas."
2026-06-09T19:04:38.330793,-23.71,-46.41,25.0,65.0,1013.0,12.0,2.0,550.0,0.65,0,Normal,0,Normal,0,Normal,False,98.36,Condição ambiental dentro do padrão. Manter monitoramento contínuo.
2026-06-09T19:04:43.697728,-23.71,-46.41,32.0,38.0,1008.0,30.0,5.0,760.0,0.42,1,Atenção,1,Atenção,1,Atenção,False,99.6,Condição de atenção detectada. Recomenda-se acompanhar a evolução dos sensores e verificar tendência dos dados.
2026-06-09T19:04:48.990690,-23.71,-46.41,39.5,18.0,998.0,28.0,0.5,940.0,0.18,3,Crítico,1,Atenção,3,Crítico,True,80.8,"Condição crítica detectada. Recomenda-se acionar plano de resposta, monitorar a região em tempo real e priorizar medidas preventivas."
2026-06-09T19:04:54.376326,-23.71,-46.41,24.0,92.0,985.0,72.0,48.0,180.0,0.58,3,Crítico,1,Atenção,3,Crítico,True,81.6,"Condição crítica detectada. Recomenda-se acionar plano de resposta, monitorar a região em tempo real e priorizar medidas preventivas."
2026-06-09T19:04:59.726226,-23.71,-46.41,25.0,65.0,1013.0,12.0,2.0,550.0,0.65,0,Normal,0,Normal,0,Normal,False,98.36,Condição ambiental dentro do padrão. Manter monitoramento contínuo.
2026-06-09T19:05:05.145445,-23.71,-46.41,32.0,38.0,1008.0,30.0,5.0,760.0,0.42,1,Atenção,1,Atenção,1,Atenção,False,99.6,Condição de atenção detectada. Recomenda-se acompanhar a evolução dos sensores e verificar tendência dos dados.
2026-06-09T19:05:10.531481,-23.71,-46.41,39.5,18.0,998.0,28.0,0.5,940.0,0.18,3,Crítico,1,Atenção,3,Crítico,True,80.8,"Condição crítica detectada. Recomenda-se acionar plano de resposta, monitorar a região em tempo real e priorizar medidas preventivas."
2026-06-09T19:05:15.895136,-23.71,-46.41,24.0,92.0,985.0,72.0,48.0,180.0,0.58,3,Crítico,1,Atenção,3,Crítico,True,81.6,"Condição crítica detectada. Recomenda-se acionar plano de resposta, monitorar a região em tempo real e priorizar medidas preventivas."
2026-06-09T19:05:21.189616,-23.71,-46.41,25.0,65.0,1013.0,12.0,2.0,550.0,0.65,0,Normal,0,Normal,0,Normal,False,98.36,Condição ambiental dentro do padrão. Manter monitoramento contínuo.
2026-06-09T19:05:26.497377,-23.71,-46.41,32.0,38.0,1008.0,30.0,5.0,760.0,0.42,1,Atenção,1,Atenção,1,Atenção,False,99.6,Condição de atenção detectada. Recomenda-se acompanhar a evolução dos sensores e verificar tendência dos dados.
2026-06-09T19:05:31.953321,-23.71,-46.41,39.5,18.0,998.0,28.0,0.5,940.0,0.18,3,Crítico,1,Atenção,3,Crítico,True,80.8,"Condição crítica detectada. Recomenda-se acionar plano de resposta, monitorar a região em tempo real e priorizar medidas preventivas."
2026-06-09T19:05:37.351511,-23.71,-46.41,24.0,92.0,985.0,72.0,48.0,180.0,0.58,3,Crítico,1,Atenção,3,Crítico,True,81.6,"Condição crítica detectada. Recomenda-se acionar plano de resposta, monitorar a região em tempo real e priorizar medidas preventivas."
2026-06-09T19:05:42.707692,-23.71,-46.41,25.0,65.0,1013.0,12.0,2.0,550.0,0.65,0,Normal,0,Normal,0,Normal,False,98.36,Condição ambiental dentro do padrão. Manter monitoramento contínuo.
2026-06-09T19:05:48.080089,-23.71,-46.41,32.0,38.0,1008.0,30.0,5.0,760.0,0.42,1,Atenção,1,Atenção,1,Atenção,False,99.6,Condição de atenção detectada. Recomenda-se acompanhar a evolução dos sensores e verificar tendência dos dados.
2026-06-09T19:05:53.324985,-23.71,-46.41,39.5,18.0,998.0,28.0,0.5,940.0,0.18,3,Crítico,1,Atenção,3,Crítico,True,80.8,"Condição crítica detectada. Recomenda-se acionar plano de resposta, monitorar a região em tempo real e priorizar medidas preventivas."
2026-06-09T19:05:58.629204,-23.71,-46.41,24.0,92.0,985.0,72.0,48.0,180.0,0.58,3,Crítico,1,Atenção,3,Crítico,True,81.6,"Condição crítica detectada. Recomenda-se acionar plano de resposta, monitorar a região em tempo real e priorizar medidas preventivas."
2026-06-09T19:06:03.955744,-23.71,-46.41,25.0,65.0,1013.0,12.0,2.0,550.0,0.65,0,Normal,0,Normal,0,Normal,False,98.36,Condição ambiental dentro do padrão. Manter monitoramento contínuo.
2026-06-09T19:06:09.295479,-23.71,-46.41,32.0,38.0,1008.0,30.0,5.0,760.0,0.42,1,Atenção,1,Atenção,1,Atenção,False,99.6,Condição de atenção detectada. Recomenda-se acompanhar a evolução dos sensores e verificar tendência dos dados.
2026-06-09T19:06:14.710704,-23.71,-46.41,39.5,18.0,998.0,28.0,0.5,940.0,0.18,3,Crítico,1,Atenção,3,Crítico,True,80.8,"Condição crítica detectada. Recomenda-se acionar plano de resposta, monitorar a região em tempo real e priorizar medidas preventivas."
2026-06-09T19:06:20.030551,-23.71,-46.41,24.0,92.0,985.0,72.0,48.0,180.0,0.58,3,Crítico,1,Atenção,3,Crítico,True,81.6,"Condição crítica detectada. Recomenda-se acionar plano de resposta, monitorar a região em tempo real e priorizar medidas preventivas."
2026-06-09T19:06:25.410451,-23.71,-46.41,25.0,65.0,1013.0,12.0,2.0,550.0,0.65,0,Normal,0,Normal,0,Normal,False,98.36,Condição ambiental dentro do padrão. Manter monitoramento contínuo.
2026-06-09T19:06:30.682779,-23.71,-46.41,32.0,38.0,1008.0,30.0,5.0,760.0,0.42,1,Atenção,1,Atenção,1,Atenção,False,99.6,Condição de atenção detectada. Recomenda-se acompanhar a evolução dos sensores e verificar tendência dos dados.
2026-06-09T19:06:36.019366,-23.71,-46.41,39.5,18.0,998.0,28.0,0.5,940.0,0.18,3,Crítico,1,Atenção,3,Crítico,True,80.8,"Condição crítica detectada. Recomenda-se acionar plano de resposta, monitorar a região em tempo real e priorizar medidas preventivas."
2026-06-09T19:06:41.334898,-23.71,-46.41,24.0,92.0,985.0,72.0,48.0,180.0,0.58,3,Crítico,1,Atenção,3,Crítico,True,81.6,"Condição crítica detectada. Recomenda-se acionar plano de resposta, monitorar a região em tempo real e priorizar medidas preventivas."
2026-06-09T19:06:46.663409,-23.71,-46.41,25.0,65.0,1013.0,12.0,2.0,550.0,0.65,0,Normal,0,Normal,0,Normal,False,98.36,Condição ambiental dentro do padrão. Manter monitoramento contínuo.
2026-06-09T19:06:52.103380,-23.71,-46.41,32.0,38.0,1008.0,30.0,5.0,760.0,0.42,1,Atenção,1,Atenção,1,Atenção,False,99.6,Condição de atenção detectada. Recomenda-se acompanhar a evolução dos sensores e verificar tendência dos dados.
2026-06-09T19:06:57.531462,-23.71,-46.41,39.5,18.0,998.0,28.0,0.5,940.0,0.18,3,Crítico,1,Atenção,3,Crítico,True,80.8,"Condição crítica detectada. Recomenda-se acionar plano de resposta, monitorar a região em tempo real e priorizar medidas preventivas."
2026-06-09T19:07:02.852511,-23.71,-46.41,24.0,92.0,985.0,72.0,48.0,180.0,0.58,3,Crítico,1,Atenção,3,Crítico,True,81.6,"Condição crítica detectada. Recomenda-se acionar plano de resposta, monitorar a região em tempo real e priorizar medidas preventivas."
2026-06-09T19:07:08.204049,-23.71,-46.41,25.0,65.0,1013.0,12.0,2.0,550.0,0.65,0,Normal,0,Normal,0,Normal,False,98.36,Condição ambiental dentro do padrão. Manter monitoramento contínuo.
2026-06-09T19:07:13.660630,-23.71,-46.41,32.0,38.0,1008.0,30.0,5.0,760.0,0.42,1,Atenção,1,Atenção,1,Atenção,False,99.6,Condição de atenção detectada. Recomenda-se acompanhar a evolução dos sensores e verificar tendência dos dados.
2026-06-09T19:07:18.971302,-23.71,-46.41,39.5,18.0,998.0,28.0,0.5,940.0,0.18,3,Crítico,1,Atenção,3,Crítico,True,80.8,"Condição crítica detectada. Recomenda-se acionar plano de resposta, monitorar a região em tempo real e priorizar medidas preventivas."
2026-06-09T19:07:24.333127,-23.71,-46.41,24.0,92.0,985.0,72.0,48.0,180.0,0.58,3,Crítico,1,Atenção,3,Crítico,True,81.6,"Condição crítica detectada. Recomenda-se acionar plano de resposta, monitorar a região em tempo real e priorizar medidas preventivas."
2026-06-09T19:07:29.717097,-23.71,-46.41,25.0,65.0,1013.0,12.0,2.0,550.0,0.65,0,Normal,0,Normal,0,Normal,False,98.36,Condição ambiental dentro do padrão. Manter monitoramento contínuo.
2026-06-09T19:07:35.066700,-23.71,-46.41,32.0,38.0,1008.0,30.0,5.0,760.0,0.42,1,Atenção,1,Atenção,1,Atenção,False,99.6,Condição de atenção detectada. Recomenda-se acompanhar a evolução dos sensores e verificar tendência dos dados.
2026-06-09T19:07:40.439576,-23.71,-46.41,39.5,18.0,998.0,28.0,0.5,940.0,0.18,3,Crítico,1,Atenção,3,Crítico,True,80.8,"Condição crítica detectada. Recomenda-se acionar plano de resposta, monitorar a região em tempo real e priorizar medidas preventivas."
2026-06-09T19:07:45.785526,-23.71,-46.41,24.0,92.0,985.0,72.0,48.0,180.0,0.58,3,Crítico,1,Atenção,3,Crítico,True,81.6,"Condição crítica detectada. Recomenda-se acionar plano de resposta, monitorar a região em tempo real e priorizar medidas preventivas."
2026-06-09T19:07:51.128662,-23.71,-46.41,25.0,65.0,1013.0,12.0,2.0,550.0,0.65,0,Normal,0,Normal,0,Normal,False,98.36,Condição ambiental dentro do padrão. Manter monitoramento contínuo.
2026-06-09T19:07:56.452262,-23.71,-46.41,32.0,38.0,1008.0,30.0,5.0,760.0,0.42,1,Atenção,1,Atenção,1,Atenção,False,99.6,Condição de atenção detectada. Recomenda-se acompanhar a evolução dos sensores e verificar tendência dos dados.
2026-06-09T19:08:01.737192,-23.71,-46.41,39.5,18.0,998.0,28.0,0.5,940.0,0.18,3,Crítico,1,Atenção,3,Crítico,True,80.8,"Condição crítica detectada. Recomenda-se acionar plano de resposta, monitorar a região em tempo real e priorizar medidas preventivas."
2026-06-09T19:08:07.127590,-23.71,-46.41,24.0,92.0,985.0,72.0,48.0,180.0,0.58,3,Crítico,1,Atenção,3,Crítico,True,81.6,"Condição crítica detectada. Recomenda-se acionar plano de resposta, monitorar a região em tempo real e priorizar medidas preventivas."
2026-06-09T19:08:12.443264,-23.71,-46.41,25.0,65.0,1013.0,12.0,2.0,550.0,0.65,0,Normal,0,Normal,0,Normal,False,98.36,Condição ambiental dentro do padrão. Manter monitoramento contínuo.
2026-06-09T19:08:17.870043,-23.71,-46.41,32.0,38.0,1008.0,30.0,5.0,760.0,0.42,1,Atenção,1,Atenção,1,Atenção,False,99.6,Condição de atenção detectada. Recomenda-se acompanhar a evolução dos sensores e verificar tendência dos dados.
2026-06-09T19:08:23.187820,-23.71,-46.41,39.5,18.0,998.0,28.0,0.5,940.0,0.18,3,Crítico,1,Atenção,3,Crítico,True,80.8,"Condição crítica detectada. Recomenda-se acionar plano de resposta, monitorar a região em tempo real e priorizar medidas preventivas."
2026-06-09T19:08:28.515051,-23.71,-46.41,24.0,92.0,985.0,72.0,48.0,180.0,0.58,3,Crítico,1,Atenção,3,Crítico,True,81.6,"Condição crítica detectada. Recomenda-se acionar plano de resposta, monitorar a região em tempo real e priorizar medidas preventivas."
2026-06-09T19:08:33.889603,-23.71,-46.41,25.0,65.0,1013.0,12.0,2.0,550.0,0.65,0,Normal,0,Normal,0,Normal,False,98.36,Condição ambiental dentro do padrão. Manter monitoramento contínuo.
2026-06-09T19:08:39.250657,-23.71,-46.41,32.0,38.0,1008.0,30.0,5.0,760.0,0.42,1,Atenção,1,Atenção,1,Atenção,False,99.6,Condição de atenção detectada. Recomenda-se acompanhar a evolução dos sensores e verificar tendência dos dados.
2026-06-09T19:08:44.614308,-23.71,-46.41,39.5,18.0,998.0,28.0,0.5,940.0,0.18,3,Crítico,1,Atenção,3,Crítico,True,80.8,"Condição crítica detectada. Recomenda-se acionar plano de resposta, monitorar a região em tempo real e priorizar medidas preventivas."
2026-06-09T19:08:50.019443,-23.71,-46.41,24.0,92.0,985.0,72.0,48.0,180.0,0.58,3,Crítico,1,Atenção,3,Crítico,True,81.6,"Condição crítica detectada. Recomenda-se acionar plano de resposta, monitorar a região em tempo real e priorizar medidas preventivas."
2026-06-09T19:08:55.417290,-23.71,-46.41,25.0,65.0,1013.0,12.0,2.0,550.0,0.65,0,Normal,0,Normal,0,Normal,False,98.36,Condição ambiental dentro do padrão. Manter monitoramento contínuo.
2026-06-09T19:09:00.691311,-23.71,-46.41,32.0,38.0,1008.0,30.0,5.0,760.0,0.42,1,Atenção,1,Atenção,1,Atenção,False,99.6,Condição de atenção detectada. Recomenda-se acompanhar a evolução dos sensores e verificar tendência dos dados.
2026-06-09T19:09:06.015631,-23.71,-46.41,39.5,18.0,998.0,28.0,0.5,940.0,0.18,3,Crítico,1,Atenção,3,Crítico,True,80.8,"Condição crítica detectada. Recomenda-se acionar plano de resposta, monitorar a região em tempo real e priorizar medidas preventivas."
2026-06-09T19:09:11.340016,-23.71,-46.41,24.0,92.0,985.0,72.0,48.0,180.0,0.58,3,Crítico,1,Atenção,3,Crítico,True,81.6,"Condição crítica detectada. Recomenda-se acionar plano de resposta, monitorar a região em tempo real e priorizar medidas preventivas."
2026-06-09T19:09:16.612458,-23.71,-46.41,25.0,65.0,1013.0,12.0,2.0,550.0,0.65,0,Normal,0,Normal,0,Normal,False,98.36,Condição ambiental dentro do padrão. Manter monitoramento contínuo.
2026-06-09T19:09:21.950781,-23.71,-46.41,32.0,38.0,1008.0,30.0,5.0,760.0,0.42,1,Atenção,1,Atenção,1,Atenção,False,99.6,Condição de atenção detectada. Recomenda-se acompanhar a evolução dos sensores e verificar tendência dos dados.
2026-06-09T19:09:27.237001,-23.71,-46.41,39.5,18.0,998.0,28.0,0.5,940.0,0.18,3,Crítico,1,Atenção,3,Crítico,True,80.8,"Condição crítica detectada. Recomenda-se acionar plano de resposta, monitorar a região em tempo real e priorizar medidas preventivas."
2026-06-09T19:09:32.513908,-23.71,-46.41,24.0,92.0,985.0,72.0,48.0,180.0,0.58,3,Crítico,1,Atenção,3,Crítico,True,81.6,"Condição crítica detectada. Recomenda-se acionar plano de resposta, monitorar a região em tempo real e priorizar medidas preventivas."
2026-06-09T19:09:37.794754,-23.71,-46.41,25.0,65.0,1013.0,12.0,2.0,550.0,0.65,0,Normal,0,Normal,0,Normal,False,98.36,Condição ambiental dentro do padrão. Manter monitoramento contínuo.
2026-06-09T19:09:43.139573,-23.71,-46.41,32.0,38.0,1008.0,30.0,5.0,760.0,0.42,1,Atenção,1,Atenção,1,Atenção,False,99.6,Condição de atenção detectada. Recomenda-se acompanhar a evolução dos sensores e verificar tendência dos dados.
2026-06-09T19:09:48.470968,-23.71,-46.41,39.5,18.0,998.0,28.0,0.5,940.0,0.18,3,Crítico,1,Atenção,3,Crítico,True,80.8,"Condição crítica detectada. Recomenda-se acionar plano de resposta, monitorar a região em tempo real e priorizar medidas preventivas."
2026-06-09T19:09:53.812592,-23.71,-46.41,24.0,92.0,985.0,72.0,48.0,180.0,0.58,3,Crítico,1,Atenção,3,Crítico,True,81.6,"Condição crítica detectada. Recomenda-se acionar plano de resposta, monitorar a região em tempo real e priorizar medidas preventivas."
2026-06-09T19:09:59.077116,-23.71,-46.41,25.0,65.0,1013.0,12.0,2.0,550.0,0.65,0,Normal,0,Normal,0,Normal,False,98.36,Condição ambiental dentro do padrão. Manter monitoramento contínuo.
2026-06-09T19:10:04.428299,-23.71,-46.41,32.0,38.0,1008.0,30.0,5.0,760.0,0.42,1,Atenção,1,Atenção,1,Atenção,False,99.6,Condição de atenção detectada. Recomenda-se acompanhar a evolução dos sensores e verificar tendência dos dados.
2026-06-09T19:10:09.713280,-23.71,-46.41,39.5,18.0,998.0,28.0,0.5,940.0,0.18,3,Crítico,1,Atenção,3,Crítico,True,80.8,"Condição crítica detectada. Recomenda-se acionar plano de resposta, monitorar a região em tempo real e priorizar medidas preventivas."
2026-06-09T19:10:15.046599,-23.71,-46.41,24.0,92.0,985.0,72.0,48.0,180.0,0.58,3,Crítico,1,Atenção,3,Crítico,True,81.6,"Condição crítica detectada. Recomenda-se acionar plano de resposta, monitorar a região em tempo real e priorizar medidas preventivas."
2026-06-09T19:10:20.343958,-23.71,-46.41,25.0,65.0,1013.0,12.0,2.0,550.0,0.65,0,Normal,0,Normal,0,Normal,False,98.36,Condição ambiental dentro do padrão. Manter monitoramento contínuo.
2026-06-09T19:10:25.692511,-23.71,-46.41,32.0,38.0,1008.0,30.0,5.0,760.0,0.42,1,Atenção,1,Atenção,1,Atenção,False,99.6,Condição de atenção detectada. Recomenda-se acompanhar a evolução dos sensores e verificar tendência dos dados.
2026-06-09T19:10:31.151922,-23.71,-46.41,39.5,18.0,998.0,28.0,0.5,940.0,0.18,3,Crítico,1,Atenção,3,Crítico,True,80.8,"Condição crítica detectada. Recomenda-se acionar plano de resposta, monitorar a região em tempo real e priorizar medidas preventivas."
2026-06-09T19:10:36.604905,-23.71,-46.41,24.0,92.0,985.0,72.0,48.0,180.0,0.58,3,Crítico,1,Atenção,3,Crítico,True,81.6,"Condição crítica detectada. Recomenda-se acionar plano de resposta, monitorar a região em tempo real e priorizar medidas preventivas."
2026-06-09T19:10:42.004583,-23.71,-46.41,25.0,65.0,1013.0,12.0,2.0,550.0,0.65,0,Normal,0,Normal,0,Normal,False,98.36,Condição ambiental dentro do padrão. Manter monitoramento contínuo.
2026-06-09T19:10:47.448099,-23.71,-46.41,32.0,38.0,1008.0,30.0,5.0,760.0,0.42,1,Atenção,1,Atenção,1,Atenção,False,99.6,Condição de atenção detectada. Recomenda-se acompanhar a evolução dos sensores e verificar tendência dos dados.
2026-06-09T19:10:52.896433,-23.71,-46.41,39.5,18.0,998.0,28.0,0.5,940.0,0.18,3,Crítico,1,Atenção,3,Crítico,True,80.8,"Condição crítica detectada. Recomenda-se acionar plano de resposta, monitorar a região em tempo real e priorizar medidas preventivas."
2026-06-09T19:10:58.267152,-23.71,-46.41,24.0,92.0,985.0,72.0,48.0,180.0,0.58,3,Crítico,1,Atenção,3,Crítico,True,81.6,"Condição crítica detectada. Recomenda-se acionar plano de resposta, monitorar a região em tempo real e priorizar medidas preventivas."
2026-06-09T19:11:03.684347,-23.71,-46.41,25.0,65.0,1013.0,12.0,2.0,550.0,0.65,0,Normal,0,Normal,0,Normal,False,98.36,Condição ambiental dentro do padrão. Manter monitoramento contínuo.
2026-06-09T19:11:09.118707,-23.71,-46.41,32.0,38.0,1008.0,30.0,5.0,760.0,0.42,1,Atenção,1,Atenção,1,Atenção,False,99.6,Condição de atenção detectada. Recomenda-se acompanhar a evolução dos sensores e verificar tendência dos dados.
2026-06-09T19:11:14.497007,-23.71,-46.41,39.5,18.0,998.0,28.0,0.5,940.0,0.18,3,Crítico,1,Atenção,3,Crítico,True,80.8,"Condição crítica detectada. Recomenda-se acionar plano de resposta, monitorar a região em tempo real e priorizar medidas preventivas."
2026-06-09T19:11:19.863097,-23.71,-46.41,24.0,92.0,985.0,72.0,48.0,180.0,0.58,3,Crítico,1,Atenção,3,Crítico,True,81.6,"Condição crítica detectada. Recomenda-se acionar plano de resposta, monitorar a região em tempo real e priorizar medidas preventivas."
2026-06-09T19:11:25.204903,-23.71,-46.41,25.0,65.0,1013.0,12.0,2.0,550.0,0.65,0,Normal,0,Normal,0,Normal,False,98.36,Condição ambiental dentro do padrão. Manter monitoramento contínuo.
2026-06-09T19:11:30.499193,-23.71,-46.41,32.0,38.0,1008.0,30.0,5.0,760.0,0.42,1,Atenção,1,Atenção,1,Atenção,False,99.6,Condição de atenção detectada. Recomenda-se acompanhar a evolução dos sensores e verificar tendência dos dados.
2026-06-09T19:11:35.684068,-23.71,-46.41,39.5,18.0,998.0,28.0,0.5,940.0,0.18,3,Crítico,1,Atenção,3,Crítico,True,80.8,"Condição crítica detectada. Recomenda-se acionar plano de resposta, monitorar a região em tempo real e priorizar medidas preventivas."
2026-06-09T19:11:40.877321,-23.71,-46.41,24.0,92.0,985.0,72.0,48.0,180.0,0.58,3,Crítico,1,Atenção,3,Crítico,True,81.6,"Condição crítica detectada. Recomenda-se acionar plano de resposta, monitorar a região em tempo real e priorizar medidas preventivas."
2026-06-09T19:11:46.294260,-23.71,-46.41,25.0,65.0,1013.0,12.0,2.0,550.0,0.65,0,Normal,0,Normal,0,Normal,False,98.36,Condição ambiental dentro do padrão. Manter monitoramento contínuo.
2026-06-09T19:11:51.502711,-23.71,-46.41,32.0,38.0,1008.0,30.0,5.0,760.0,0.42,1,Atenção,1,Atenção,1,Atenção,False,99.6,Condição de atenção detectada. Recomenda-se acompanhar a evolução dos sensores e verificar tendência dos dados.
