timestamp,latitude,longitude,temperatura,umidade,pressao,vento,chuva,luminosidade,indice_vegetacao,risco_label
2025-12-11 16:21:42.825278,-16.891095840342313,-36.232142339752095,31.89,90.46,1009.19,1.08,16.09,607.86,0.866,1
2025-12-11 17:21:42.825278,-29.279542699646914,-35.752253695950145,32.6,50.61,1018.51,3.61,1.62,693.55,0.167,1
2025-12-11 18:21:42.825278,-14.881924347525949,-52.71927149504895,21.92,66.28,1001.1,10.96,12.3,395.79,0.564,0
2025-12-11 19:21:42.825278,-9.265490089828514,-58.83873968200005,19.45,36.98,1016.51,1.21,23.79,541.89,0.492,1
2025-12-11 20:21:42.825278,-6.051844072074509,-48.99618765650997,27.92,38.85,1021.87,6.72,5.87,430.25,0.284,1
2025-12-11 21:21:42.825278,3.935461971759551,-40.62167941597214,29.18,74.77,1014.06,1.67,1.75,629.18,0.49,0
2025-12-11 22:21:42.825278,-16.39629486086813,-53.2162742056526,25.24,81.14,1016.12,2.73,12.96,332.65,0.415,0
2025-12-11 23:21:42.825278,-29.806725900673918,-39.613464288629146,31.67,80.62,1023.18,26.55,0.62,498.94,0.488,1
2025-12-12 00:21:42.825278,0.20861990564577226,-44.41754682931105,25.12,56.29,998.72,23.54,8.12,434.68,0.536,0
2025-12-12 01:21:42.825278,-25.81420139215944,-42.16888031942513,34.02,67.23,1030.46,26.53,5.45,178.45,0.714,1
2025-12-12 02:21:42.825278,-29.11033056395667,-57.302714325167386,28.52,54.02,1013.1,42.86,2.29,292.24,0.846,1
2025-12-12 03:21:42.825278,-21.992064207793213,-58.075502254280174,24.89,43.83,1005.98,47.79,13.21,814.77,0.616,1
2025-12-12 04:21:42.825278,-1.871477308530995,-55.335748527849105,28.58,79.37,1003.58,4.66,4.46,591.02,0.609,0
2025-12-12 05:21:42.825278,-29.756675431408325,-47.231317435560854,29.57,31.69,1006.95,2.3,3.3,620.97,0.631,1
2025-12-12 06:21:42.825278,-11.842328238982187,-42.42452602762056,29.55,58.51,988.97,6.03,0.3,645.23,0.562,0
2025-12-12 07:21:42.825278,-28.198243706250373,-53.03383839408471,42.78,56.15,1015.62,2.82,5.38,855.71,0.7,1
2025-12-12 08:21:42.825278,-21.682685960266014,-41.794591284703515,36.42,31.96,1019.04,1.7,14.43,1044.28,0.352,1
2025-12-12 09:21:42.825278,-28.57287004558326,-45.22767642029395,24.6,28.99,1012.82,18.65,1.53,484.5,0.86,1
2025-12-12 10:21:42.825278,2.785549605785711,-56.56197639635017,23.3,53.56,1021.76,30.59,6.48,428.44,0.229,0
2025-12-12 11:21:42.825278,-26.74140312679353,-37.56960605116683,29.11,65.2,1021.38,7.45,3.44,743.95,0.609,0
2025-12-12 12:21:42.825278,1.0480248492791056,-40.503111353559405,23.92,64.65,1015.52,0.09,1.4,521.42,0.923,0
2025-12-12 13:21:42.825278,-7.1813559174089825,-54.393267263486,30.84,40.51,1021.45,7.09,10.98,823.41,0.633,0
2025-12-12 14:21:42.825278,-6.983548769487982,-45.79228491661321,26.53,44.93,1001.33,65.02,4.0,503.15,0.605,1
2025-12-12 15:21:42.825278,-2.181604376042305,-47.4340726723702,32.96,54.71,1040.0,3.91,10.25,457.24,0.646,1
2025-12-12 16:21:42.825278,2.916050452352003,-36.15178557493532,26.66,74.28,1017.68,59.65,15.34,636.89,0.381,1
2025-12-12 17:21:42.825278,-0.21021649691000732,-52.076949871093056,18.91,64.28,997.05,49.52,9.53,490.91,0.581,1
2025-12-12 18:21:42.825278,-8.474747065529058,-35.24865374739342,28.35,37.14,1016.29,21.49,9.7,750.94,0.274,1
2025-12-12 19:21:42.825278,-1.6723595582520225,-39.74716513302048,22.37,70.3,1040.0,28.82,8.4,821.72,0.68,0
2025-12-12 20:21:42.825278,1.1501869636148214,-51.550121078711605,23.36,55.26,1006.18,11.28,6.26,664.74,0.687,0
2025-12-12 21:21:42.825278,-28.93249125213327,-59.06629528126964,18.32,50.56,1025.07,2.45,5.91,521.25,0.686,0
2025-12-12 22:21:42.825278,-8.19883334633499,-57.8663133751558,28.27,46.97,1037.73,23.31,29.79,764.11,0.145,1
2025-12-12 23:21:42.825278,-2.168483183095372,-53.229193718448144,29.12,44.15,1010.62,0.46,26.3,740.9,0.723,1
2025-12-13 00:21:42.825278,-15.686646945500554,-55.66764199822886,25.15,46.93,1033.19,19.43,2.63,722.9,0.974,0
2025-12-13 01:21:42.825278,-15.313997815027353,-53.80672526247106,34.19,85.34,1003.51,0.26,0.99,729.89,0.705,1
2025-12-13 02:21:42.825278,-13.40391598194362,-57.554145983724965,8.55,39.51,1008.97,9.15,7.65,425.4,0.462,1
2025-12-13 03:21:42.825278,-16.888558488073507,-44.35350210714409,28.78,83.26,1012.12,19.35,1.42,685.83,0.43,0
2025-12-13 04:21:42.825278,-29.072104131043236,-45.35561046816342,28.68,73.24,1031.03,11.03,6.31,427.19,0.52,0
2025-12-13 05:21:42.825278,3.6416697338369985,-37.36623395109841,31.53,65.62,1004.53,1.33,3.07,543.91,0.72,1
2025-12-13 06:21:42.825278,-25.86423103324203,-42.58157086589623,33.4,66.15,1021.75,5.96,1.56,763.33,0.699,1
2025-12-13 07:21:42.825278,4.667679970023563,-49.684558077214334,31.66,85.55,1004.9,7.5,21.36,610.82,0.77,1
2025-12-13 08:21:42.825278,-3.7195126272975934,-41.13642814788294,35.83,60.42,1020.18,8.87,0.09,594.15,0.615,1
2025-12-13 09:21:42.825278,3.2712501428144662,-45.664052796917844,27.22,43.64,1037.11,6.25,3.19,858.46,0.708,0
2025-12-13 10:21:42.825278,-2.2947334695953003,-40.259546430136155,27.93,42.05,1012.91,10.49,17.49,528.11,0.385,1
2025-12-13 11:21:42.825278,-24.995291128150747,-40.96223420706319,26.07,43.56,1014.92,1.58,9.66,565.21,0.596,0
2025-12-13 12:21:42.825278,-27.030680007018283,-35.33401053747062,19.31,31.85,1003.38,27.02,6.54,611.58,0.722,1
2025-12-13 13:21:42.825278,-26.1080881192847,-47.68437239272852,27.04,59.63,1008.54,1.04,1.01,708.09,0.385,0
2025-12-13 14:21:42.825278,-3.8884292257101833,-45.415780872571005,27.35,68.03,1020.28,4.56,26.42,577.78,0.595,1
2025-12-13 15:21:42.825278,-27.41712023426104,-46.15364288996698,28.08,60.49,1017.98,17.87,9.52,1037.57,0.397,0
2025-12-13 16:21:42.825278,-9.548999082691491,-37.47104973772528,41.14,43.83,1001.92,11.22,3.49,542.11,0.398,1
2025-12-13 17:21:42.825278,4.103818268315827,-35.34473138800993,28.9,66.84,1034.51,6.67,13.45,488.29,0.648,0
2025-12-13 18:21:42.825278,1.8824514572844855,-39.43656892692077,20.08,96.63,1026.15,78.56,1.3,565.55,0.207,1
2025-12-13 19:21:42.825278,3.9470039235111116,-38.94702692160728,36.12,57.71,1026.85,9.65,2.56,650.94,0.559,1
2025-12-13 20:21:42.825278,-3.0854404686821333,-36.380856752939295,25.3,72.46,999.19,55.44,7.45,624.37,0.692,1
2025-12-13 21:21:42.825278,-8.365511583973646,-51.04593204917899,21.25,66.65,1003.02,13.22,11.84,862.27,0.564,0
2025-12-13 22:21:42.825278,-10.683260642893007,-45.976550711615346,26.51,79.43,1019.74,21.92,1.92,896.35,0.762,0
2025-12-13 23:21:42.825278,-16.27145842150937,-49.06312694940677,17.45,54.61,1020.61,12.99,12.25,943.15,0.274,0
2025-12-14 00:21:42.825278,0.1827298061360807,-36.261984408558945,17.78,58.89,1016.61,12.21,3.19,644.11,0.289,0
2025-12-14 01:21:42.825278,-27.344783516196763,-56.77800695223377,32.02,67.33,1000.72,3.61,3.39,638.72,0.741,1
2025-12-14 02:21:42.825278,-6.635479151764049,-55.692003219959254,24.82,44.14,1010.72,4.16,3.62,463.66,0.943,0
2025-12-14 03:21:42.825278,-28.624075105561538,-40.01474002727393,28.21,46.01,1014.57,37.23,20.29,629.78,0.506,1
2025-12-14 04:21:42.825278,-1.7829552072428534,-41.29350774040854,24.82,48.48,1008.7,17.33,3.68,235.65,0.879,0
2025-12-14 05:21:42.825278,-28.716087898829073,-53.68907639139948,26.51,71.53,1015.74,12.9,6.08,626.97,0.359,0
2025-12-14 06:21:42.825278,-11.358395674074188,-53.93823740913176,23.46,31.55,1004.24,2.3,17.7,455.32,0.887,1
2025-12-14 07:21:42.825278,-2.379006648743161,-47.53894502677357,33.29,61.55,1001.66,15.91,10.95,463.3,0.512,1
2025-12-14 08:21:42.825278,-20.067843297044643,-50.922942590034125,33.56,98.19,995.22,1.93,1.33,751.33,0.42,1
2025-12-14 09:21:42.825278,-23.4701541582043,-52.872620782653826,25.08,60.97,1002.03,9.51,32.31,606.99,0.368,1
2025-12-14 10:21:42.825278,3.9314651646379133,-38.362321852650496,24.54,75.11,1018.01,47.71,6.51,474.04,0.216,1
2025-12-14 11:21:42.825278,-3.06774733828221,-55.32390628606191,31.26,44.73,990.34,12.75,2.22,696.75,0.369,1
2025-12-14 12:21:42.825278,-19.89793063659105,-45.469044464434695,27.6,35.78,1004.18,7.39,1.15,658.53,0.751,1
2025-12-14 13:21:42.825278,-21.087577083268265,-42.96243194440177,24.54,70.6,1029.3,11.48,4.25,753.87,0.509,0
2025-12-14 14:21:42.825278,-0.9283207274294796,-35.87432723333718,30.23,47.92,1013.04,15.38,14.75,621.98,0.618,0
2025-12-14 15:21:42.825278,-22.943043798328944,-55.908601428357386,25.53,67.89,1006.95,19.7,5.92,806.8,0.485,0
2025-12-14 16:21:42.825278,-16.26442124020776,-39.58501401321057,15.77,39.84,989.55,24.78,5.59,586.73,0.615,1
2025-12-14 17:21:42.825278,-16.5638072519376,-46.41117847215028,26.69,64.71,1021.25,2.24,22.48,383.85,0.779,1
2025-12-14 18:21:42.825278,-25.125477456781447,-40.1493702682426,31.8,100.0,1014.18,2.96,2.99,694.68,0.716,1
2025-12-14 19:21:42.825278,-28.826364784247723,-45.75275787821709,22.86,69.58,1016.0,7.54,13.77,601.42,0.354,0
2025-12-14 20:21:42.825278,-2.094662197715625,-56.25206431628065,32.54,41.56,1022.44,21.31,6.26,894.01,0.395,1
2025-12-14 21:21:42.825278,-23.6440799119501,-37.28873596665929,20.53,24.43,1029.95,11.16,23.54,700.39,0.325,1
2025-12-14 22:21:42.825278,-12.29389623904369,-44.71364411413381,28.66,74.52,1017.77,22.11,1.32,690.3,0.926,0
2025-12-14 23:21:42.825278,-15.15542650441649,-41.588894109381926,36.07,40.21,1010.49,75.41,14.61,660.03,0.769,1
2025-12-15 00:21:42.825278,-9.305359748927476,-50.024932403246744,27.05,51.46,999.85,13.88,20.19,352.13,0.292,1
2025-12-15 01:21:42.825278,-4.1874563161588085,-48.69455147775482,20.23,54.81,993.96,2.73,1.55,164.56,0.539,0
2025-12-15 02:21:42.825278,2.0196065373835026,-50.940152522084176,39.09,82.53,1008.77,1.61,46.14,450.83,1.0,1
2025-12-15 03:21:42.825278,-27.65232329140504,-41.250988240020554,28.36,63.96,1010.27,4.13,1.69,644.1,0.441,0
2025-12-15 04:21:42.825278,-10.230560335808427,-58.35728401429119,26.47,90.08,980.19,9.22,6.56,846.47,0.481,0
2025-12-15 05:21:42.825278,0.1624967354731055,-36.34711344665918,25.77,31.85,1002.67,18.59,4.2,818.42,0.804,1
2025-12-15 06:21:42.825278,-29.05164026237808,-54.450695951676266,32.33,37.42,1005.71,19.04,2.18,738.09,0.502,1
2025-12-15 07:21:42.825278,-4.720657385051929,-38.60758829734286,25.75,52.78,1025.91,19.85,1.84,756.76,0.488,0
2025-12-15 08:21:42.825278,-29.54493267712424,-57.862286728638296,29.96,34.98,1023.09,30.61,3.35,616.72,0.409,1
2025-12-15 09:21:42.825278,-9.339677011981728,-53.298408979428096,19.55,34.39,1033.06,14.46,4.58,687.98,0.531,1
2025-12-15 10:21:42.825278,-3.273797204408371,-56.49717060583869,27.77,82.07,1013.37,9.97,0.18,677.05,0.612,0
2025-12-15 11:21:42.825278,-7.828262306084845,-53.55280786416994,17.74,63.42,1009.79,74.89,5.97,552.84,0.394,1
2025-12-15 12:21:42.825278,-29.356326320838665,-37.142529835987524,29.18,40.43,1016.9,18.97,14.16,343.53,0.601,0
2025-12-15 13:21:42.825278,-8.98190988482213,-43.374083136343614,33.9,23.18,996.65,13.17,0.38,743.18,0.405,1
2025-12-15 14:21:42.825278,-27.102046622620573,-44.9211972633403,24.33,31.87,1000.92,22.85,2.82,406.7,0.36,1
2025-12-15 15:21:42.825278,-6.771509212307315,-36.579256516881046,43.79,42.83,1020.4,0.57,2.43,546.39,0.574,1
2025-12-15 16:21:42.825278,-12.627181347956729,-45.07892877707777,34.9,45.94,1011.58,20.99,4.56,968.74,0.692,1
2025-12-15 17:21:42.825278,-2.0204442360857264,-42.632588228639335,24.63,72.44,993.16,8.06,0.77,636.6,0.674,0
2025-12-15 18:21:42.825278,-23.520347490648312,-46.45247631554105,30.28,72.21,1018.72,21.21,15.13,844.54,0.536,1
2025-12-15 19:21:42.825278,-22.257669536313923,-35.30829980008383,18.03,68.59,1014.49,3.58,6.71,455.41,0.761,0
2025-12-15 20:21:42.825278,2.3538668381785612,-35.72354387086581,27.76,73.63,1012.34,6.92,14.12,655.36,0.569,0
2025-12-15 21:21:42.825278,-21.949690694930393,-56.98582785556803,25.23,64.44,1006.26,7.48,10.32,616.36,0.462,0
2025-12-15 22:21:42.825278,-11.117804766863198,-40.23192087902591,34.19,30.29,1015.2,4.77,0.2,810.13,0.566,1
2025-12-15 23:21:42.825278,2.8673694479513685,-40.03041910565837,34.39,49.65,1028.91,11.77,7.9,569.81,0.841,1
2025-12-16 00:21:42.825278,-15.252504920302544,-41.56044246027771,25.48,54.36,995.87,6.33,2.13,484.64,0.543,0
2025-12-16 01:21:42.825278,-16.548567349411144,-43.00881793267325,29.41,79.69,1009.43,52.12,5.04,447.91,0.626,1
2025-12-16 02:21:42.825278,4.690901914794182,-54.20820746541391,29.0,69.85,1015.47,4.72,1.55,1091.95,0.425,0
2025-12-16 03:21:42.825278,-2.714543425163633,-51.24686852083175,24.67,88.41,1005.15,21.43,1.34,550.6,0.677,0
2025-12-16 04:21:42.825278,-22.166383481208193,-46.57563942766466,37.29,95.92,1004.65,39.53,24.93,580.21,0.607,1
2025-12-16 05:21:42.825278,-7.0665306776342405,-46.22856573477152,30.01,56.46,1002.42,8.39,2.41,644.04,0.909,0
2025-12-16 06:21:42.825278,-27.163382443232322,-54.49541995125472,24.89,64.48,1011.8,11.79,7.18,863.91,0.452,0
2025-12-16 07:21:42.825278,-6.2694346604327755,-45.856700900105224,34.26,71.68,1007.69,28.74,8.59,797.69,0.651,1
2025-12-16 08:21:42.825278,-5.588498841575074,-42.99648070599249,36.29,72.97,1009.99,7.35,10.89,676.41,0.624,1
2025-12-16 09:21:42.825278,-0.8753037714790324,-47.31330665597909,25.64,63.82,1012.56,17.98,2.41,766.19,0.983,0
2025-12-16 10:21:42.825278,-2.7054111697099756,-57.32548402932604,29.5,91.55,1010.86,18.02,21.51,700.22,0.461,1
2025-12-16 11:21:42.825278,-19.466275156861432,-42.295697783867965,29.16,62.66,1003.6,7.64,7.76,549.39,0.625,0
2025-12-16 12:21:42.825278,-3.4607881424842084,-59.38532708852996,37.39,58.68,1005.34,5.75,46.81,988.61,0.26,1
2025-12-16 13:21:42.825278,-24.273166258291578,-40.12976128125177,14.81,39.58,1020.5,1.55,9.13,419.55,0.724,1
2025-12-16 14:21:42.825278,3.2802246787643625,-56.223552705477495,31.9,58.02,1034.16,9.12,2.56,457.38,0.541,1
2025-12-16 15:21:42.825278,1.2934721287697037,-54.25113485272284,29.46,34.97,1029.33,35.96,5.13,711.69,0.641,1
2025-12-16 16:21:42.825278,-3.017735437458178,-38.88041929707781,31.86,86.58,1014.36,28.66,5.25,777.62,0.415,1
2025-12-16 17:21:42.825278,-22.981634565488214,-47.71013633146408,38.81,62.56,1003.83,5.64,12.78,569.69,0.172,1
2025-12-16 18:21:42.825278,-29.593281103216476,-58.18882780513603,25.29,11.52,992.99,21.37,15.74,786.87,0.357,1
2025-12-16 19:21:42.825278,-21.528424444811538,-35.33343516832134,27.71,59.93,998.1,17.33,9.7,610.23,0.555,0
2025-12-16 20:21:42.825278,-18.573854211460286,-47.05720891538221,26.52,46.36,999.98,15.09,9.36,599.4,0.436,0
2025-12-16 21:21:42.825278,-24.13810962093256,-57.385803991639996,31.44,87.99,1023.1,0.58,22.02,660.73,0.421,1
2025-12-16 22:21:42.825278,-5.182881819217926,-38.22577190634786,33.37,72.7,1024.59,1.5,18.02,553.66,0.813,1
2025-12-16 23:21:42.825278,-14.168860041859496,-43.91055762008688,29.19,94.72,1014.37,1.53,0.5,532.74,0.453,0
2025-12-17 00:21:42.825278,0.5124248307270598,-54.519650316048896,31.14,48.53,1011.71,14.59,10.16,1035.61,0.558,1
2025-12-17 01:21:42.825278,-23.01601421747992,-42.99429393921771,28.72,54.85,991.98,36.49,10.39,563.03,0.865,1
2025-12-17 02:21:42.825278,-17.892275260856298,-50.72403092538493,29.35,80.94,1032.21,12.0,16.54,567.4,0.515,1
2025-12-17 03:21:42.825278,-20.311027096773195,-45.19124178516594,33.3,89.53,1028.56,23.78,1.13,738.93,0.602,1
2025-12-17 04:21:42.825278,-23.71109118954153,-54.06141687690306,27.85,83.45,1018.52,10.61,5.79,583.29,0.78,0
2025-12-17 05:21:42.825278,-24.276664459524202,-50.22296158370598,17.56,34.11,1025.93,26.73,1.12,641.55,0.645,1
2025-12-17 06:21:42.825278,-21.738233782873763,-58.16258131674968,28.46,34.34,1023.96,10.15,2.29,561.12,0.85,1
2025-12-17 07:21:42.825278,-24.153533223466756,-55.80951959279206,33.1,53.57,1036.92,33.46,13.11,835.45,0.598,1
2025-12-17 08:21:42.825278,-22.79555764871311,-57.2020095150568,27.57,59.26,1020.73,0.72,1.04,659.35,0.697,0
2025-12-17 09:21:42.825278,-18.93453632581373,-47.319129782790185,27.52,78.33,1016.16,10.92,5.8,1025.91,0.522,0
2025-12-17 10:21:42.825278,-25.11220608352905,-59.25066025318305,34.65,39.2,1019.35,63.07,0.79,460.39,0.425,1
2025-12-17 11:21:42.825278,0.38497890321268713,-55.57125526381535,39.48,77.4,1017.95,52.08,9.2,1082.61,0.538,1
2025-12-17 12:21:42.825278,0.4116744567551365,-45.73475633402926,34.63,83.74,1019.66,9.01,8.43,444.26,0.611,1
2025-12-17 13:21:42.825278,4.979480401973326,-58.7946990284861,23.47,58.72,1015.95,36.83,12.2,940.47,0.641,1
2025-12-17 14:21:42.825278,0.748044645547175,-49.89649195872418,35.14,35.45,1019.17,28.77,4.58,776.21,0.52,1
2025-12-17 15:21:42.825278,-10.942881571370265,-59.85603348754696,28.75,38.07,994.72,9.08,9.51,471.55,0.119,1
2025-12-17 16:21:42.825278,-21.68595541939854,-50.6687052092665,37.85,80.2,1003.74,8.6,15.92,1055.44,0.05,1
2025-12-17 17:21:42.825278,-29.10252769677475,-51.46880430934609,41.75,32.21,992.26,15.62,6.1,899.17,0.663,1
2025-12-17 18:21:42.825278,-1.545499144936727,-42.04692309433764,32.55,65.62,1013.25,1.12,21.8,638.73,0.399,1
2025-12-17 19:21:42.825278,-12.994488428478604,-53.5805858069873,26.32,40.23,998.76,29.24,6.2,815.3,0.236,0
2025-12-17 20:21:42.825278,-4.934726402188225,-53.184399981661656,22.11,55.51,1018.6,3.6,5.96,475.7,0.43,0
2025-12-17 21:21:42.825278,-10.144072312988374,-53.58593040746591,29.92,59.61,1018.63,29.52,6.39,672.54,0.464,0
2025-12-17 22:21:42.825278,3.2991169772329982,-44.95970449634172,28.29,60.81,1003.58,16.99,4.24,530.68,0.301,0
2025-12-17 23:21:42.825278,-2.6816069664648374,-53.1298491112966,23.84,54.1,1026.97,19.82,0.8,499.64,0.979,0
2025-12-18 00:21:42.825278,-9.468703788858406,-55.79964480637842,31.8,68.28,1009.78,0.43,8.22,626.63,0.743,1
2025-12-18 01:21:42.825278,-21.881851635940862,-50.22735010236213,41.26,58.23,1040.0,79.29,1.17,505.34,0.878,1
2025-12-18 02:21:42.825278,-15.013013477603483,-42.060055858545596,31.41,92.57,1007.45,1.61,17.97,613.36,0.434,1
2025-12-18 03:21:42.825278,-22.06702592205542,-51.12509235420157,21.91,60.68,1002.76,1.26,12.89,692.08,0.239,0
2025-12-18 04:21:42.825278,0.8027680646510404,-43.72806577382015,16.04,67.48,1026.73,92.51,8.67,432.26,0.885,1
2025-12-18 05:21:42.825278,-13.717803570069865,-58.49644143498037,30.51,71.17,1012.91,3.47,9.37,680.48,0.267,0
2025-12-18 06:21:42.825278,-26.616324262364813,-48.740726593545375,23.59,84.72,1025.1,47.16,2.14,759.64,0.332,1
2025-12-18 07:21:42.825278,4.736922575543133,-36.82497580189262,26.1,84.26,1013.7,13.25,7.82,684.57,0.488,0
2025-12-18 08:21:42.825278,-25.530028072766783,-39.34830924368679,32.25,79.13,1002.57,1.65,22.11,410.38,0.183,1
2025-12-18 09:21:42.825278,-16.105646902400082,-48.81993648737911,31.05,67.77,1040.0,45.33,5.5,664.73,0.53,1
2025-12-18 10:21:42.825278,-16.6781847283197,-38.05064198887327,29.6,66.43,1003.98,1.52,4.13,828.57,0.657,0
2025-12-18 11:21:42.825278,-17.886509571177506,-35.60974497850213,22.61,81.72,1017.7,2.56,15.84,645.5,0.714,1
2025-12-18 12:21:42.825278,-8.781147178715791,-40.879754977425115,28.06,33.76,999.22,8.25,0.56,595.06,0.561,1
2025-12-18 13:21:42.825278,3.8037756403627014,-49.187553041746696,31.18,61.29,988.29,10.42,0.89,432.25,0.67,1
2025-12-18 14:21:42.825278,-8.314421578575963,-43.74497269004617,26.72,89.81,1013.78,74.08,2.19,589.32,0.427,1
2025-12-18 15:21:42.825278,-5.774353040705382,-58.44270504674843,26.19,63.21,1012.04,30.27,7.64,820.92,0.253,0
2025-12-18 16:21:42.825278,-11.553548763092191,-49.34791540274071,19.8,55.5,997.96,31.64,10.58,325.64,0.435,0
2025-12-18 17:21:42.825278,-29.328270311193016,-53.50466978137415,12.45,49.08,1016.7,13.79,1.94,647.24,0.666,0
2025-12-18 18:21:42.825278,-26.159233046287376,-46.301012775657675,35.18,56.83,1011.67,2.93,3.14,482.01,0.515,1
2025-12-18 19:21:42.825278,-16.843910019898075,-50.138093035749115,38.27,89.42,1009.49,40.08,24.87,529.57,0.758,1
2025-12-18 20:21:42.825278,-5.915285286971024,-49.0599218986152,32.07,50.24,1037.89,19.38,18.04,540.97,0.81,1
2025-12-18 21:21:42.825278,-27.66717858037585,-47.0397994513699,37.37,69.2,1003.87,12.92,9.12,584.24,0.587,1
2025-12-18 22:21:42.825278,-27.50601452821595,-59.69728811912781,19.92,40.57,1026.4,19.49,1.64,531.76,0.787,0
2025-12-18 23:21:42.825278,-20.72337500862486,-59.47637597422718,32.31,79.92,1002.92,17.64,3.85,591.92,0.5,1
2025-12-19 00:21:42.825278,-8.474546118639669,-40.6341554840553,30.74,100.0,1004.28,70.39,7.37,817.01,0.856,1
2025-12-19 01:21:42.825278,-1.588057416845185,-43.58803481671244,31.05,52.7,1001.93,47.38,2.04,461.93,0.157,1
2025-12-19 02:21:42.825278,-14.620825360694173,-44.676510437636864,26.67,54.46,1015.69,6.06,13.54,796.83,0.517,0
2025-12-19 03:21:42.825278,-3.5735324938802613,-48.4865125681465,29.7,69.82,1020.82,26.97,8.54,682.58,0.291,0
2025-12-19 04:21:42.825278,4.463440883357784,-36.56529833757203,30.4,46.97,1005.66,12.69,14.7,755.55,0.612,0
2025-12-19 05:21:42.825278,-9.337830833942949,-47.290986327093,38.21,71.31,990.87,21.02,16.53,882.16,0.685,1
2025-12-19 06:21:42.825278,-24.397492776589946,-48.46106313950526,26.75,42.99,1005.03,14.58,10.57,755.94,0.311,0
2025-12-19 07:21:42.825278,-17.56154009599912,-40.40520538786507,30.67,57.32,1012.18,25.76,0.29,508.72,0.68,0
2025-12-19 08:21:42.825278,3.5325718041783105,-50.801481217447886,22.68,51.25,1020.67,100.96,3.67,582.89,0.895,1
2025-12-19 09:21:42.825278,1.0168523162776069,-45.1738916453304,25.6,31.63,990.87,21.41,0.03,375.38,0.803,1
2025-12-19 10:21:42.825278,-2.2030934053020523,-57.6752340044217,24.69,100.0,1005.23,15.61,6.59,683.22,0.962,0
2025-12-19 11:21:42.825278,-6.323622197077324,-39.87527500798076,35.25,75.57,1005.39,12.41,0.64,619.37,0.459,1
2025-12-19 12:21:42.825278,-2.528605801098635,-42.3079766314771,28.53,89.55,998.3,7.16,4.55,615.14,0.533,0
2025-12-19 13:21:42.825278,-9.06211470776914,-41.60842214402025,27.27,39.52,1034.25,18.2,12.32,609.23,0.358,1
2025-12-19 14:21:42.825278,-0.6069200027533981,-50.4041762016739,39.31,90.86,1006.13,7.33,0.21,448.47,0.578,1
2025-12-19 15:21:42.825278,-19.544604924392942,-36.48301887211649,17.39,50.68,992.86,37.11,14.76,742.45,0.443,1
2025-12-19 16:21:42.825278,-13.963458964173757,-47.92577819786612,27.83,95.45,1031.94,26.11,1.38,567.72,0.35,0
2025-12-19 17:21:42.825278,-3.7018719889834024,-43.57612109332151,29.81,58.0,1009.56,5.46,2.27,609.23,0.623,0
2025-12-19 18:21:42.825278,-20.481759585497915,-41.01504343955091,36.96,54.58,1011.74,0.62,0.52,515.5,0.065,1
2025-12-19 19:21:42.825278,-17.842983580940505,-37.50416635781819,33.3,61.34,1018.19,49.71,0.43,368.74,0.444,1
2025-12-19 20:21:42.825278,-4.421266225674458,-35.46757273756883,32.77,34.91,1015.52,11.22,28.61,405.82,0.227,1
2025-12-19 21:21:42.825278,-26.006647528922333,-56.21882928162664,34.99,45.31,1002.28,34.22,6.59,467.15,0.562,1
2025-12-19 22:21:42.825278,0.10488926723022374,-41.92964241978791,29.06,52.66,1002.07,11.03,5.3,665.51,0.637,0
2025-12-19 23:21:42.825278,-13.819655364978747,-49.70586146038729,33.42,72.38,1036.69,1.16,5.75,617.08,0.825,1
2025-12-20 00:21:42.825278,-28.181519785600607,-40.34304501539917,24.12,44.02,1006.21,25.45,5.86,478.4,0.615,0
2025-12-20 01:21:42.825278,0.785364923303522,-38.23553937384983,26.49,54.16,993.24,75.58,11.83,808.96,0.534,1
2025-12-20 02:21:42.825278,-11.145437071655003,-47.55468729914274,29.79,44.96,1006.88,26.9,26.7,856.72,0.573,1
2025-12-20 03:21:42.825278,-19.95017146703986,-40.178639524154015,19.37,97.47,1024.96,28.78,4.03,662.21,0.721,0
2025-12-20 04:21:42.825278,-24.47158120076282,-42.602522045779935,24.14,80.6,1007.98,3.67,17.95,577.34,0.359,1
2025-12-20 05:21:42.825278,-14.588680357107785,-44.617549373254946,30.54,60.48,1028.95,61.47,4.33,458.77,0.636,1
2025-12-20 06:21:42.825278,0.8674715406625388,-49.31275780198462,35.12,100.0,1018.96,1.49,10.52,708.64,0.618,1
2025-12-20 07:21:42.825278,-1.332777014842037,-46.48015612536139,26.23,39.87,1025.68,11.47,13.79,268.07,0.428,1
2025-12-20 08:21:42.825278,-12.702564346239505,-39.29376868906954,22.0,49.9,1022.09,1.91,2.19,748.41,0.472,0
2025-12-20 09:21:42.825278,-14.237715738310557,-41.27934157591734,22.47,84.34,1030.26,7.82,14.73,722.67,0.545,0
2025-12-20 10:21:42.825278,-7.805025159649212,-56.84338146088743,20.93,83.75,1006.42,3.46,15.49,686.21,0.667,1
2025-12-20 11:21:42.825278,-20.225336904095634,-43.92795224853231,25.15,62.53,1035.27,6.56,1.91,742.5,0.586,0
2025-12-20 12:21:42.825278,0.4921568792068207,-40.84838058661744,31.81,82.19,1016.92,20.0,6.58,606.57,0.523,1
2025-12-20 13:21:42.825278,-13.88746050793258,-38.38590976193325,22.15,16.55,1022.17,67.75,0.94,553.64,0.532,1
2025-12-20 14:21:42.825278,-4.103355773157439,-37.048086195021234,32.26,51.29,1018.16,25.24,13.07,603.28,0.363,1
2025-12-20 15:21:42.825278,-0.9711867299403565,-52.96197003962675,34.52,67.35,1034.06,1.83,2.22,646.5,0.489,1
2025-12-20 16:21:42.825278,-19.45571587339999,-45.04106289255603,21.68,38.64,1023.4,40.11,1.64,957.91,0.529,1
2025-12-20 17:21:42.825278,-2.189760245493339,-59.13324333183792,26.99,61.4,1025.94,1.18,14.24,483.08,0.598,0
2025-12-20 18:21:42.825278,-26.714995031182532,-37.259329514085195,33.85,70.02,1014.27,13.12,4.5,830.19,0.419,1
2025-12-20 19:21:42.825278,-2.914212049444526,-44.95191422462171,17.02,57.25,1023.43,16.82,7.98,945.19,0.698,0
2025-12-20 20:21:42.825278,-21.689828606881782,-47.19090556135524,26.52,43.14,1038.05,54.12,7.34,618.34,0.559,1
2025-12-20 21:21:42.825278,-7.806358901828403,-58.22669459665566,38.17,45.15,996.16,11.51,0.37,572.73,0.412,1
2025-12-20 22:21:42.825278,4.003644181536771,-51.71632482242373,19.56,58.34,993.94,4.17,5.81,786.81,0.488,0
2025-12-20 23:21:42.825278,-1.9095012147065482,-45.69878391576748,23.49,22.5,1013.38,48.32,4.05,688.38,0.4,1
2025-12-21 00:21:42.825278,-26.01565622831895,-51.3694214299577,34.46,60.43,1034.81,88.85,1.13,639.08,0.408,1
2025-12-21 01:21:42.825278,-15.236013751140902,-49.72447311836136,18.92,65.34,1018.1,16.85,2.96,563.05,0.579,0
2025-12-21 02:21:42.825278,-20.983747288319734,-58.511882491305705,37.67,77.94,1008.78,10.97,3.68,489.59,0.508,1
2025-12-21 03:21:42.825278,-3.708768326705364,-58.22480838666861,22.08,55.5,1004.2,51.17,8.83,453.73,0.832,1
2025-12-21 04:21:42.825278,-9.221872307701155,-59.74672039930642,32.25,64.66,1023.44,23.17,1.03,701.68,0.321,1
2025-12-21 05:21:42.825278,-29.590268624418357,-49.44914349680903,28.65,57.43,989.42,15.5,0.36,678.77,0.344,0
2025-12-21 06:21:42.825278,-17.989142638956963,-41.770662811263804,33.82,68.54,1004.25,20.12,2.58,969.56,0.75,1
2025-12-21 07:21:42.825278,-14.375316925944624,-40.04049148704119,23.98,65.77,1015.12,44.72,4.51,792.83,0.2,1
2025-12-21 08:21:42.825278,-17.008965179683035,-44.97314582999417,34.2,82.53,998.91,10.13,1.23,576.05,0.488,1
2025-12-21 09:21:42.825278,-24.59390884718367,-59.36380600235623,32.68,86.21,1028.75,7.5,0.6,346.98,0.389,1
2025-12-21 10:21:42.825278,-6.300777609274672,-44.85551876368274,20.59,48.15,1011.68,20.98,1.21,700.43,0.455,0
2025-12-21 11:21:42.825278,-12.309070873134253,-35.89956482205744,27.91,51.27,1010.68,0.57,3.93,603.42,0.87,0
2025-12-21 12:21:42.825278,-19.87643298095709,-37.49792042458798,32.18,53.32,1026.08,74.45,2.72,716.54,0.529,1
2025-12-21 13:21:42.825278,-16.50708333420772,-51.490322393637356,30.69,36.12,1013.72,14.52,6.24,764.85,0.65,1
2025-12-21 14:21:42.825278,-14.584552739065158,-52.44166876621266,23.27,47.58,1009.98,5.67,27.15,565.02,0.154,1
2025-12-21 15:21:42.825278,-9.68363396522064,-56.520082466357614,32.49,100.0,1000.97,12.08,4.11,848.17,0.942,1
2025-12-21 16:21:42.825278,-8.276883206139559,-54.96719730443917,25.21,57.88,1040.0,4.65,26.6,379.47,0.601,1
2025-12-21 17:21:42.825278,-11.33146799321231,-38.250771008807874,30.81,66.16,1007.3,2.4,12.65,761.88,0.476,0
2025-12-21 18:21:42.825278,3.0414732838889265,-56.28010076487211,30.26,59.41,1025.51,15.99,3.76,640.75,0.369,0
2025-12-21 19:21:42.825278,-3.3370633017805957,-50.3364873294243,24.08,17.29,1040.0,15.5,16.05,640.12,0.607,1
2025-12-21 20:21:42.825278,-1.0368377262793942,-40.88680513363206,31.33,61.79,1009.63,34.63,4.63,622.77,0.669,1
2025-12-21 21:21:42.825278,-8.069262111737643,-36.84043483174783,10.36,59.63,1007.34,20.95,10.26,510.88,0.631,0
2025-12-21 22:21:42.825278,-19.52115440699116,-51.03211186457466,24.24,77.25,1023.44,6.28,0.12,742.36,0.695,0
2025-12-21 23:21:42.825278,-4.083335381626831,-56.42874281747903,31.1,76.01,1021.05,19.34,11.62,713.26,0.764,1
2025-12-22 00:21:42.825278,-26.898835011061234,-47.809304758319726,27.02,45.1,1003.9,7.72,0.94,623.99,0.171,0
2025-12-22 01:21:42.825278,-27.30982736533428,-47.48439329823955,29.28,73.18,1023.25,0.93,0.61,360.64,0.397,0
2025-12-22 02:21:42.825278,-21.866548693038325,-52.97488752728216,32.98,56.12,1008.83,4.61,8.18,289.3,0.562,1
2025-12-22 03:21:42.825278,-17.47650705602579,-43.80456385023679,29.66,5.0,1014.21,15.87,7.84,687.74,0.452,1
2025-12-22 04:21:42.825278,-21.532391188956467,-42.151184187335254,30.86,70.11,1024.72,2.78,11.95,1146.74,0.545,0
2025-12-22 05:21:42.825278,-20.050406747536915,-56.65429092500767,17.39,49.52,1013.83,24.86,3.06,650.04,0.548,0
2025-12-22 06:21:42.825278,-28.36018320153389,-53.095761054477514,26.03,63.1,1021.9,6.84,0.86,493.92,0.281,0
2025-12-22 07:21:42.825278,-0.5050834243805795,-52.16630206037142,23.08,65.25,1014.32,10.24,19.26,720.28,0.529,1
2025-12-22 08:21:42.825278,-26.874866641604946,-42.82451833741894,13.37,57.31,1029.07,0.08,1.46,816.72,0.743,0
2025-12-22 09:21:42.825278,3.811662679503705,-40.974055243730426,35.42,61.77,1014.37,6.37,0.89,760.84,0.791,1
2025-12-22 10:21:42.825278,-28.313489566234633,-50.99873835247554,28.0,72.02,994.67,4.22,3.68,236.69,0.448,0
2025-12-22 11:21:42.825278,-3.135133001872859,-49.587389202403024,27.11,66.53,1015.61,4.29,8.57,837.04,0.535,0
2025-12-22 12:21:42.825278,-22.449076228824104,-43.05466999224889,18.68,76.36,1016.52,24.15,3.03,487.63,0.312,0
2025-12-22 13:21:42.825278,-5.03775908510838,-55.01961812764867,37.86,53.43,1019.24,8.25,0.48,657.37,0.35,1
2025-12-22 14:21:42.825278,-20.634256314520997,-39.11299435644514,26.63,40.11,981.25,13.63,7.23,615.62,0.546,0
2025-12-22 15:21:42.825278,3.7224734310655876,-47.024192996761286,26.42,36.38,1025.37,26.77,11.86,728.93,0.554,1
2025-12-22 16:21:42.825278,-25.605742483307132,-59.576308377760476,32.04,71.84,1007.75,0.32,2.78,546.75,0.57,1
2025-12-22 17:21:42.825278,-17.816654239109916,-50.70651762734174,37.29,63.3,1012.61,33.8,0.19,681.2,0.599,1
2025-12-22 18:21:42.825278,-2.6868356750156863,-48.55010602491071,18.39,43.43,1010.76,24.77,5.14,354.23,0.554,0
2025-12-22 19:21:42.825278,3.6968922588622135,-58.10987398458123,29.38,34.8,1004.6,3.92,1.21,880.7,0.662,1
2025-12-22 20:21:42.825278,-9.759556020287377,-56.325932260294756,30.99,82.8,1030.97,5.42,3.39,467.28,0.503,0
2025-12-22 21:21:42.825278,-13.55041061447222,-37.74647156509963,30.8,53.6,1013.82,2.87,0.06,499.67,0.968,0
2025-12-22 22:21:42.825278,-25.300380218420358,-36.05164697358074,18.35,63.69,1036.28,1.43,2.57,651.22,0.514,0
2025-12-22 23:21:42.825278,-10.86980002886968,-49.17959994476327,36.24,31.52,1008.8,0.92,14.85,572.74,0.668,1
2025-12-23 00:21:42.825278,3.6219441429619934,-55.076857388664294,18.41,69.24,1036.29,1.37,7.79,404.63,0.635,0
2025-12-23 01:21:42.825278,-3.494142750294639,-55.958214094075956,28.11,96.09,1009.71,5.11,8.19,477.84,0.644,0
2025-12-23 02:21:42.825278,-10.22201406415353,-40.70932722553481,26.12,59.99,997.0,6.99,15.07,758.81,0.456,1
2025-12-23 03:21:42.825278,-14.995429265474824,-59.27075590886839,29.6,100.0,1009.04,2.27,2.73,783.95,0.514,0
2025-12-23 04:21:42.825278,4.7639255398037434,-58.8772175251096,24.1,86.43,1029.04,45.11,24.12,541.92,0.177,1
2025-12-23 05:21:42.825278,-2.435781994942726,-53.724965418442494,34.05,20.6,1022.71,19.24,2.2,652.57,0.359,1
2025-12-23 06:21:42.825278,-22.270152596294686,-59.02675091685831,25.56,73.73,1013.27,10.33,6.94,755.19,0.873,0
2025-12-23 07:21:42.825278,-20.112637690950173,-51.17374020999244,28.63,56.22,1023.06,27.28,5.18,388.79,0.548,0
2025-12-23 08:21:42.825278,-9.310439385951923,-55.3466025561663,33.32,51.58,980.75,29.98,14.45,685.81,0.797,1
2025-12-23 09:21:42.825278,-3.010701445183969,-43.633732828351135,21.57,24.43,1015.84,9.97,0.31,712.58,0.453,1
2025-12-23 10:21:42.825278,-29.999592783562186,-49.585854287942695,23.95,60.68,998.95,4.71,0.01,454.55,0.686,0
2025-12-23 11:21:42.825278,-4.03362855644497,-38.78936552273689,21.11,25.48,1003.87,7.08,9.98,566.41,0.642,1
2025-12-23 12:21:42.825278,-17.017064714478217,-37.45149508127125,24.41,88.45,1032.87,1.47,6.29,826.19,0.384,0
2025-12-23 13:21:42.825278,-2.677889890105501,-45.40568048714721,31.14,73.01,993.96,6.33,10.03,580.89,0.6,1
2025-12-23 14:21:42.825278,-12.015093752763129,-47.2777361102236,31.64,56.34,1018.41,22.55,4.95,809.78,0.596,1
2025-12-23 15:21:42.825278,-4.485662842046423,-38.45772740531637,30.99,76.78,1004.59,3.91,3.39,729.11,0.706,0
2025-12-23 16:21:42.825278,-4.553013343461345,-45.94818013993572,27.97,73.37,998.9,27.77,10.61,580.32,0.491,0
2025-12-23 17:21:42.825278,-0.635093529869625,-59.71455041364816,27.57,29.64,1007.72,21.97,13.59,740.12,0.56,1
2025-12-23 18:21:42.825278,-28.19159474197136,-47.3801100423868,32.19,68.42,1017.9,14.48,4.04,555.31,0.454,1
2025-12-23 19:21:42.825278,-19.84840638131471,-38.21464914522864,22.82,81.2,1019.4,5.19,7.84,868.15,0.602,0
2025-12-23 20:21:42.825278,1.7130471168441197,-59.69608071306533,25.78,62.87,990.69,6.6,3.48,723.56,0.246,0
2025-12-23 21:21:42.825278,-4.355533229340185,-49.88681536065326,34.68,49.28,991.51,20.82,3.23,621.94,0.44,1
2025-12-23 22:21:42.825278,3.0557003943006222,-43.95664006753604,34.7,88.97,1007.68,25.02,0.86,411.31,0.357,1
2025-12-23 23:21:42.825278,-14.87933753419229,-35.49078147644538,22.26,60.66,1002.9,3.56,28.23,608.53,0.365,1
2025-12-24 00:21:42.825278,-4.174025530788782,-42.38613929931387,16.92,41.41,994.04,4.14,5.28,533.0,0.366,0
2025-12-24 01:21:42.825278,-7.0135377783905035,-35.78656670750269,21.98,45.57,1014.12,1.41,24.2,551.6,0.496,1
2025-12-24 02:21:42.825278,-9.033439449736644,-44.408780542743344,20.2,76.59,1021.74,22.07,7.53,443.31,0.325,0
2025-12-24 03:21:42.825278,-9.081610105405392,-38.347609159707716,22.49,71.03,1016.09,4.08,7.09,838.52,0.784,0
2025-12-24 04:21:42.825278,-15.714690819665567,-59.615127707717285,18.81,70.29,1018.86,9.17,14.65,638.81,0.663,0
2025-12-24 05:21:42.825278,4.195243405363023,-57.45267247817658,21.88,59.53,1009.91,1.75,11.04,626.33,0.715,0
2025-12-24 06:21:42.825278,-20.945092524559566,-49.13991702483476,38.5,87.63,996.49,22.54,0.77,774.15,0.609,1
2025-12-24 07:21:42.825278,-4.144689724570178,-59.65636114971637,26.59,44.32,1003.71,5.68,2.28,637.91,0.407,0
2025-12-24 08:21:42.825278,-4.354328382484219,-44.83170688206409,24.52,64.79,1018.0,48.58,6.29,734.96,0.646,1
2025-12-24 09:21:42.825278,-3.999147721622137,-41.55206516614936,20.57,44.73,1012.46,8.35,20.28,843.14,1.0,1
2025-12-24 10:21:42.825278,-20.590126996623226,-50.788777002085524,29.82,74.43,1009.23,17.91,2.28,911.59,0.429,0
2025-12-24 11:21:42.825278,-14.510906981483904,-43.76694188557796,38.32,49.01,1022.32,10.56,0.18,654.57,0.166,1
2025-12-24 12:21:42.825278,-28.033837292839635,-47.72260676542087,25.04,88.87,996.92,3.13,1.4,796.38,0.708,0
2025-12-24 13:21:42.825278,-1.5056010043093373,-42.87164225313789,30.04,53.37,1004.65,6.67,2.3,1180.84,0.799,0
2025-12-24 14:21:42.825278,-17.508990869011143,-51.1552710315891,30.89,70.95,1018.59,54.97,3.17,604.11,0.567,1
2025-12-24 15:21:42.825278,2.939228438678576,-38.092014171442216,14.68,55.4,1001.78,14.51,5.6,716.15,0.487,0
2025-12-24 16:21:42.825278,-6.307072595110693,-39.05229062870491,30.52,72.14,1036.68,3.15,8.96,446.44,0.661,0
2025-12-24 17:21:42.825278,-21.964064373611095,-57.0612174962445,22.49,79.52,1023.02,13.02,1.41,522.28,0.298,0
2025-12-24 18:21:42.825278,-26.31290804315334,-54.44096738129574,42.56,68.66,995.47,4.46,25.72,548.34,0.754,1
2025-12-24 19:21:42.825278,-15.447871376683732,-49.27639166424639,40.53,97.42,1016.68,21.8,1.51,175.57,0.551,1
2025-12-24 20:21:42.825278,0.4684438194284475,-44.214526969540586,21.92,61.71,1000.89,7.4,1.23,695.97,0.351,0
2025-12-24 21:21:42.825278,-16.28492193841909,-37.60813055953054,31.91,60.76,994.62,9.78,0.15,1121.74,0.328,1
2025-12-24 22:21:42.825278,-8.005074018489452,-42.78420926730311,29.68,95.17,1016.47,33.36,5.31,720.05,0.769,0
2025-12-24 23:21:42.825278,-14.204706043976078,-55.41394508991414,24.25,44.0,1011.24,8.83,13.02,642.29,0.562,0
2025-12-25 00:21:42.825278,-27.655923579115495,-38.06623867167903,33.09,15.06,1004.72,8.47,13.03,688.03,0.175,1
2025-12-25 01:21:42.825278,-22.29610359333364,-51.236986642845956,31.72,47.51,1009.79,8.3,4.99,811.47,0.805,1
2025-12-25 02:21:42.825278,-5.193202066979602,-59.79090795307857,31.91,37.25,1009.58,29.38,11.86,648.83,0.403,1
2025-12-25 03:21:42.825278,-3.1719732663595366,-45.4071603067159,28.49,74.09,1021.47,29.24,5.84,723.76,0.378,0
2025-12-25 04:21:42.825278,-8.28341752318103,-41.44367032002282,25.34,50.41,1015.56,42.99,11.37,733.37,0.89,1
2025-12-25 05:21:42.825278,1.1194773379003493,-45.529831137201484,34.43,39.35,1016.78,11.56,10.08,497.43,0.42,1
2025-12-25 06:21:42.825278,-19.016061712145458,-53.96248430017916,25.78,31.89,1012.19,3.75,0.64,812.41,0.368,1
2025-12-25 07:21:42.825278,-1.235916869512426,-43.51223078398074,37.12,46.84,1022.25,21.22,2.45,680.93,0.661,1
2025-12-25 08:21:42.825278,-18.642086993863025,-53.262203442693185,31.58,41.03,1017.56,5.53,8.68,403.92,0.66,1
2025-12-25 09:21:42.825278,-3.3702034174226405,-55.3069398576937,31.75,65.21,1005.53,8.27,4.53,712.94,0.237,1
2025-12-25 10:21:42.825278,-28.635723776860434,-43.32881521735855,32.07,53.96,1008.05,41.62,44.49,781.74,0.617,1
2025-12-25 11:21:42.825278,-21.284694236181853,-45.58244002855609,29.9,75.14,1019.35,35.14,48.35,467.0,0.501,1
2025-12-25 12:21:42.825278,-29.21509387932807,-50.98932932146285,30.0,88.63,1024.98,4.75,0.12,413.8,0.674,0
2025-12-25 13:21:42.825278,-3.3194081424664006,-59.02654958280836,35.97,67.74,1025.09,14.92,7.84,694.88,0.759,1
2025-12-25 14:21:42.825278,-9.666736703913724,-35.23302107335586,25.89,91.27,1002.18,4.68,7.27,925.83,0.624,0
2025-12-25 15:21:42.825278,-22.59274355005486,-35.109222262527915,15.4,72.51,1022.62,16.19,0.44,1001.75,0.449,0
2025-12-25 16:21:42.825278,-6.286393514071037,-50.671934539440414,39.78,60.07,1024.14,5.8,1.36,891.47,0.796,1
2025-12-25 17:21:42.825278,-23.722539639876565,-42.37152136073591,38.11,99.74,1005.63,32.69,1.49,929.75,0.721,1
2025-12-25 18:21:42.825278,-0.6645758753975102,-39.92972662938749,28.26,71.16,981.65,3.0,6.8,596.61,0.627,0
2025-12-25 19:21:42.825278,-9.588321850301586,-45.17899548729724,26.77,50.68,1010.19,0.58,4.4,685.1,0.398,0
2025-12-25 20:21:42.825278,0.834055197388011,-37.92712958703194,21.22,72.45,1019.55,6.08,12.98,505.22,0.601,0
2025-12-25 21:21:42.825278,4.06839167076874,-48.374762061839306,32.92,49.67,1009.64,66.65,13.59,612.95,0.401,1
2025-12-25 22:21:42.825278,-27.513778883459924,-54.73017246124928,26.94,29.03,1006.11,3.3,1.27,598.72,0.538,1
2025-12-25 23:21:42.825278,-20.25710314180702,-40.04267006977034,30.88,35.94,999.5,4.76,1.11,511.4,0.291,1
2025-12-26 00:21:42.825278,-6.410202714899434,-58.43587894451371,31.57,48.85,1007.04,36.0,1.35,483.19,0.544,1
2025-12-26 01:21:42.825278,-19.415317105251226,-45.91479088790365,22.91,52.81,1015.61,15.64,5.63,712.96,0.349,0
2025-12-26 02:21:42.825278,-20.422585374872995,-47.80414203639969,27.52,43.34,1022.98,1.06,4.34,551.08,0.898,0
2025-12-26 03:21:42.825278,-9.899934871842614,-43.31969157014547,26.07,69.64,1016.42,6.78,6.18,599.8,0.719,0
2025-12-26 04:21:42.825278,-23.169171897347233,-47.76518656483528,27.69,94.08,1026.96,8.07,15.72,638.84,0.209,1
2025-12-26 05:21:42.825278,-14.110353108010536,-40.938826033128294,22.45,55.13,1008.4,54.45,1.54,992.74,0.875,1
2025-12-26 06:21:42.825278,-12.863143828241434,-43.88136878557954,29.77,29.67,1029.72,2.74,6.77,439.8,0.432,1
2025-12-26 07:21:42.825278,-22.34515698867459,-55.42905550327957,22.98,49.03,1022.0,47.14,28.03,451.12,0.594,1
2025-12-26 08:21:42.825278,-16.890811481714657,-40.05669341629465,23.69,55.39,1026.16,28.61,1.54,684.94,0.33,0
2025-12-26 09:21:42.825278,-22.362736290673972,-38.14820566737037,32.09,43.23,1001.36,0.01,16.36,746.27,0.796,1
2025-12-26 10:21:42.825278,-3.7406982621405227,-56.198785814387705,15.48,48.31,1011.63,45.63,0.33,486.26,0.363,1
2025-12-26 11:21:42.825278,-21.66486712170063,-37.289136203015616,23.99,15.24,986.55,25.73,1.34,155.45,0.45,1
2025-12-26 12:21:42.825278,-9.108125830867035,-35.011057418739036,24.84,87.77,1007.38,0.56,1.83,718.94,0.578,0
2025-12-26 13:21:42.825278,-8.470480081058007,-37.23485706963946,15.22,70.17,1040.0,0.93,0.28,274.86,0.895,0
2025-12-26 14:21:42.825278,-0.6286861756895483,-55.98301038220387,27.73,51.52,1005.16,16.87,2.64,709.31,0.467,0
2025-12-26 15:21:42.825278,-1.9493978321966239,-50.19766057738568,21.22,49.29,1016.3,26.67,2.16,773.39,0.92,0
2025-12-26 16:21:42.825278,2.520065102409056,-50.31693705061715,28.59,85.92,1003.37,7.62,0.24,784.1,0.568,0
2025-12-26 17:21:42.825278,2.662178071575717,-53.36258981427319,29.51,91.56,1023.83,6.88,15.08,489.94,0.741,1
2025-12-26 18:21:42.825278,-20.143438526302887,-35.91599198884905,33.26,89.45,1004.75,10.53,2.42,608.68,0.749,1
2025-12-26 19:21:42.825278,2.7419579734623483,-55.35667319987036,25.2,72.81,1009.71,1.15,0.78,708.33,0.32,0
2025-12-26 20:21:42.825278,-24.73347051479009,-35.79809046373166,28.51,5.0,1009.76,19.52,11.13,356.51,0.643,1
2025-12-26 21:21:42.825278,1.6525921247850022,-39.56480381734727,37.13,41.02,1032.97,9.27,17.27,854.41,0.329,1
2025-12-26 22:21:42.825278,-20.492838655397062,-55.234754173138754,24.83,38.87,1026.68,2.3,10.62,603.41,0.186,1
2025-12-26 23:21:42.825278,-12.751314541351139,-52.50144825557443,29.62,32.63,1035.85,3.23,0.99,814.05,0.571,1
2025-12-27 00:21:42.825278,-17.961480970481006,-41.674997319434425,31.26,64.0,1015.17,19.26,18.29,879.02,0.219,1
2025-12-27 01:21:42.825278,-29.621612072768126,-39.336223145213395,22.24,57.55,1013.12,15.48,4.99,922.95,0.67,0
2025-12-27 02:21:42.825278,-28.864479388348457,-43.532059031824446,22.29,61.55,1015.09,6.33,22.29,426.48,0.168,1
2025-12-27 03:21:42.825278,-28.237766556072636,-58.68086855350993,22.84,51.73,1034.65,4.62,7.61,737.49,0.241,0
2025-12-27 04:21:42.825278,-17.42769385560584,-39.411194334704525,27.44,86.52,996.55,29.49,3.18,398.52,0.246,0
2025-12-27 05:21:42.825278,-0.5681951358982502,-54.4690325888484,11.01,84.01,1006.44,31.23,3.88,313.45,0.472,0
2025-12-27 06:21:42.825278,2.639420744675924,-57.03390585646049,29.14,68.98,1005.88,11.62,4.19,656.2,0.641,0
2025-12-27 07:21:42.825278,3.9902817578900027,-45.945279723386875,22.11,53.15,1014.05,9.73,0.99,759.84,0.581,0
2025-12-27 08:21:42.825278,-6.8377793634926505,-58.07992379213946,32.29,19.0,1025.91,30.34,7.57,589.47,0.276,1
2025-12-27 09:21:42.825278,-26.294398862540476,-51.12755791283615,23.74,94.7,1001.72,19.32,0.58,433.61,0.471,0
2025-12-27 10:21:42.825278,-24.5115553139118,-39.31744625656886,27.44,49.41,993.83,12.56,10.52,707.89,0.595,0
2025-12-27 11:21:42.825278,-7.956277094785232,-49.91973417040443,32.16,64.05,1031.58,20.37,4.48,789.53,0.661,1
2025-12-27 12:21:42.825278,-24.874731018901436,-39.1767571106443,35.2,62.81,988.4,44.38,2.31,448.91,0.539,1
2025-12-27 13:21:42.825278,-12.006659510705909,-52.2882929627629,35.31,23.64,1021.12,0.72,2.54,633.0,0.634,1
2025-12-27 14:21:42.825278,-4.507020098112392,-51.354847539739374,34.25,71.67,1010.45,27.53,2.47,754.37,0.88,1
2025-12-27 15:21:42.825278,-5.918405502405491,-56.99031053027277,34.42,34.14,1018.87,6.61,6.33,440.88,0.493,1
2025-12-27 16:21:42.825278,-24.01722591527031,-49.54638029593001,30.33,65.03,1009.67,1.9,0.13,513.96,0.76,0
2025-12-27 17:21:42.825278,-24.294331016478985,-54.1546791726734,37.93,69.82,1007.7,46.98,4.35,306.32,0.814,1
2025-12-27 18:21:42.825278,-28.997165034782093,-45.41869019218608,27.46,59.25,991.23,65.56,6.29,919.09,0.74,1
2025-12-27 19:21:42.825278,-20.497779911005104,-37.39391771481087,21.87,76.94,986.47,0.93,4.44,727.81,0.644,0
2025-12-27 20:21:42.825278,-22.14885044012658,-54.34802322473593,27.34,42.07,1022.1,1.57,1.9,583.54,0.0,0
2025-12-27 21:21:42.825278,-18.295958735393796,-50.135692117026906,25.75,35.25,1013.31,15.28,13.1,540.83,0.641,1
2025-12-27 22:21:42.825278,-24.77626855904841,-53.295640806377165,21.07,24.96,1007.32,0.64,3.98,678.45,0.361,1
2025-12-27 23:21:42.825278,-7.547343156031189,-53.504296551492516,31.65,39.96,1002.97,9.54,2.2,825.56,0.653,1
2025-12-28 00:21:42.825278,-6.4417754181074045,-39.39123881876626,21.38,53.38,1002.64,20.03,2.52,889.5,0.729,0
2025-12-28 01:21:42.825278,0.3135540882242154,-52.7640119595128,38.98,100.0,1004.59,9.53,4.46,778.29,0.173,1
2025-12-28 02:21:42.825278,-0.22989151947093944,-54.96179054984218,29.11,68.51,1014.67,27.21,0.13,880.2,0.36,0
2025-12-28 03:21:42.825278,-3.212282264968575,-53.67434147699367,23.94,78.01,1017.41,7.06,9.03,950.1,0.855,0
2025-12-28 04:21:42.825278,-6.111363916179744,-45.61602067177253,18.06,49.51,1003.18,21.22,2.13,779.87,0.824,0
2025-12-28 05:21:42.825278,-22.345013888271126,-58.501417478467296,32.17,65.68,1000.15,34.08,0.37,497.57,0.8,1
2025-12-28 06:21:42.825278,-13.251507052816713,-36.778511253860856,25.49,19.48,999.15,14.3,1.54,994.06,0.751,1
2025-12-28 07:21:42.825278,3.7855953270639944,-58.73958065994477,20.47,63.69,1023.25,14.94,5.55,349.65,0.762,0
2025-12-28 08:21:42.825278,2.104382330218826,-49.835236566013194,30.65,45.34,1014.75,21.54,18.44,315.58,0.678,1
2025-12-28 09:21:42.825278,-6.212838616169975,-36.35188389919784,34.35,42.38,1003.45,19.52,8.03,607.14,0.559,1
2025-12-28 10:21:42.825278,-4.492768094227337,-51.91173968786271,31.99,98.82,1001.46,1.79,14.25,581.96,0.596,1
2025-12-28 11:21:42.825278,-26.37980597988308,-49.949319577793986,31.88,77.63,1020.65,2.26,0.0,485.07,0.821,1
2025-12-28 12:21:42.825278,-21.093153393360893,-59.677563255261866,35.02,62.69,1012.96,13.0,0.71,749.73,0.12,1
2025-12-28 13:21:42.825278,-8.750265169074808,-50.28184130308633,33.26,53.4,1009.46,6.81,0.81,905.34,0.052,1
2025-12-28 14:21:42.825278,0.5766485058025381,-35.110777487732804,35.66,66.76,997.52,9.28,8.93,456.44,0.319,1
2025-12-28 15:21:42.825278,-25.337652655217994,-44.19009358836229,34.82,64.33,999.69,21.28,9.65,745.76,0.622,1
2025-12-28 16:21:42.825278,-12.501435281232403,-41.743770261760716,20.91,68.99,1037.03,34.14,1.75,467.34,0.539,0
2025-12-28 17:21:42.825278,-9.505269492234433,-46.46563947731404,22.11,63.92,1001.15,14.15,2.13,848.7,0.645,0
2025-12-28 18:21:42.825278,-28.544736405369218,-47.54675141129894,21.45,76.7,1022.97,41.08,13.28,371.77,0.868,1
2025-12-28 19:21:42.825278,-17.231213542727048,-43.97586179753105,31.44,32.68,1010.21,21.78,6.5,777.09,0.501,1
2025-12-28 20:21:42.825278,-29.267305876064334,-52.1056712187626,21.84,84.6,1000.42,25.41,4.84,943.12,0.686,0
2025-12-28 21:21:42.825278,-21.21923150382549,-56.98881650008586,27.18,68.57,1012.93,8.54,0.51,664.14,0.124,0
2025-12-28 22:21:42.825278,-24.33269476787252,-43.5474445485877,21.08,26.25,990.47,19.4,4.67,406.02,0.445,1
2025-12-28 23:21:42.825278,-1.5196829697220409,-36.487401178014935,29.07,68.01,1013.57,2.96,5.19,911.17,0.911,0
2025-12-29 00:21:42.825278,-15.948837731883486,-51.547889765843465,26.32,40.71,1018.07,4.22,0.48,518.91,0.983,0
2025-12-29 01:21:42.825278,0.5169571448176917,-45.57545968955795,35.14,82.12,1005.23,13.99,0.66,805.09,0.578,1
2025-12-29 02:21:42.825278,-16.12905810756228,-52.591854952504995,27.56,58.49,1035.67,1.51,22.45,400.52,0.651,1
2025-12-29 03:21:42.825278,-1.0046465171353205,-57.995331079697166,36.93,100.0,1007.15,31.75,12.24,685.19,0.53,1
2025-12-29 04:21:42.825278,-25.64789554991954,-38.12165953447119,30.62,9.36,1020.18,20.08,5.25,672.71,0.415,1
2025-12-29 05:21:42.825278,-14.605052610015779,-43.90108551380966,25.58,49.0,1010.24,16.47,18.62,417.33,0.444,1
2025-12-29 06:21:42.825278,-14.509792892351461,-58.79093222378048,30.56,68.36,990.69,28.95,6.47,841.51,0.639,0
2025-12-29 07:21:42.825278,-2.5458084375520933,-45.035925169556,34.61,70.45,1010.83,14.02,7.43,753.27,0.295,1
2025-12-29 08:21:42.825278,-9.993732268096966,-55.379040051324374,28.87,47.72,1013.69,4.63,8.79,935.95,0.528,0
2025-12-29 09:21:42.825278,-24.282163456055294,-55.388523723502914,23.17,50.45,996.94,0.95,4.06,122.7,0.961,0
2025-12-29 10:21:42.825278,-16.60255648589358,-39.02133479823119,28.11,36.57,1032.35,37.87,6.53,991.51,0.585,1
2025-12-29 11:21:42.825278,-7.40497365004002,-58.86037105128328,19.98,50.91,1009.38,3.35,1.09,659.41,0.338,0
2025-12-29 12:21:42.825278,-21.39533951273099,-51.046507086771385,33.87,17.89,1025.84,9.52,5.38,899.54,0.478,1
2025-12-29 13:21:42.825278,-18.261993782388814,-55.57294361506776,27.61,90.6,1019.98,6.82,4.0,591.14,0.507,0
2025-12-29 14:21:42.825278,-23.733892689544568,-40.06214886758785,31.07,98.7,1021.79,1.36,2.63,641.34,0.786,1
2025-12-29 15:21:42.825278,4.738011705668995,-53.98323713107117,24.24,60.9,1012.61,4.58,4.08,708.14,0.538,0
2025-12-29 16:21:42.825278,-23.66878345173856,-40.02105072238045,35.32,42.46,1032.54,32.17,13.04,335.43,0.391,1
2025-12-29 17:21:42.825278,-15.446350119355616,-46.28528962363279,30.55,70.05,982.08,101.93,1.16,476.18,0.876,1
2025-12-29 18:21:42.825278,-25.344657038243493,-56.03158091564226,24.51,36.52,1009.62,9.76,3.54,1022.22,0.849,1
2025-12-29 19:21:42.825278,-24.348975807751597,-48.20650406203902,39.15,100.0,1031.13,4.25,10.85,641.17,0.518,1
2025-12-29 20:21:42.825278,-2.692557301252826,-45.902676973614945,33.28,38.45,1028.52,23.91,7.54,706.36,0.328,1
2025-12-29 21:21:42.825278,-20.85334437401157,-49.52251317707287,27.79,66.93,1040.0,6.12,0.05,318.79,0.544,0
2025-12-29 22:21:42.825278,-4.288709475131274,-59.40134336823791,31.84,62.46,1010.64,1.73,7.86,416.14,0.112,1
2025-12-29 23:21:42.825278,-11.751804248419056,-37.58563353827475,35.17,64.58,1024.89,39.84,7.27,596.45,0.812,1
2025-12-30 00:21:42.825278,-3.7549024049105917,-37.1739633277536,20.38,65.74,1002.02,5.1,2.93,535.11,0.975,0
2025-12-30 01:21:42.825278,-15.072508846534861,-44.61448050447912,35.99,61.43,996.48,4.33,2.66,873.13,0.471,1
2025-12-30 02:21:42.825278,-29.514825243049895,-43.76552949408444,34.41,72.08,1039.64,19.58,9.09,383.7,0.355,1
2025-12-30 03:21:42.825278,0.7913340803020255,-58.76947713648096,34.04,66.72,1009.27,5.33,1.99,1018.97,0.55,1
2025-12-30 04:21:42.825278,-21.632676557373962,-41.04898947471959,23.32,81.64,995.81,67.56,8.3,575.26,0.514,1
2025-12-30 05:21:42.825278,-2.6338180451088604,-40.85353390288145,30.37,40.28,1008.59,20.05,10.45,402.89,0.62,0
2025-12-30 06:21:42.825278,-12.34404204157256,-52.195256585771766,39.39,41.04,1001.99,9.36,2.51,787.53,0.669,1
2025-12-30 07:21:42.825278,1.8238443052947346,-50.74419535788558,24.19,68.43,1015.2,33.69,1.62,627.73,0.642,0
2025-12-30 08:21:42.825278,-18.126576858915726,-58.43921681805549,22.06,59.3,1002.27,29.78,16.67,449.47,0.707,1
2025-12-30 09:21:42.825278,0.0030828079426861166,-40.88372624037817,25.41,68.9,1002.09,52.22,9.18,651.29,0.133,1
2025-12-30 10:21:42.825278,-7.399623482713125,-47.23573978178741,25.84,45.44,1016.48,2.66,24.36,706.23,0.789,1
2025-12-30 11:21:42.825278,-3.68611989151616,-39.70134413405292,20.45,57.16,1016.06,35.2,1.13,835.3,0.724,1
2025-12-30 12:21:42.825278,-6.279686557953784,-53.692131596621174,27.61,61.46,1012.88,11.61,15.13,622.96,0.326,1
2025-12-30 13:21:42.825278,-0.7245232635545591,-46.27725920899821,25.64,72.06,1001.79,12.88,7.42,879.57,0.52,0
2025-12-30 14:21:42.825278,-0.9653049510932554,-42.265279454390345,35.31,81.15,1022.47,23.26,0.96,593.28,0.737,1
2025-12-30 15:21:42.825278,-28.348115440591734,-35.96458450894876,26.66,81.3,1029.43,5.68,2.29,624.73,0.612,0
2025-12-30 16:21:42.825278,-2.8573146148350226,-50.17195504482302,30.54,60.79,994.77,7.59,5.88,413.15,0.753,0
2025-12-30 17:21:42.825278,-12.306772289677841,-47.30605404528578,27.05,56.37,1010.72,19.59,7.24,355.15,0.193,0
2025-12-30 18:21:42.825278,-2.5227627633749066,-55.10718399750877,30.98,81.4,997.6,5.34,11.16,233.09,0.146,0
2025-12-30 19:21:42.825278,-9.138245948366741,-35.10663869871692,28.87,75.86,1010.54,7.62,0.45,583.3,0.28,0
2025-12-30 20:21:42.825278,-22.312777499190084,-59.99432404454361,23.71,70.43,1015.86,10.14,1.01,680.25,0.115,0
2025-12-30 21:21:42.825278,-16.88112764775008,-44.46673439610732,29.07,48.28,1015.95,0.65,41.38,875.51,0.46,1
2025-12-30 22:21:42.825278,-18.05644425847978,-48.895414828040835,28.62,100.0,1015.33,11.88,34.68,645.99,0.387,1
2025-12-30 23:21:42.825278,-11.15617572495648,-35.19660901303543,32.94,40.49,1027.64,0.13,4.13,769.65,0.439,1
2025-12-31 00:21:42.825278,-18.193428690398207,-39.31190765115457,23.31,44.81,990.75,9.72,3.78,734.88,0.135,0
2025-12-31 01:21:42.825278,-26.261975359917272,-36.16492801544763,27.48,56.99,1008.08,6.37,3.09,733.59,0.44,0
2025-12-31 02:21:42.825278,-25.712574831190377,-44.12733352117093,29.09,86.07,1019.03,3.33,15.39,575.77,0.552,1
2025-12-31 03:21:42.825278,-3.069509720245513,-36.63011206268042,26.05,56.71,1014.55,6.02,2.73,400.06,0.23,0
2025-12-31 04:21:42.825278,-10.940563637086356,-56.00300591583897,22.64,70.27,1012.42,28.65,10.76,295.67,0.351,0
2025-12-31 05:21:42.825278,-10.853412903454782,-57.81383745500286,30.52,34.71,990.48,0.73,2.56,581.09,0.525,1
2025-12-31 06:21:42.825278,-23.731677123513645,-50.1945551641615,25.6,65.39,1011.46,26.87,3.36,682.85,0.315,0
2025-12-31 07:21:42.825278,-24.889264324606312,-36.54839651079672,30.93,83.64,1017.77,1.29,3.26,836.5,0.265,0
2025-12-31 08:21:42.825278,-17.541477928527584,-56.28733045890798,35.43,67.6,1000.38,3.94,2.17,594.14,0.746,1
2025-12-31 09:21:42.825278,-8.966908041179835,-42.59800346082402,19.77,81.82,1006.44,4.11,5.06,555.56,0.649,0
2025-12-31 10:21:42.825278,-26.154791019072597,-37.90790080780026,35.78,37.86,1007.61,16.94,2.2,622.77,0.405,1
2025-12-31 11:21:42.825278,-24.84928621167691,-52.55056911260391,26.83,59.86,1009.41,2.37,2.94,707.51,0.881,0
2025-12-31 12:21:42.825278,0.9567554658865696,-46.15016861242172,19.66,63.16,998.83,25.67,3.31,384.15,0.74,0
2025-12-31 13:21:42.825278,-28.263793207768103,-53.57343269526978,29.46,29.35,1009.64,24.52,20.13,318.12,0.372,1
2025-12-31 14:21:42.825278,3.6542756248148223,-48.87868917931148,14.82,56.76,1013.72,25.85,13.36,802.93,0.39,0
2025-12-31 15:21:42.825278,-0.3034878957807372,-50.918616208104744,16.55,87.87,1020.53,29.43,14.92,549.9,0.524,0
2025-12-31 16:21:42.825278,-15.934330506714117,-43.156094255397754,37.69,53.56,1027.91,3.71,11.07,396.77,0.267,1
2025-12-31 17:21:42.825278,-19.783108927576748,-41.28478228545419,29.31,30.02,1010.9,61.55,10.05,634.26,0.66,1
2025-12-31 18:21:42.825278,-13.371488075789784,-37.551119595374516,39.13,64.48,1007.84,2.37,1.85,359.92,0.742,1
2025-12-31 19:21:42.825278,-10.726883926720252,-56.171387497901094,30.77,73.43,1030.34,23.65,11.75,660.82,0.628,0
2025-12-31 20:21:42.825278,-18.042561055828937,-43.788386077494074,25.9,44.55,1016.55,9.0,5.13,871.44,0.468,0
2025-12-31 21:21:42.825278,0.4377389684259967,-57.796639225582716,33.48,70.75,1017.14,3.61,4.5,742.75,0.383,1
2025-12-31 22:21:42.825278,-11.262828117842012,-44.11691633229198,24.52,47.77,1010.88,14.77,15.61,606.89,0.404,1
2025-12-31 23:21:42.825278,3.3592040037948223,-42.018869985604205,39.34,60.99,1021.23,5.39,0.43,540.52,0.623,1
2026-01-01 00:21:42.825278,-19.40287051048115,-46.68822730290256,40.09,85.81,1007.23,17.28,28.0,451.59,0.621,1
2026-01-01 01:21:42.825278,-3.322577959003805,-45.20707577768999,29.15,71.36,999.4,17.58,7.38,1200.0,0.325,0
2026-01-01 02:21:42.825278,-18.294511550866357,-47.01718268394242,31.32,49.04,1035.08,10.36,2.59,510.57,0.155,1
2026-01-01 03:21:42.825278,2.6503691544321555,-36.9338715099107,32.51,18.7,1012.34,24.05,0.3,275.99,0.486,1
2026-01-01 04:21:42.825278,2.2187559785894138,-59.69992431818294,37.86,67.21,1001.64,64.66,5.84,644.38,0.277,1
2026-01-01 05:21:42.825278,-13.077567021261867,-49.271262701041955,31.56,50.23,1019.6,3.9,5.62,472.7,0.59,1
2026-01-01 06:21:42.825278,-28.723863221103354,-58.68140119594457,27.53,48.42,1006.23,9.86,0.33,775.31,0.984,0
2026-01-01 07:21:42.825278,-10.01825311867493,-51.68933269564087,19.46,46.43,1008.18,8.23,0.84,937.74,0.71,0
2026-01-01 08:21:42.825278,-20.01779690618551,-44.23073949568448,21.09,5.0,1002.29,6.89,20.68,822.21,0.546,1
2026-01-01 09:21:42.825278,1.9480280142751596,-44.740924804546076,23.87,27.68,1015.6,7.57,15.29,776.13,1.0,1
2026-01-01 10:21:42.825278,-26.51471002609899,-59.59929608862192,27.37,67.87,1003.14,20.69,21.57,682.63,0.346,1
2026-01-01 11:21:42.825278,-9.639746538428316,-40.84131967238369,29.24,79.24,1009.16,18.83,18.36,478.84,0.614,1
2026-01-01 12:21:42.825278,-19.16079011131838,-54.95512629368858,29.14,65.94,997.73,3.66,11.3,839.72,0.242,0
2026-01-01 13:21:42.825278,-8.418230764215373,-58.9916536965387,27.13,52.74,987.91,2.88,33.42,580.1,0.489,1
2026-01-01 14:21:42.825278,-22.876279413958628,-40.773471671006895,38.07,21.77,1027.73,38.97,0.73,609.62,0.722,1
2026-01-01 15:21:42.825278,-16.42095359607398,-39.26085421429079,28.48,38.03,1029.05,50.1,2.58,872.26,0.344,1
2026-01-01 16:21:42.825278,-3.213929516611479,-36.764912903771155,31.57,48.2,1010.41,8.82,2.66,663.01,0.82,1
2026-01-01 17:21:42.825278,4.181617306025323,-50.569955438559035,33.32,54.12,1028.28,36.66,1.59,856.29,0.395,1
2026-01-01 18:21:42.825278,-16.218570045210768,-44.79471558083883,37.78,52.55,1009.09,3.31,3.51,309.8,0.428,1
2026-01-01 19:21:42.825278,-9.584246313552843,-37.89141430071781,27.18,66.15,998.85,19.67,4.35,517.66,0.881,0
2026-01-01 20:21:42.825278,-12.33769492078978,-59.816173886139325,34.42,85.44,1010.67,69.57,4.37,580.12,0.728,1
2026-01-01 21:21:42.825278,-4.895834344698525,-45.44824672189441,28.03,67.63,1015.74,10.99,5.16,719.91,0.531,0
2026-01-01 22:21:42.825278,-5.599181099837736,-57.91942334479819,27.64,82.56,1013.03,9.72,16.81,515.55,0.655,1
2026-01-01 23:21:42.825278,-10.480895808509153,-58.634742419663276,25.14,60.26,1017.76,6.19,5.07,572.1,0.709,0
2026-01-02 00:21:42.825278,-23.25632612296549,-56.77321882672796,33.92,45.76,993.49,3.27,3.24,621.09,0.515,1
2026-01-02 01:21:42.825278,4.58434265841224,-47.869238605866094,30.95,96.27,1007.89,74.11,0.41,700.1,0.448,1
2026-01-02 02:21:42.825278,-20.13612488465848,-55.392465076247525,25.13,67.19,1040.0,10.07,0.22,521.11,0.629,0
2026-01-02 03:21:42.825278,-14.850602762998971,-46.61143817255504,29.58,12.26,1006.05,39.31,17.95,847.51,0.237,1
2026-01-02 04:21:42.825278,2.4417646751052473,-35.94853752646621,9.95,71.42,1014.92,5.98,2.62,453.76,0.572,0
2026-01-02 05:21:42.825278,-27.109974468765298,-56.136979250237026,24.24,69.88,977.74,5.39,3.04,603.86,0.442,0
2026-01-02 06:21:42.825278,3.8295453783190396,-36.38231545818796,32.79,22.81,1012.55,0.26,2.38,750.5,0.921,1
2026-01-02 07:21:42.825278,-4.339386765212016,-35.1144621768636,25.11,66.49,990.35,13.72,4.16,649.0,0.786,0
2026-01-02 08:21:42.825278,-8.886410206058958,-54.31847366100844,39.21,68.39,1015.32,17.01,3.71,651.54,0.428,1
2026-01-02 09:21:42.825278,-16.54194652028067,-51.32602624056035,31.03,88.7,1007.83,11.92,12.64,318.46,0.728,1
2026-01-02 10:21:42.825278,-1.650743971078466,-54.04275823617271,28.15,29.14,1013.97,10.61,27.28,1045.32,0.765,1
2026-01-02 11:21:42.825278,-25.119241732819393,-45.769838421764305,29.26,64.68,1024.43,22.79,3.72,633.49,0.372,0
2026-01-02 12:21:42.825278,-16.193221320639985,-38.323495440526315,32.56,54.16,1011.28,6.97,5.97,738.84,0.326,1
2026-01-02 13:21:42.825278,-4.223438888332453,-58.708566072133976,33.58,57.36,1005.72,7.85,3.03,286.08,0.53,1
2026-01-02 14:21:42.825278,-23.270972853616783,-52.26326127278497,27.59,67.28,1037.12,73.71,2.21,377.86,0.782,1
2026-01-02 15:21:42.825278,-8.743645412242692,-57.7855415090839,33.84,50.85,1014.23,16.32,10.76,741.55,0.464,1
2026-01-02 16:21:42.825278,-28.93761680634485,-38.90467840854235,19.1,55.83,1026.48,14.17,1.07,375.11,0.353,0
2026-01-02 17:21:42.825278,-22.526000092838053,-49.72139158800032,23.24,40.52,1020.44,8.22,3.97,536.6,0.696,0
2026-01-02 18:21:42.825278,-27.61869400679156,-52.07739655698438,28.27,25.09,1017.94,33.54,3.57,719.02,0.325,1
2026-01-02 19:21:42.825278,-27.868305986768604,-42.460868359926444,34.77,59.6,1010.71,7.19,9.46,512.75,0.757,1
2026-01-02 20:21:42.825278,-1.5930544944301275,-52.65208098737666,38.2,51.96,1020.18,16.93,19.73,442.34,0.645,1
2026-01-02 21:21:42.825278,-10.110598430593107,-53.13335325530237,24.13,18.73,1008.19,15.59,17.59,1000.7,0.755,1
2026-01-02 22:21:42.825278,-11.84382535098517,-58.7208623388631,27.72,28.36,1000.72,12.63,3.12,549.06,0.5,1
2026-01-02 23:21:42.825278,-25.33505096712394,-36.80635667311482,17.96,68.08,1020.59,2.02,11.96,756.46,0.686,0
2026-01-03 00:21:42.825278,-26.01119395082656,-43.90230107330588,29.66,83.91,1004.84,13.54,0.28,1027.63,0.416,0
2026-01-03 01:21:42.825278,-14.774489198092182,-52.6836225583148,29.34,38.16,1013.62,21.18,12.68,223.1,0.958,1
2026-01-03 02:21:42.825278,-26.2650863314176,-43.76109983107595,28.94,63.52,1004.0,2.15,0.4,685.63,0.429,0
2026-01-03 03:21:42.825278,-20.898318591164816,-50.37354860702596,25.57,62.92,1019.02,32.43,9.91,708.38,0.443,0
2026-01-03 04:21:42.825278,-20.371539145430646,-44.02230382513234,22.6,40.72,1024.96,32.58,29.33,819.7,0.647,1
2026-01-03 05:21:42.825278,-7.343025296941807,-56.79125183463263,34.43,57.5,1022.16,0.73,3.6,747.36,0.725,1
2026-01-03 06:21:42.825278,-13.922972054211527,-58.622461621029224,21.65,10.04,1014.41,6.72,5.96,759.6,0.48,1
2026-01-03 07:21:42.825278,-17.56506090170771,-42.937206747095,14.69,85.11,1023.35,5.62,3.03,713.07,0.381,0
2026-01-03 08:21:42.825278,-28.607100543252162,-45.05794161191352,17.31,15.39,1014.72,30.99,2.24,548.92,0.785,1
2026-01-03 09:21:42.825278,0.6992163681800818,-53.92050049339435,26.36,32.86,1014.68,1.93,19.36,749.34,0.686,1
2026-01-03 10:21:42.825278,-28.293178841540087,-38.906780182243565,16.38,44.77,1001.46,25.44,6.99,667.98,0.451,0
2026-01-03 11:21:42.825278,-23.5512971949564,-58.57494031120165,25.01,82.99,1015.56,0.32,0.4,878.18,0.608,0
2026-01-03 12:21:42.825278,-18.564138830097825,-51.259640029806945,18.69,73.24,1026.26,24.36,9.0,982.89,0.434,0
2026-01-03 13:21:42.825278,-25.586145041248123,-56.75357466455297,21.06,77.0,1017.01,59.21,7.92,708.17,0.807,1
2026-01-03 14:21:42.825278,-8.360024264519804,-40.463447781132274,33.07,70.28,1006.47,18.41,3.02,786.18,0.311,1
2026-01-03 15:21:42.825278,-5.072292818799447,-55.60274291453345,29.71,59.32,992.86,44.34,1.9,725.73,0.434,1
2026-01-03 16:21:42.825278,-12.478316368312417,-37.20537219045572,30.37,40.85,1004.93,20.7,7.21,567.45,0.389,0
2026-01-03 17:21:42.825278,-14.320992026623353,-49.86320809173954,34.46,40.82,995.77,14.97,2.33,611.47,0.626,1
2026-01-03 18:21:42.825278,1.3535506046068129,-57.41312340883538,32.14,65.31,1019.89,20.33,2.87,637.48,0.432,1
2026-01-03 19:21:42.825278,-26.744390675806375,-56.40330084141676,22.39,56.44,1001.05,28.58,1.22,712.7,0.37,0
2026-01-03 20:21:42.825278,-23.098595631117682,-57.55974904727521,25.07,81.49,1017.96,20.35,9.18,1023.51,0.272,0
2026-01-03 21:21:42.825278,-28.634775273301365,-48.61083045024728,32.58,63.36,1023.34,32.15,38.26,740.15,0.374,1
2026-01-03 22:21:42.825278,-6.399724920499139,-35.50111381604304,32.45,47.25,1014.6,43.38,3.86,595.4,0.342,1
2026-01-03 23:21:42.825278,-14.678223075415504,-52.240727772297,39.67,67.4,1019.01,5.25,0.56,723.9,0.504,1
2026-01-04 00:21:42.825278,-7.8387463786479685,-41.97363347755321,33.24,40.68,1011.05,17.74,1.26,595.92,0.442,1
2026-01-04 01:21:42.825278,-7.1701610513543805,-49.87007143561676,31.93,42.07,1014.63,0.31,19.22,792.53,0.436,1
2026-01-04 02:21:42.825278,4.977260516527004,-54.71421855002722,33.11,35.42,1029.43,2.63,30.33,652.55,0.431,1
2026-01-04 03:21:42.825278,-20.48988403856371,-39.60110526461983,26.2,45.01,1009.34,7.54,31.87,438.15,0.914,1
2026-01-04 04:21:42.825278,-24.17115202759555,-35.34558006790763,24.6,76.63,1014.51,47.55,5.49,472.78,0.512,1
2026-01-04 05:21:42.825278,-5.199575898126117,-41.703181567837476,35.16,50.81,999.04,18.26,0.59,748.24,0.116,1
2026-01-04 06:21:42.825278,4.867857256562353,-48.13666093443898,26.33,85.83,1017.06,39.18,4.23,885.83,0.877,1
2026-01-04 07:21:42.825278,-15.391597036983434,-56.39219890781296,35.87,53.1,1017.87,4.28,10.66,662.21,0.146,1
2026-01-04 08:21:42.825278,-24.31211271458903,-36.00635696345077,36.65,49.75,1012.67,10.94,5.84,594.26,0.547,1
2026-01-04 09:21:42.825278,-4.86761435796987,-48.932657450814105,27.37,42.25,1021.26,30.19,7.1,529.91,0.403,0
2026-01-04 10:21:42.825278,-8.018933740066203,-39.25151016968891,18.73,49.21,1016.64,10.7,5.35,800.8,0.655,0
2026-01-04 11:21:42.825278,-17.4440121309989,-35.10887058314127,20.68,19.65,978.01,15.02,19.89,609.38,0.828,1
2026-01-04 12:21:42.825278,-4.84552569095214,-45.344112530480956,19.64,59.31,992.6,44.34,3.27,608.71,0.559,1
2026-01-04 13:21:42.825278,-7.895946746334388,-46.42648888776681,31.74,53.69,1000.71,1.88,7.8,916.75,0.493,1
2026-01-04 14:21:42.825278,-22.283533165022057,-55.885848539266625,32.31,56.85,1004.3,13.11,0.7,949.76,0.68,1
2026-01-04 15:21:42.825278,-26.16811718758521,-35.85408327981041,18.21,69.61,999.34,5.07,10.11,774.7,0.771,0
2026-01-04 16:21:42.825278,-8.492518891068261,-37.68827265119971,26.61,48.47,1029.65,20.78,1.91,524.09,0.391,0
2026-01-04 17:21:42.825278,-15.610545260921727,-54.14187335873683,22.3,58.35,1014.92,7.44,0.06,821.24,0.655,0
2026-01-04 18:21:42.825278,-24.86870948739989,-56.00834126582123,31.06,85.45,1013.52,6.65,3.68,565.56,0.683,1
2026-01-04 19:21:42.825278,-15.987518060605927,-36.32117659984113,31.47,88.14,1006.19,11.91,18.23,540.5,0.669,1
2026-01-04 20:21:42.825278,-1.820827693586729,-38.74668163287408,28.49,59.24,1040.0,18.65,0.14,863.17,0.695,0
2026-01-04 21:21:42.825278,-6.691849187183752,-39.433563287989315,28.67,60.52,1008.36,11.08,5.53,687.91,0.452,0
2026-01-04 22:21:42.825278,-12.387285479947796,-40.8712787534684,20.87,59.0,999.45,37.06,7.6,735.21,0.392,1
2026-01-04 23:21:42.825278,-8.060848345472646,-53.670027324679744,28.2,70.38,1017.95,69.49,5.58,938.78,0.493,1
2026-01-05 00:21:42.825278,-25.36352702803257,-46.327112155171896,22.79,61.96,1025.25,34.9,0.84,603.87,0.503,0
2026-01-05 01:21:42.825278,0.6168121893897727,-56.777435373162525,25.56,49.3,1015.54,17.57,3.52,530.22,0.694,0
2026-01-05 02:21:42.825278,-7.627935971351405,-54.107936635602876,32.03,67.68,1000.07,10.04,1.4,694.92,0.756,1
2026-01-05 03:21:42.825278,-26.297121790452035,-47.346503682633895,32.78,72.91,1012.23,13.81,4.01,645.64,0.79,1
2026-01-05 04:21:42.825278,-13.483412130241692,-47.74218776475429,29.67,65.83,991.71,12.19,6.8,473.87,0.696,0
2026-01-05 05:21:42.825278,-12.973103199365198,-51.64886128950101,24.1,54.69,1007.2,53.67,2.91,622.98,0.297,1
2026-01-05 06:21:42.825278,-19.2519289823913,-59.12101874322015,30.92,21.01,987.4,10.67,26.94,783.05,0.271,1
2026-01-05 07:21:42.825278,-21.4786534576634,-48.555884682396645,23.75,45.22,1019.83,22.24,0.17,906.91,0.466,0
2026-01-05 08:21:42.825278,-18.1443465478949,-45.90657246386501,31.96,43.92,1015.69,7.82,10.26,605.4,0.676,1
2026-01-05 09:21:42.825278,-25.567700606856896,-55.537005268185034,26.32,43.09,1011.83,3.93,23.03,638.72,0.598,1
2026-01-05 10:21:42.825278,2.3150107354877463,-46.379383108164205,33.54,38.99,1022.43,0.96,0.97,436.46,0.668,1
2026-01-05 11:21:42.825278,-12.159587364913712,-52.498322927364,31.72,50.63,1002.89,8.49,11.29,504.85,0.565,1
2026-01-05 12:21:42.825278,-29.368984686438072,-57.44169551164842,32.11,57.17,1026.0,11.31,3.59,745.58,0.438,1
2026-01-05 13:21:42.825278,-12.070880264330881,-47.81562980196888,30.88,70.62,1013.79,15.61,6.22,806.73,0.74,0
2026-01-05 14:21:42.825278,-25.238031794892496,-39.09802748011798,25.15,43.48,1003.76,5.29,5.37,406.9,0.588,0
2026-01-05 15:21:42.825278,-28.0425777455121,-56.44546559031621,27.78,62.94,1005.73,1.01,14.48,1200.0,0.822,0
2026-01-05 16:21:42.825278,-10.344192230073201,-55.72965734234473,24.35,39.71,995.92,2.23,28.08,727.8,0.414,1
2026-01-05 17:21:42.825278,-25.25306843974403,-56.35928383236441,33.81,79.88,1028.49,27.48,22.18,496.57,0.645,1
2026-01-05 18:21:42.825278,-21.479508413210624,-38.94515672817214,23.37,92.19,1014.73,1.71,23.63,764.47,0.386,1
2026-01-05 19:21:42.825278,-15.920885521076029,-58.719392589892166,20.68,38.72,1011.88,9.22,3.46,770.76,0.671,1
2026-01-05 20:21:42.825278,-24.63054911638192,-50.83622031551934,21.84,52.53,1019.73,3.8,3.65,817.08,0.604,0
2026-01-05 21:21:42.825278,-25.75198264079831,-35.351645784377055,23.06,49.63,1027.9,15.55,19.38,421.05,0.592,1
2026-01-05 22:21:42.825278,-16.74538255465942,-38.92137837425636,36.11,85.85,1031.96,25.46,7.47,704.94,0.639,1
2026-01-05 23:21:42.825278,-4.796103326976901,-57.846605711274094,24.99,34.19,1010.28,7.41,0.15,847.38,0.112,1
2026-01-06 00:21:42.825278,-8.314609251051962,-43.412741371782246,25.24,70.87,1012.04,71.74,0.82,871.4,0.747,1
2026-01-06 01:21:42.825278,-17.749759603438743,-36.79068620048021,19.6,61.66,1003.26,16.09,8.46,516.84,0.283,0
2026-01-06 02:21:42.825278,-0.47118146172578435,-55.126430775746,29.44,85.06,1021.48,4.19,6.73,824.52,0.511,0
2026-01-06 03:21:42.825278,3.830676957816088,-48.69462249745705,34.36,53.63,999.64,54.55,3.08,531.98,0.503,1
2026-01-06 04:21:42.825278,-4.640473179441361,-52.21219252465035,26.23,89.06,1030.34,8.67,4.68,635.41,0.256,0
2026-01-06 05:21:42.825278,-11.59186980844892,-39.78001388747123,19.76,67.79,985.35,20.0,2.51,701.62,0.521,0
2026-01-06 06:21:42.825278,-4.676289933411898,-45.57033309441728,26.67,61.39,1014.31,14.2,3.56,1080.58,0.527,0
2026-01-06 07:21:42.825278,-13.666089545919753,-58.682255253664025,31.4,74.23,1040.0,5.01,10.92,573.72,0.459,1
2026-01-06 08:21:42.825278,-13.875074002810358,-52.843003447201475,32.4,34.52,1024.58,9.73,0.61,737.8,0.87,1
2026-01-06 09:21:42.825278,-29.74247596311049,-47.04485669543698,32.4,61.53,1005.86,45.64,27.64,271.15,0.958,1
2026-01-06 10:21:42.825278,3.0755982986972867,-43.159754200082624,27.65,45.3,1009.77,10.94,6.98,362.11,0.344,0
2026-01-06 11:21:42.825278,-12.369819789351531,-39.24492789135595,25.36,35.28,1027.05,49.35,19.46,781.58,0.658,1
2026-01-06 12:21:42.825278,3.875259808297436,-37.75409014779223,32.29,100.0,1038.22,14.67,10.86,526.39,0.65,1
2026-01-06 13:21:42.825278,-26.915021481322277,-49.65836191041983,17.85,76.56,1024.85,84.09,2.6,276.59,0.546,1
2026-01-06 14:21:42.825278,-14.578891007928885,-38.576246753265295,32.37,67.02,1016.1,1.11,17.56,601.16,0.307,1
2026-01-06 15:21:42.825278,-12.076899815546764,-36.482745306919206,21.27,57.23,1006.91,34.95,4.03,589.66,0.282,0
2026-01-06 16:21:42.825278,-16.505662447791572,-37.114594963332415,28.19,92.15,1011.75,1.08,2.43,702.05,0.314,0
2026-01-06 17:21:42.825278,3.164779421341507,-40.82877755455567,26.68,72.19,993.34,23.01,22.68,657.43,0.757,1
2026-01-06 18:21:42.825278,-2.887158307244384,-45.94638115431037,22.04,62.72,1013.01,5.64,0.17,457.53,0.741,0
2026-01-06 19:21:42.825278,3.9085141702231567,-47.89467151630896,41.95,61.69,1003.44,33.11,46.08,322.26,0.409,1
2026-01-06 20:21:42.825278,1.7328653933199618,-55.21894677309697,19.65,94.08,1010.62,5.55,9.27,587.73,0.397,0
2026-01-06 21:21:42.825278,2.691154689572379,-40.841217986065246,28.41,80.58,1018.02,18.77,27.78,722.04,0.59,1
2026-01-06 22:21:42.825278,-11.90038377962767,-57.073389675453434,21.56,61.62,1006.23,17.54,0.08,1107.09,0.542,0
2026-01-06 23:21:42.825278,3.26762465561972,-50.40977399112104,19.57,93.47,1004.93,16.66,2.84,401.49,0.463,0
2026-01-07 00:21:42.825278,3.8107510695572984,-56.734140461066005,26.45,58.61,1020.27,4.04,0.67,526.95,0.495,0
2026-01-07 01:21:42.825278,-27.03318459507834,-39.80935326092562,27.91,62.99,1013.17,34.7,9.2,720.67,0.641,0
2026-01-07 02:21:42.825278,-12.203233764219089,-54.177454033762956,30.88,74.58,1003.69,28.31,1.66,531.37,0.757,0
2026-01-07 03:21:42.825278,-10.588282807609925,-37.459219262840996,25.56,57.51,1009.46,19.92,17.53,1059.65,0.38,1
2026-01-07 04:21:42.825278,-23.40250515215536,-39.87582915295786,22.78,59.78,1013.65,2.81,4.67,1175.27,0.605,0
2026-01-07 05:21:42.825278,-9.502098259992028,-59.78761053481976,15.55,75.89,1023.68,8.21,0.44,512.1,0.324,0
2026-01-07 06:21:42.825278,-23.566548868136476,-45.57659691637901,25.51,40.1,1018.6,8.79,4.36,974.26,0.525,0
2026-01-07 07:21:42.825278,-27.252154604123653,-37.96854830592471,28.09,64.37,1006.64,45.47,2.53,837.28,0.159,1
2026-01-07 08:21:42.825278,0.859813937350463,-36.4523603184895,25.79,64.28,1000.98,11.45,0.4,961.61,0.661,0
2026-01-07 09:21:42.825278,-14.111440843324909,-52.45844395922128,24.45,80.59,1007.96,24.88,2.54,590.46,0.448,0
2026-01-07 10:21:42.825278,2.226475786915678,-45.46027905375612,42.29,76.54,1025.92,13.34,0.99,558.93,0.571,1
2026-01-07 11:21:42.825278,2.7799576324793733,-52.29119695809503,21.53,67.21,1018.05,5.13,0.3,702.37,0.449,0
2026-01-07 12:21:42.825278,-23.011559168577364,-50.718226987365156,38.71,60.27,1009.3,11.95,6.23,482.82,0.464,1
2026-01-07 13:21:42.825278,-1.7258991860682187,-42.678039307583695,30.5,96.15,1018.07,9.56,1.19,705.41,0.964,0
2026-01-07 14:21:42.825278,-7.621881981002858,-51.55003047428775,29.08,76.76,1010.78,25.42,12.64,498.36,0.744,0
2026-01-07 15:21:42.825278,-20.631604698199585,-49.735032569043334,27.92,76.39,1017.09,1.67,16.02,476.16,0.442,1
2026-01-07 16:21:42.825278,-21.62205572802838,-49.550787299652825,23.09,37.32,1007.05,15.29,4.67,517.03,0.801,1
2026-01-07 17:21:42.825278,1.2728489987661256,-41.08026942744007,23.33,83.82,1002.18,2.97,1.12,846.58,0.44,0
2026-01-07 18:21:42.825278,-21.377811346519437,-58.41866477753301,19.98,74.48,1027.49,19.18,2.12,1115.82,0.468,0
2026-01-07 19:21:42.825278,-5.70539211083171,-59.59688384069463,32.7,30.59,996.85,14.11,0.6,534.61,0.682,1
2026-01-07 20:21:42.825278,-6.303676479129642,-39.91969691889767,37.71,68.32,997.4,29.79,2.79,895.41,0.865,1
2026-01-07 21:21:42.825278,-16.736543156562234,-52.43080980956437,30.74,86.45,1009.97,47.85,6.3,775.34,0.606,1
2026-01-07 22:21:42.825278,-26.550860200547017,-54.198035553345875,33.15,71.07,1008.91,1.68,4.61,844.78,0.398,1
2026-01-07 23:21:42.825278,-2.9706355106872984,-58.111822849352826,22.13,54.55,1026.8,16.32,0.75,531.8,0.498,0
2026-01-08 00:21:42.825278,3.6540303008388335,-39.81845876684374,18.94,55.59,1009.68,3.16,6.63,747.25,0.767,0
2026-01-08 01:21:42.825278,-13.301156380712584,-35.13589358288688,29.26,49.64,1014.61,88.89,4.19,735.61,0.201,1
2026-01-08 02:21:42.825278,-19.34923428626975,-57.83856232199619,29.54,83.87,1002.74,3.23,2.69,560.37,0.481,0
2026-01-08 03:21:42.825278,-26.050580941909047,-38.249376861995856,32.62,38.92,1017.13,10.11,2.71,590.69,0.885,1
2026-01-08 04:21:42.825278,4.624798078723472,-58.63137544351012,26.35,15.98,988.01,23.52,16.62,656.13,0.584,1
2026-01-08 05:21:42.825278,-1.093912075061489,-52.4124022713012,34.97,27.36,1001.14,11.34,2.69,641.67,0.573,1
2026-01-08 06:21:42.825278,-26.568441166117104,-46.829570848739664,26.86,30.05,1028.36,24.21,4.45,595.35,0.302,1
2026-01-08 07:21:42.825278,-2.9101719447096848,-58.69818984446826,21.25,38.08,1011.19,4.84,21.57,727.69,0.698,1
2026-01-08 08:21:42.825278,-13.122116938193571,-46.991909345215355,31.65,48.86,1004.96,20.29,4.15,538.44,0.718,1
2026-01-08 09:21:42.825278,1.6439781167826801,-56.08676966460647,28.14,87.02,993.85,3.13,27.54,410.47,0.114,1
2026-01-08 10:21:42.825278,-9.034613452525136,-58.206616406314375,28.62,62.99,995.07,43.26,8.04,794.57,0.171,1
2026-01-08 11:21:42.825278,-16.250632323150917,-55.50871955111646,29.87,70.69,1013.09,12.59,0.69,374.32,0.78,0
2026-01-08 12:21:42.825278,-0.04261836430457677,-49.133046292088245,24.84,49.53,1002.83,26.24,1.84,807.71,0.474,0
2026-01-08 13:21:42.825278,3.011854739270774,-36.706714381154384,16.14,48.59,997.85,2.91,5.71,816.68,0.532,0
2026-01-08 14:21:42.825278,2.550188222687538,-50.410815224817696,33.78,59.6,1002.75,4.7,1.78,330.69,0.571,1
2026-01-08 15:21:42.825278,-20.8121398330892,-58.69132053921717,25.93,73.76,1004.64,34.33,5.28,711.53,0.538,0
2026-01-08 16:21:42.825278,-22.980236914417553,-54.61601792863479,22.9,49.18,1021.07,17.2,4.25,610.06,0.614,0
2026-01-08 17:21:42.825278,-8.45565818823873,-59.011062335934675,19.56,94.09,998.7,21.56,8.13,536.84,0.494,0
2026-01-08 18:21:42.825278,-15.051064375323307,-56.78113906579861,27.78,73.19,1025.08,12.4,2.97,515.34,0.609,0
2026-01-08 19:21:42.825278,-6.444714179896305,-58.825889439808314,29.5,90.31,1016.58,2.64,2.08,619.43,0.877,0
2026-01-08 20:21:42.825278,-14.36297444061376,-59.82258668762782,25.11,81.98,1035.52,21.83,24.98,731.11,0.073,1
2026-01-08 21:21:42.825278,3.3796269272097774,-43.94724412436197,32.47,45.77,1007.39,33.28,3.6,581.82,0.967,1
2026-01-08 22:21:42.825278,-23.037457707173658,-44.95783478448837,27.23,46.97,985.67,24.86,14.08,937.9,0.583,0
2026-01-08 23:21:42.825278,2.718771415533041,-39.12608062369708,19.71,50.33,1022.1,10.1,5.09,609.12,0.522,0
2026-01-09 00:21:42.825278,2.4977713180322496,-45.5065721265057,31.83,65.18,1026.35,0.71,1.65,376.59,0.651,1
2026-01-09 01:21:42.825278,-17.727505798999857,-50.57973430564469,31.76,45.08,1004.06,5.19,13.12,495.86,0.428,1
2026-01-09 02:21:42.825278,-12.350778872243897,-38.3588740906817,26.92,57.8,1027.5,14.4,13.58,515.15,0.518,0
2026-01-09 03:21:42.825278,-28.597581977810666,-35.391950529648966,43.01,38.89,1007.76,19.78,2.68,954.05,0.884,1
2026-01-09 04:21:42.825278,-14.399456268399579,-39.097034611373935,25.81,26.58,1036.43,27.58,4.02,734.42,0.355,1
2026-01-09 05:21:42.825278,2.6426835189867504,-50.42352983947491,30.44,58.73,994.59,37.9,5.99,644.74,0.705,1
2026-01-09 06:21:42.825278,-12.834281614241753,-57.006330287486705,24.25,74.94,1012.38,20.35,12.06,774.21,0.605,0
2026-01-09 07:21:42.825278,-28.79957345438409,-47.560847915281855,22.01,53.12,1007.51,8.18,4.53,529.73,0.589,0
2026-01-09 08:21:42.825278,-12.370788356689438,-55.43437174367247,39.4,80.46,1031.72,7.36,11.59,720.4,0.421,1
2026-01-09 09:21:42.825278,-7.316425545862501,-59.5410404000194,11.57,83.72,1030.48,6.68,0.72,514.3,0.627,0
2026-01-09 10:21:42.825278,-17.514689074188276,-45.18792515246009,30.46,54.47,1013.36,5.46,0.55,732.62,0.507,0
2026-01-09 11:21:42.825278,-4.788332079190244,-37.04287411550106,33.82,34.58,1007.46,13.1,19.1,768.72,0.903,1
2026-01-09 12:21:42.825278,1.7612111721248915,-56.937964578742566,34.23,61.86,1005.87,1.32,2.61,190.36,0.628,1
2026-01-09 13:21:42.825278,-20.106642381059434,-48.4782816182587,27.08,41.2,1017.72,12.0,10.73,709.01,0.74,0
2026-01-09 14:21:42.825278,-6.583126963906825,-56.842913185385775,23.56,77.3,1013.82,25.23,1.98,703.72,0.967,0
2026-01-09 15:21:42.825278,-3.050923362768966,-57.40101560219026,21.95,75.73,1005.29,13.15,4.96,786.89,0.201,0
2026-01-09 16:21:42.825278,-4.453880880374079,-49.72667737593105,36.69,78.77,1009.89,35.36,4.9,664.94,0.375,1
2026-01-09 17:21:42.825278,-13.094506050461735,-37.82921151327602,23.17,87.57,1003.94,1.83,5.17,651.33,0.254,0
2026-01-09 18:21:42.825278,-21.82313327230017,-49.76097681843727,32.16,74.33,991.24,12.55,7.43,890.1,0.422,1
2026-01-09 19:21:42.825278,-12.327351856870997,-55.589702239302845,44.95,63.59,1028.14,2.53,11.62,478.79,0.482,1
2026-01-09 20:21:42.825278,-11.85601306784272,-57.184769266269484,24.61,30.12,1027.06,10.97,1.5,560.42,0.564,1
2026-01-09 21:21:42.825278,-24.83911289008528,-44.708608108849646,17.52,94.22,1018.29,49.97,19.47,578.02,0.401,1
2026-01-09 22:21:42.825278,1.3279810468210123,-35.6986631344128,27.37,72.26,1011.69,0.85,6.28,610.91,0.481,0
2026-01-09 23:21:42.825278,-8.539037373990904,-38.279972604554494,15.49,44.53,1034.78,30.81,18.88,665.66,0.343,1
2026-01-10 00:21:42.825278,-20.042081409014457,-58.82347005307631,33.14,67.96,1016.73,34.56,19.66,573.36,0.64,1
2026-01-10 01:21:42.825278,-18.776803584224872,-46.19154966361243,26.43,51.32,1032.67,5.33,1.69,569.37,0.307,0
2026-01-10 02:21:42.825278,-13.029944109936373,-51.12512210465145,28.82,58.95,1010.26,10.12,16.64,657.75,0.435,1
2026-01-10 03:21:42.825278,-3.4565329943528766,-44.84965420159797,26.31,47.44,1013.19,2.73,7.79,653.68,0.257,0
2026-01-10 04:21:42.825278,-10.929140988971227,-52.91232024322652,25.7,64.05,1011.79,3.15,30.63,474.25,0.541,1
2026-01-10 05:21:42.825278,-17.255763010547312,-44.01533946364755,20.6,56.08,999.49,5.78,17.5,556.64,0.721,1
2026-01-10 06:21:42.825278,-2.3748270863013374,-59.21966099153131,28.18,70.33,1000.22,1.24,36.34,397.13,0.571,1
2026-01-10 07:21:42.825278,-14.50424253027396,-36.277094545282125,26.09,64.1,992.52,11.85,9.71,775.57,0.383,0
2026-01-10 08:21:42.825278,-23.380145628564097,-45.662705902725584,30.71,52.88,1012.35,7.82,2.13,775.64,0.641,0
2026-01-10 09:21:42.825278,3.041444739832457,-50.09306843770749,40.59,57.86,1035.31,12.94,2.49,357.4,0.049,1
2026-01-10 10:21:42.825278,-5.267511738787313,-36.48400002034715,26.29,57.88,1040.0,3.32,11.43,603.53,0.609,0
2026-01-10 11:21:42.825278,-5.342722725591035,-48.65383590482721,26.57,83.54,1013.64,11.78,3.74,1136.54,0.504,0
2026-01-10 12:21:42.825278,-23.38228211775779,-37.47730674332523,34.62,88.84,1014.63,2.32,0.66,498.47,0.063,1
2026-01-10 13:21:42.825278,-9.391640544532187,-57.76944579856904,32.1,35.0,1008.82,78.31,6.59,449.33,0.789,1
2026-01-10 14:21:42.825278,-26.684137982722955,-35.60322843041158,24.42,26.51,1010.69,29.92,6.15,656.19,0.503,1
2026-01-10 15:21:42.825278,-24.31255545839455,-37.62415352866408,27.28,37.94,1021.85,1.22,9.39,307.16,0.839,1
2026-01-10 16:21:42.825278,-17.273599278347767,-54.57964310177229,30.15,36.07,994.08,5.28,13.95,267.69,1.0,1
2026-01-10 17:21:42.825278,-19.333368052093597,-55.454788358326255,22.03,64.86,1006.36,3.93,9.37,401.31,0.19,0
2026-01-10 18:21:42.825278,-13.578787636752992,-50.807287296811424,26.19,47.37,1026.92,6.07,4.93,871.05,0.437,0
2026-01-10 19:21:42.825278,-29.19335190576874,-37.581336252306386,24.4,46.86,1003.63,5.9,1.09,535.6,0.592,0
2026-01-10 20:21:42.825278,-25.30291507857774,-43.88108183524768,35.63,40.4,992.59,18.94,0.99,718.54,0.069,1
2026-01-10 21:21:42.825278,-20.62442460138957,-44.8998750565125,36.35,30.42,1032.07,4.59,2.38,242.11,0.48,1
2026-01-10 22:21:42.825278,1.9835082918730471,-50.79261330860726,19.61,29.59,1017.41,17.14,3.25,831.21,0.558,1
2026-01-10 23:21:42.825278,-16.061241779780552,-47.57081798205786,34.55,56.96,1024.72,7.56,1.19,618.3,0.0,1
2026-01-11 00:21:42.825278,-15.872365692728277,-43.033497654327576,31.03,58.27,1027.09,2.08,4.05,723.09,0.71,1
2026-01-11 01:21:42.825278,0.13897320214989506,-58.041544555949834,16.76,72.92,998.81,14.09,14.31,765.94,0.566,0
2026-01-11 02:21:42.825278,-15.475078457023601,-51.82644749363263,32.03,63.33,1026.17,6.04,2.19,722.59,0.571,1
2026-01-11 03:21:42.825278,-10.38779639773868,-41.78462108018058,14.12,84.54,993.03,15.85,6.35,412.24,0.704,0
2026-01-11 04:21:42.825278,-27.037293624537988,-57.018208199006416,28.01,29.11,1017.91,28.01,3.46,800.05,0.217,1
2026-01-11 05:21:42.825278,-23.28443854584245,-58.469583546410696,19.03,62.73,1012.3,3.29,0.38,521.02,0.712,0
2026-01-11 06:21:42.825278,-0.9624668126475058,-42.401583324137114,27.26,72.05,1006.65,17.93,4.78,1019.69,0.557,0
2026-01-11 07:21:42.825278,-11.49955294968952,-39.734903793495974,19.75,77.02,1026.69,2.17,10.2,825.63,0.55,0
2026-01-11 08:21:42.825278,2.1954826945689945,-58.621085234955366,32.12,16.93,1017.36,0.15,1.48,535.05,0.881,1
2026-01-11 09:21:42.825278,2.082508594287063,-42.36258370163441,31.74,40.03,1031.48,0.02,1.02,1008.45,0.629,1
2026-01-11 10:21:42.825278,-15.389310063623812,-41.73302471179024,23.22,60.82,1017.22,23.23,18.01,579.08,0.35,1
2026-01-11 11:21:42.825278,-9.692001373030038,-37.39912533863602,31.11,83.05,997.39,3.75,7.84,449.47,0.424,1
2026-01-11 12:21:42.825278,-19.03862822537277,-55.528973287305014,26.72,76.74,1008.15,6.96,10.91,364.59,0.538,0
2026-01-11 13:21:42.825278,0.1361689990284134,-45.853423161009516,30.68,69.58,1001.66,12.97,8.41,623.48,0.743,0
2026-01-11 14:21:42.825278,1.5412168126074448,-41.23327464295863,42.95,54.5,1008.19,7.12,7.81,670.98,0.157,1
2026-01-11 15:21:42.825278,-14.659548718839194,-53.43266725299987,24.48,70.05,1001.31,13.01,1.79,805.26,0.211,0
2026-01-11 16:21:42.825278,-27.471972810463274,-56.313674768345514,32.92,76.35,1023.45,11.67,8.22,869.33,0.572,1
2026-01-11 17:21:42.825278,-2.774280306209299,-47.491040990390246,25.5,33.1,1001.67,18.53,9.44,584.64,0.721,1
2026-01-11 18:21:42.825278,-3.057969241504505,-45.966104395266555,28.45,80.51,1040.0,24.9,26.75,757.66,0.56,1
2026-01-11 19:21:42.825278,-8.478394490157235,-47.939409960131776,32.33,63.6,1008.72,24.75,2.99,806.09,0.451,1
2026-01-11 20:21:42.825278,-27.467495979053567,-37.97237129108585,31.46,29.83,1014.22,9.63,9.36,731.5,0.294,1
2026-01-11 21:21:42.825278,4.883914727713787,-41.230244220505305,22.63,33.27,1028.04,0.91,0.25,928.76,0.614,1
2026-01-11 22:21:42.825278,-11.191728334465072,-38.980373201522134,27.43,53.34,1008.28,1.35,24.66,371.4,0.603,1
2026-01-11 23:21:42.825278,-10.607956578892622,-36.72917839560481,27.76,56.75,1001.55,48.84,6.25,444.2,0.567,1
2026-01-12 00:21:42.825278,-29.97236711173734,-39.74649773136347,29.4,45.64,1004.95,16.66,1.43,691.51,0.371,0
2026-01-12 01:21:42.825278,-13.78131469183738,-45.01423644930946,34.38,70.68,1003.28,6.49,8.69,736.51,0.375,1
2026-01-12 02:21:42.825278,-25.51341745163384,-49.36608759325041,32.93,43.26,1018.62,40.03,1.75,588.06,0.398,1
2026-01-12 03:21:42.825278,-16.29620151394298,-42.16695676246819,29.26,83.44,1029.98,5.98,3.8,704.35,0.441,0
2026-01-12 04:21:42.825278,-12.363892112305425,-42.28085919135864,23.19,37.06,1025.08,40.97,5.84,547.19,0.453,1
2026-01-12 05:21:42.825278,0.7721518154883924,-59.674744664353184,27.72,59.67,1020.2,7.53,20.64,661.46,0.476,1
2026-01-12 06:21:42.825278,-10.787361642523184,-54.516989969715446,39.35,42.33,1002.72,0.69,1.05,493.27,0.695,1
2026-01-12 07:21:42.825278,-21.006669517203555,-59.477262191619126,30.69,56.83,1000.98,4.7,5.8,675.82,0.724,0
2026-01-12 08:21:42.825278,-17.595160280441483,-50.47132794913161,37.48,47.76,1025.63,51.91,3.28,622.28,0.373,1
2026-01-12 09:21:42.825278,-22.983583328177435,-49.663355832246,28.79,66.75,1008.84,3.1,4.87,936.45,0.725,0
2026-01-12 10:21:42.825278,-16.592572059572262,-38.27252328188179,17.62,99.06,1011.27,30.94,7.63,515.22,0.545,0
2026-01-12 11:21:42.825278,-25.853840321693134,-59.65900385410297,35.67,81.66,999.08,28.11,2.81,161.73,0.52,1
2026-01-12 12:21:42.825278,-15.631702547700025,-54.21628216999624,26.21,52.84,1005.37,7.97,0.07,452.51,1.0,0
2026-01-12 13:21:42.825278,-7.11777269653453,-50.323749701627825,39.2,52.01,1013.55,1.0,4.89,827.09,0.575,1
2026-01-12 14:21:42.825278,-26.33687781322363,-39.433801820152766,25.14,33.91,1001.28,2.94,5.6,354.55,0.497,1
2026-01-12 15:21:42.825278,-12.82852484356303,-38.78081036796715,36.22,58.26,1034.56,5.36,17.3,393.32,0.629,1
2026-01-12 16:21:42.825278,-20.580808657669635,-39.92167277659385,29.75,52.73,1009.79,38.26,4.26,202.19,0.424,1
2026-01-12 17:21:42.825278,-29.91783841463914,-53.880003174956855,28.32,44.88,1016.33,2.17,4.23,889.86,0.736,0
2026-01-12 18:21:42.825278,-23.75422640655688,-58.01029631569894,24.37,69.96,1018.45,16.35,3.29,765.61,0.436,0
2026-01-12 19:21:42.825278,-12.158502658469502,-45.36847811225384,25.85,52.27,985.54,8.13,8.2,469.38,0.484,0
2026-01-12 20:21:42.825278,-8.12696803572588,-41.778237262785105,27.05,66.17,1004.8,40.36,6.04,675.14,0.743,1
2026-01-12 21:21:42.825278,-24.739128213061093,-59.03521095154665,30.96,52.75,1020.9,2.49,5.06,577.41,0.567,0
2026-01-12 22:21:42.825278,-20.37865196100193,-59.1800031430776,33.46,56.33,997.49,45.86,11.33,660.21,0.734,1
2026-01-12 23:21:42.825278,-22.98810626162452,-54.72483270731185,34.11,39.2,1020.39,10.39,12.19,606.54,0.843,1
2026-01-13 00:21:42.825278,-2.2733521603664215,-39.034455095048585,20.85,73.57,1000.85,2.24,2.55,445.88,0.506,0
2026-01-13 01:21:42.825278,1.795314175529274,-57.38799208115105,19.35,79.18,1025.53,1.81,20.47,299.48,0.746,1
2026-01-13 02:21:42.825278,-3.521149577664268,-53.565863539959146,27.59,60.58,1009.78,18.23,2.0,868.18,0.77,0
2026-01-13 03:21:42.825278,-13.437538459046046,-44.55682689845514,32.3,79.15,1010.73,12.4,14.75,580.18,0.811,1
2026-01-13 04:21:42.825278,-21.947042784988376,-49.84794668600573,24.9,72.38,1028.7,7.85,8.22,670.0,0.461,0
2026-01-13 05:21:42.825278,-2.1965521217500275,-57.52578441478233,26.27,73.82,1006.66,7.66,28.91,483.34,0.527,1
2026-01-13 06:21:42.825278,-5.236701335768501,-59.220627272201966,27.14,56.7,1012.38,29.09,4.06,663.62,0.316,0
2026-01-13 07:21:42.825278,-13.177319009065688,-46.20428166164579,23.67,32.92,1020.81,53.45,1.49,276.12,0.503,1
2026-01-13 08:21:42.825278,-14.280680512441222,-45.73338552548027,16.11,30.02,1022.78,32.24,2.3,852.46,0.828,1
2026-01-13 09:21:42.825278,-17.059176619455894,-47.848561452432975,38.72,43.58,1006.88,4.33,0.89,851.4,0.805,1
2026-01-13 10:21:42.825278,3.271223005295546,-41.75803965881897,26.97,81.97,1016.29,13.68,18.86,661.61,0.962,1
2026-01-13 11:21:42.825278,-1.4320251848019936,-35.29344712142033,19.37,49.7,1010.48,29.08,7.42,645.61,0.266,0
2026-01-13 12:21:42.825278,-4.019141406319648,-40.73970532328391,16.35,59.92,992.92,23.64,2.22,530.36,0.573,0
2026-01-13 13:21:42.825278,-19.850441257455035,-44.27737137690963,20.29,66.6,1002.23,6.0,0.0,584.18,0.651,0
2026-01-13 14:21:42.825278,-2.7569833409078086,-44.785710170650646,27.51,66.13,1006.75,9.08,26.55,682.76,0.189,1
2026-01-13 15:21:42.825278,-25.79051629049876,-42.41179149546174,29.99,34.31,1029.71,54.27,0.18,738.46,0.504,1
2026-01-13 16:21:42.825278,-18.767259658819587,-53.69367915362074,35.82,62.75,1005.39,22.41,3.89,741.74,0.821,1
2026-01-13 17:21:42.825278,3.6974682793256264,-56.833603178820155,25.2,47.43,980.58,8.5,3.61,674.33,0.485,0
2026-01-13 18:21:42.825278,-14.732495400798411,-55.13015493390183,31.03,70.56,989.2,18.29,2.72,626.91,0.707,1
2026-01-13 19:21:42.825278,-28.588616609766724,-57.63078822413515,22.61,44.68,1006.46,4.96,22.01,244.5,0.617,1
2026-01-13 20:21:42.825278,0.5687010268226764,-50.12524323627419,21.41,47.62,993.92,20.36,2.74,469.23,0.41,0
2026-01-13 21:21:42.825278,-23.304879515621998,-49.81486820971628,28.75,56.63,1019.19,19.64,2.36,497.05,0.453,0
2026-01-13 22:21:42.825278,-23.909634319435654,-40.98101729032625,28.23,53.71,1013.55,14.89,3.01,221.47,0.757,0
2026-01-13 23:21:42.825278,0.49469458424050217,-55.185459188536804,22.54,73.86,987.67,8.02,1.08,776.57,1.0,0
2026-01-14 00:21:42.825278,-22.8952254283081,-48.70327388369306,30.41,86.42,1013.3,21.84,12.59,486.8,0.345,0
2026-01-14 01:21:42.825278,-5.143935669344376,-43.066453847962094,30.29,58.67,1007.7,7.29,8.86,728.94,0.276,0
2026-01-14 02:21:42.825278,1.9622086634960318,-40.054940694784804,34.39,54.84,1027.22,1.61,1.62,738.45,0.305,1
2026-01-14 03:21:42.825278,-8.59768015482803,-42.599214825272156,36.55,44.77,1008.33,1.3,7.11,954.62,0.579,1
2026-01-14 04:21:42.825278,-12.1592571498622,-49.43885524922802,25.91,58.5,1007.58,15.95,15.03,795.27,0.482,1
2026-01-14 05:21:42.825278,-27.392133836347597,-47.240181966282336,27.75,71.58,1017.52,17.31,8.27,526.58,0.714,0
2026-01-14 06:21:42.825278,-5.196314801207258,-54.628634839375046,24.9,39.53,1015.36,11.66,2.53,168.58,0.566,1
2026-01-14 07:21:42.825278,-16.148930955342596,-52.53319606531126,25.78,67.82,1018.98,35.11,5.47,721.53,0.401,1
2026-01-14 08:21:42.825278,-22.787417702198866,-48.96925827270708,27.35,82.24,1020.22,29.25,4.52,902.36,0.511,0
2026-01-14 09:21:42.825278,2.9338025744977827,-47.840697479371315,36.83,89.5,1009.68,31.02,6.47,626.06,0.286,1
2026-01-14 10:21:42.825278,3.8825376018387416,-41.17534517402037,40.86,50.6,1013.91,3.96,3.05,858.08,0.601,1
2026-01-14 11:21:42.825278,-28.191001203110385,-56.03659603750191,17.24,54.24,1014.94,4.78,4.83,936.95,0.571,0
2026-01-14 12:21:42.825278,-14.343365066683427,-40.25338447411153,22.72,65.38,1009.41,9.1,10.89,438.0,0.182,0
2026-01-14 13:21:42.825278,-24.023390079236503,-54.32907244186262,35.97,24.69,1032.89,13.02,1.5,814.27,0.634,1
2026-01-14 14:21:42.825278,-20.97211726245848,-47.712144354204334,23.14,63.76,1002.55,57.6,10.06,686.6,0.686,1
2026-01-14 15:21:42.825278,-9.3594837373237,-48.752180472862364,33.78,75.35,1011.98,15.76,6.18,391.03,0.505,1
2026-01-14 16:21:42.825278,-29.86981187136793,-53.96234432859847,13.73,63.85,1016.38,7.76,4.81,642.95,0.625,0
2026-01-14 17:21:42.825278,-3.3753317884636758,-56.25343002783621,36.73,28.64,1017.49,4.66,0.09,579.19,0.398,1
2026-01-14 18:21:42.825278,-25.909243379317132,-35.35353898972656,23.44,52.13,1016.59,1.19,15.87,413.81,0.471,1
2026-01-14 19:21:42.825278,-7.575142134547246,-49.65184854868528,27.75,42.93,1003.97,19.1,4.31,749.52,0.363,0
2026-01-14 20:21:42.825278,-10.222470093715721,-38.5331986267626,29.54,53.11,1003.01,21.36,4.66,710.8,0.296,0
2026-01-14 21:21:42.825278,3.488513470680722,-51.75062761774309,37.22,76.66,1004.44,97.69,2.33,805.56,0.008,1
2026-01-14 22:21:42.825278,-19.67741024686475,-59.61837900884925,23.68,41.52,996.96,37.18,9.76,611.31,0.598,1
2026-01-14 23:21:42.825278,-7.122023325803287,-36.09447065890931,24.01,78.72,1021.32,1.73,5.77,532.47,0.44,0
2026-01-15 00:21:42.825278,-1.6393845306833619,-56.62404658298632,32.29,58.98,1012.19,3.36,3.04,675.8,0.199,1
2026-01-15 01:21:42.825278,-20.17775470432195,-35.69425726959106,23.83,69.46,1003.57,0.01,7.25,607.19,0.643,0
2026-01-15 02:21:42.825278,-23.506590865979827,-43.708005128039325,33.98,82.55,998.44,56.19,20.54,501.71,0.788,2
2026-01-15 03:21:42.825278,-14.16867828279964,-49.390274548187236,27.12,55.01,998.04,13.88,0.18,913.21,0.492,0
2026-01-15 04:21:42.825278,-6.198388026900556,-44.12107527840163,36.61,65.7,988.44,2.64,17.48,732.95,0.76,1
2026-01-15 05:21:42.825278,-9.49517571483911,-43.14519708462498,27.51,71.37,1025.04,9.14,5.77,560.15,0.789,0
2026-01-15 06:21:42.825278,-16.4157490131026,-57.60774709854997,21.73,95.68,1032.18,1.25,7.21,490.9,0.673,0
2026-01-15 07:21:42.825278,-24.031436371217865,-37.56452374804566,31.06,76.23,1015.98,11.95,6.25,342.09,0.471,1
2026-01-15 08:21:42.825278,-16.239034790250756,-50.305891786756256,21.99,41.56,1000.54,7.6,0.51,743.28,0.729,0
2026-01-15 09:21:42.825278,0.9755363591540522,-54.461821202440824,23.4,21.17,983.38,37.23,11.51,1021.56,0.582,1
2026-01-15 10:21:42.825278,-0.3425731131721612,-59.76152614936137,32.92,56.09,1015.57,13.58,3.42,950.11,0.977,1
2026-01-15 11:21:42.825278,-15.357293654992242,-42.14617134019565,29.69,59.36,1012.4,10.81,4.19,452.56,0.714,0
2026-01-15 12:21:42.825278,-7.5912179766703325,-38.0627689567128,32.94,56.72,1026.42,0.37,7.42,651.58,0.687,1
2026-01-15 13:21:42.825278,-20.07885977575723,-42.83110699295228,25.47,38.02,1020.25,0.64,4.21,810.21,0.429,1
2026-01-15 14:21:42.825278,-1.9872534040629155,-48.574401195184365,37.23,91.45,1008.61,5.8,2.46,871.53,0.08,1
2026-01-15 15:21:42.825278,-14.595773015527234,-57.72156652275732,38.04,41.79,1020.34,3.95,4.26,729.5,0.263,1
2026-01-15 16:21:42.825278,-16.9987831232935,-48.777206935180246,19.46,63.57,988.43,0.65,5.51,383.39,0.948,0
2026-01-15 17:21:42.825278,-5.253909073699049,-55.56295412522471,39.0,74.99,1004.83,52.93,1.17,380.8,0.548,1
2026-01-15 18:21:42.825278,-27.897439107575615,-51.86241654684662,30.65,44.99,998.18,0.17,13.21,669.63,0.627,0
2026-01-15 19:21:42.825278,-18.207733042313905,-45.36285154212411,20.94,48.44,1008.9,4.54,1.67,986.79,0.38,0
2026-01-15 20:21:42.825278,-20.766787376877488,-59.69825161748455,42.65,68.74,1013.1,11.47,6.82,735.72,0.326,1
2026-01-15 21:21:42.825278,-20.807823567187423,-47.389474007119674,23.47,60.45,1032.32,1.26,10.29,538.73,0.73,0
2026-01-15 22:21:42.825278,-6.755599125082735,-49.335202473640166,39.6,65.14,1011.86,6.76,11.21,835.52,0.445,1
2026-01-15 23:21:42.825278,0.3004532987377786,-41.88944149326713,20.07,33.0,1006.54,7.92,2.67,749.18,0.403,1
2026-01-16 00:21:42.825278,-21.177553960243998,-48.645813245805904,29.12,59.11,1003.25,1.69,7.15,615.98,0.255,0
2026-01-16 01:21:42.825278,-14.88547076907896,-58.65168542897822,38.83,80.22,1040.0,2.92,0.88,425.99,0.64,1
2026-01-16 02:21:42.825278,-21.19994467343878,-55.66069639621401,23.68,37.49,1011.5,0.36,8.9,384.59,0.739,1
2026-01-16 03:21:42.825278,-24.246256048505504,-39.89726884847171,28.33,52.66,1015.45,9.15,1.49,495.27,0.372,0
2026-01-16 04:21:42.825278,-10.531726209097954,-49.71472670598836,23.88,83.27,1024.83,15.04,5.11,418.52,0.9,0
2026-01-16 05:21:42.825278,-26.927948005679582,-43.29548345105237,27.81,68.65,1003.39,10.35,4.13,653.8,0.324,0
2026-01-16 06:21:42.825278,-25.570914108126797,-48.08448859223649,23.31,77.06,1014.97,20.89,14.73,648.26,0.839,0
2026-01-16 07:21:42.825278,-28.582178947053734,-56.927220436443875,25.24,51.41,996.39,33.64,3.4,884.0,0.742,0
2026-01-16 08:21:42.825278,-9.483617606908052,-51.068950795746595,16.97,77.96,1007.59,18.91,3.19,776.46,0.257,0
2026-01-16 09:21:42.825278,-17.993459797244643,-49.73248998533642,23.99,61.89,1033.67,51.74,0.34,1130.04,0.569,1
2026-01-16 10:21:42.825278,2.2068945125995896,-58.77103690946431,34.7,64.64,1017.99,0.35,10.55,588.41,0.589,1
2026-01-16 11:21:42.825278,-14.633976460684321,-58.87797458818205,31.22,58.83,1021.92,0.53,9.36,458.11,0.54,1
2026-01-16 12:21:42.825278,-22.500486674140916,-58.387732988603844,39.47,83.28,1028.19,35.52,7.65,654.4,0.862,1
2026-01-16 13:21:42.825278,-7.282178929339047,-51.24408464182308,16.29,54.46,1003.94,8.42,1.93,397.57,0.968,0
2026-01-16 14:21:42.825278,-28.80385438356194,-52.00869844361748,31.53,79.25,1023.35,6.7,0.84,843.25,0.704,1
2026-01-16 15:21:42.825278,4.316477922407486,-47.653824631460964,24.84,75.7,990.67,1.41,22.97,778.65,0.503,1
2026-01-16 16:21:42.825278,-2.6817369035042375,-41.114068187110476,37.65,87.07,1028.16,14.52,34.39,909.86,0.725,1
2026-01-16 17:21:42.825278,0.5361985279285975,-54.60900593185377,32.39,59.3,1001.75,12.99,14.14,1018.77,0.225,1
2026-01-16 18:21:42.825278,-11.552517152028958,-59.04493040606523,34.82,67.99,1015.73,16.21,1.43,447.09,0.277,1
2026-01-16 19:21:42.825278,-24.003640944096876,-43.309957160419124,24.81,92.11,1026.69,1.66,17.92,367.14,0.364,1
2026-01-16 20:21:42.825278,-13.817349346329127,-50.24834835630929,32.6,51.72,1017.53,5.78,13.9,375.98,0.552,1
2026-01-16 21:21:42.825278,-18.12787990548287,-51.93290732305449,27.44,79.36,1016.79,16.91,15.35,675.74,0.205,1
2026-01-16 22:21:42.825278,-14.231221132652339,-59.708877512422596,39.72,73.74,1030.43,15.25,0.55,757.56,0.597,1
2026-01-16 23:21:42.825278,-20.375728280922594,-58.00887177413085,22.37,92.11,987.03,7.17,10.2,403.03,0.786,0
2026-01-17 00:21:42.825278,-3.57946148820038,-43.78262393667411,32.8,100.0,1018.7,30.67,7.09,621.83,0.394,1
2026-01-17 01:21:42.825278,-18.08653068128578,-48.085801410499535,24.09,62.76,989.37,3.25,30.43,659.55,0.723,1
2026-01-17 02:21:42.825278,-4.628140485737049,-49.0987925506853,19.24,83.83,1020.1,12.41,6.93,341.11,0.375,0
2026-01-17 03:21:42.825278,-27.063571377988175,-58.693090693194854,19.56,55.6,1010.47,1.97,13.41,668.48,0.49,0
2026-01-17 04:21:42.825278,-20.460478791460982,-38.21135798229684,16.39,57.01,983.59,14.95,0.97,713.68,0.813,0
2026-01-17 05:21:42.825278,-17.263520772663362,-39.16814237428106,22.31,95.06,1007.62,2.05,14.97,498.71,0.687,0
2026-01-17 06:21:42.825278,-24.91498965889747,-52.09269128185939,25.13,59.11,1028.11,55.08,5.82,301.86,0.589,1
2026-01-17 07:21:42.825278,-28.572524529756866,-52.124793120255646,35.86,71.85,1013.19,35.28,2.07,532.54,0.428,1
2026-01-17 08:21:42.825278,2.2874613705876072,-38.68334617245698,24.83,87.06,973.35,5.26,5.63,721.21,0.612,0
2026-01-17 09:21:42.825278,-15.199605682931953,-47.07124094290307,30.85,87.33,1003.15,27.6,11.53,492.19,0.682,0
2026-01-17 10:21:42.825278,-18.171050726583243,-48.25386412540813,35.01,44.5,1001.75,9.17,31.26,577.45,0.66,1
2026-01-17 11:21:42.825278,-14.84594325561028,-58.22438580876683,19.96,97.96,1010.63,12.96,16.45,562.94,0.501,1
2026-01-17 12:21:42.825278,2.779796408030215,-50.545091261794525,36.25,67.19,1026.24,2.62,2.75,476.34,0.613,1
2026-01-17 13:21:42.825278,-22.207276767062513,-42.064911114869744,25.85,60.86,1020.24,13.98,4.94,599.03,0.145,0
2026-01-17 14:21:42.825278,-8.901736370663421,-35.350210695733516,27.51,79.82,1020.97,8.98,26.11,703.62,0.905,1
2026-01-17 15:21:42.825278,-5.156835035466983,-36.23519967310154,19.12,76.27,1001.87,13.24,2.5,700.62,0.848,0
2026-01-17 16:21:42.825278,-6.8659162772613485,-51.92747328555247,42.2,52.44,996.51,58.69,5.73,576.74,0.432,1
2026-01-17 17:21:42.825278,-17.57038825909993,-49.82089253832187,37.33,82.13,984.7,14.11,5.5,647.83,0.326,1
2026-01-17 18:21:42.825278,-24.081363485277198,-56.84660534260587,28.96,73.25,999.53,43.14,8.13,953.76,0.424,1
2026-01-17 19:21:42.825278,3.600415828669391,-39.488467746042126,35.72,54.86,1015.33,5.69,2.69,773.88,0.461,1
2026-01-17 20:21:42.825278,-28.884032167699274,-58.09750027548064,22.88,47.14,1020.39,14.91,0.05,536.77,0.167,0
2026-01-17 21:21:42.825278,-26.011915569440976,-43.09645528496357,19.17,81.13,1023.6,23.47,0.0,779.45,0.914,0
2026-01-17 22:21:42.825278,3.0970387212148935,-48.9265719566391,24.49,100.0,1035.8,28.26,7.0,652.14,0.521,0
2026-01-17 23:21:42.825278,-29.178934239759595,-51.76458356563893,24.06,77.48,1012.94,33.74,1.09,682.94,0.383,0
2026-01-18 00:21:42.825278,-11.375870963942607,-53.340558964249404,33.43,55.48,1029.24,11.63,1.05,523.3,0.533,1
2026-01-18 01:21:42.825278,-4.292953588715871,-50.82065463921769,32.62,99.34,1011.53,7.34,9.51,843.54,0.759,1
2026-01-18 02:21:42.825278,-12.761735109282206,-37.1278462469624,10.27,47.17,1004.49,0.78,8.03,473.91,0.385,0
2026-01-18 03:21:42.825278,-3.0214917417487577,-51.819470420963654,21.65,46.78,1005.82,26.84,1.11,732.12,0.0,0
2026-01-18 04:21:42.825278,-5.94135305599999,-44.16791294167511,21.7,40.55,1006.6,6.67,5.9,513.92,0.326,0
2026-01-18 05:21:42.825278,-4.818541904031658,-51.5958665355105,37.24,67.11,990.29,0.43,0.67,764.36,0.526,1
2026-01-18 06:21:42.825278,-4.747087705480173,-57.796835762486054,30.85,74.15,1026.14,9.32,2.0,723.46,1.0,0
2026-01-18 07:21:42.825278,-11.158576979653077,-45.87315521299737,32.35,64.84,1015.62,51.7,0.83,643.42,0.202,1
2026-01-18 08:21:42.825278,-0.3712927406808184,-47.370857211931686,24.4,68.24,1022.22,3.24,3.46,486.26,0.386,0
2026-01-18 09:21:42.825278,-5.208658282271038,-50.80382047142997,20.27,41.69,1013.52,29.43,3.69,886.01,0.723,0
2026-01-18 10:21:42.825278,-22.661867726090485,-37.88312537616625,20.85,98.87,1002.88,7.42,13.27,769.46,0.758,0
2026-01-18 11:21:42.825278,-14.557961422547367,-42.08809343394583,32.59,34.28,1005.93,18.03,29.84,579.18,0.168,1
2026-01-18 12:21:42.825278,-6.409952012555124,-46.4623429469378,30.79,72.18,1018.87,18.96,15.52,721.47,0.487,1
2026-01-18 13:21:42.825278,0.6747330261572451,-54.9586197183277,23.22,53.68,1015.77,34.68,9.29,880.9,0.566,0
2026-01-18 14:21:42.825278,-15.326276273836198,-55.15015109441507,28.26,23.28,1028.66,28.21,6.97,675.63,0.424,1
2026-01-18 15:21:42.825278,-28.2477415517347,-38.159154434132496,31.44,57.8,1009.79,21.39,4.21,582.41,0.69,1
2026-01-18 16:21:42.825278,-29.584502866572425,-52.4836089859814,16.75,83.6,1024.63,43.85,2.47,667.54,1.0,1
2026-01-18 17:21:42.825278,3.2189359910886495,-35.03456702089038,17.42,75.64,1001.06,8.55,0.07,646.41,0.5,0
2026-01-18 18:21:42.825278,-12.908278044848288,-59.435757585663936,21.19,80.58,990.47,3.29,4.18,747.16,0.59,0
2026-01-18 19:21:42.825278,-23.0410014399732,-47.28985058388432,18.66,69.23,1000.91,25.24,0.94,510.94,0.538,0
2026-01-18 20:21:42.825278,-9.063614406029917,-53.38989255175886,38.59,100.0,1013.09,15.74,4.11,791.88,0.705,1
2026-01-18 21:21:42.825278,-14.86612739352185,-39.283321411660154,25.1,50.84,1017.7,21.74,2.75,459.92,0.34,0
2026-01-18 22:21:42.825278,-4.605111335401812,-54.2543489551866,24.3,33.04,1004.73,63.47,10.07,644.23,0.314,1
2026-01-18 23:21:42.825278,-14.301010772103922,-44.343879430924176,21.09,53.54,1007.59,35.32,2.37,820.67,0.489,1
2026-01-19 00:21:42.825278,-6.789825971006213,-51.45720301645779,27.43,94.61,985.05,11.26,9.37,685.17,0.505,0
2026-01-19 01:21:42.825278,2.136760546159607,-39.62049420075277,29.77,48.82,1008.26,2.14,2.75,871.19,0.642,0
2026-01-19 02:21:42.825278,1.4737607443547667,-44.40616539076918,26.41,44.52,1004.77,7.71,1.58,650.32,0.447,0
2026-01-19 03:21:42.825278,-12.663882357313192,-49.30770529916347,40.75,94.51,1013.46,14.65,21.16,529.88,0.102,1
2026-01-19 04:21:42.825278,-26.901718967484506,-44.77502222370179,23.2,50.02,1032.94,1.42,9.58,1082.87,0.315,0
2026-01-19 05:21:42.825278,-13.569779824608467,-41.991927088036,30.81,12.42,1020.04,7.0,7.54,681.77,0.64,1
2026-01-19 06:21:42.825278,-27.383893372728956,-48.482875662946654,34.1,51.93,994.18,18.1,11.91,281.09,0.568,1
2026-01-19 07:21:42.825278,-23.464345206592014,-51.35126205341993,25.36,51.37,986.56,7.32,0.91,759.78,0.542,0
2026-01-19 08:21:42.825278,-25.95136717231592,-36.34338767492295,32.77,86.98,1024.7,2.04,5.62,734.69,0.698,1
2026-01-19 09:21:42.825278,-0.8527325141846873,-58.193207274716215,38.08,66.84,1035.01,8.58,3.33,803.94,0.603,1
2026-01-19 10:21:42.825278,-12.633842586460965,-39.381920898077,22.79,55.73,993.61,22.78,10.86,446.85,0.623,0
2026-01-19 11:21:42.825278,-24.94196716325674,-56.65146951499999,17.67,52.83,997.3,7.91,12.52,454.57,0.556,0
2026-01-19 12:21:42.825278,-4.1352777895314645,-50.07780054437703,23.59,32.02,986.17,4.99,4.07,644.46,0.788,1
2026-01-19 13:21:42.825278,-1.5159803942504873,-47.662270433485006,32.0,73.25,1002.13,21.65,2.26,721.35,0.584,1
2026-01-19 14:21:42.825278,-4.719109108670228,-55.23857507424885,23.47,57.96,1029.36,8.79,3.21,531.05,0.749,0
2026-01-19 15:21:42.825278,-28.334588260886065,-50.363239132506614,29.53,69.71,1001.81,2.01,8.74,488.42,0.423,0
2026-01-19 16:21:42.825278,2.7723395238744857,-59.5368855813511,25.75,59.02,1014.83,6.99,1.13,0.0,0.851,0
2026-01-19 17:21:42.825278,-2.6161466974439307,-46.731234940296446,21.52,33.74,1016.73,6.1,1.41,505.44,0.404,1
2026-01-19 18:21:42.825278,-11.819292476306686,-45.93278110523177,34.61,69.84,992.72,5.48,0.32,721.09,0.765,1
2026-01-19 19:21:42.825278,-28.336878497751137,-54.517617937379235,22.88,79.31,1020.45,10.94,9.58,452.43,0.478,0
2026-01-19 20:21:42.825278,-16.06476772669827,-45.500804494921425,15.59,61.79,1006.69,6.76,13.71,651.39,0.175,0
2026-01-19 21:21:42.825278,-20.006622489963114,-52.5489369302161,40.27,82.07,1007.39,61.52,4.62,845.04,0.483,1
2026-01-19 22:21:42.825278,-15.058313777729374,-46.19954569260872,32.56,43.21,1028.47,27.31,1.94,675.57,0.729,1
2026-01-19 23:21:42.825278,-17.886246572616173,-55.684772177443136,31.85,59.92,1011.5,7.82,6.48,710.18,0.492,1
2026-01-20 00:21:42.825278,-20.97856745301616,-54.33925987280875,26.71,5.0,1003.58,3.35,10.14,492.35,0.507,1
2026-01-20 01:21:42.825278,-5.006954206024389,-41.60161520156386,37.25,50.0,1018.52,3.71,1.07,723.74,0.431,1
2026-01-20 02:21:42.825278,-13.562101006693176,-40.42664568150332,31.71,89.11,1024.38,0.17,0.27,396.39,0.639,1
2026-01-20 03:21:42.825278,-20.71205934078796,-42.80092899703227,33.1,46.86,1023.93,0.66,21.6,512.88,0.49,1
2026-01-20 04:21:42.825278,-12.785009501239841,-40.788305108396656,23.64,42.45,1015.99,46.69,1.27,410.03,0.501,1
2026-01-20 05:21:42.825278,-7.808073039615582,-40.977713175969,30.0,45.72,1026.14,3.48,4.38,619.03,0.838,0
2026-01-20 06:21:42.825278,-11.186691492893303,-35.12101474499697,37.82,31.37,996.57,21.41,22.23,359.15,0.859,1
2026-01-20 07:21:42.825278,-26.877770441406266,-54.72104906420183,29.46,51.92,1012.02,5.25,5.83,1137.86,0.654,0
2026-01-20 08:21:42.825278,2.40130925693569,-43.8663594187348,32.26,57.19,1004.43,2.52,9.01,757.9,0.834,1
2026-01-20 09:21:42.825278,-4.1418232472459735,-44.36971165356212,29.76,60.44,1015.8,2.16,14.09,795.8,0.405,0
2026-01-20 10:21:42.825278,3.498748360001798,-42.580112150891466,22.26,100.0,995.11,18.21,11.13,416.34,0.345,0
2026-01-20 11:21:42.825278,-12.71044869497781,-40.208998195423426,31.64,100.0,991.31,26.54,8.66,810.44,0.509,1
2026-01-20 12:21:42.825278,-24.31015259677825,-35.11208878524188,26.26,68.88,1021.79,35.26,38.23,758.45,0.758,1
2026-01-20 13:21:42.825278,-25.96100496017101,-49.82976771607876,21.89,52.28,1024.18,16.1,5.61,684.81,0.562,0
2026-01-20 14:21:42.825278,-28.049256572450926,-45.65096206245926,27.65,82.56,1013.37,7.26,1.35,507.18,0.565,0
2026-01-20 15:21:42.825278,2.6646744332673364,-39.849587384923275,35.16,33.19,1008.16,43.5,1.53,675.98,0.183,2
2026-01-20 16:21:42.825278,-20.782273335067224,-54.75338306802197,23.22,63.84,1010.07,22.96,6.47,550.05,0.878,0
2026-01-20 17:21:42.825278,-17.209198037135423,-36.59634161419718,16.46,63.1,1007.22,39.94,13.03,545.79,0.371,1
2026-01-20 18:21:42.825278,-4.903322145251334,-57.89323602048086,31.59,77.07,1006.07,22.77,9.11,701.09,0.538,1
2026-01-20 19:21:42.825278,-24.79241006527965,-46.04038806074445,26.67,56.13,1020.94,33.55,0.0,765.55,0.496,0
2026-01-20 20:21:42.825278,-26.60667567403543,-44.83975558140499,32.22,58.44,1008.69,0.54,4.55,584.89,0.682,1
2026-01-20 21:21:42.825278,-8.827071538078574,-44.64773155060746,25.63,42.17,1012.84,10.6,60.89,532.88,0.485,1
2026-01-20 22:21:42.825278,-13.452232914444593,-43.071812785652455,30.16,70.83,999.99,7.23,2.52,496.08,0.0,0
2026-01-20 23:21:42.825278,-12.065000701817027,-43.182159712489096,31.27,31.67,1004.29,3.27,3.44,804.83,0.712,1
2026-01-21 00:21:42.825278,-6.658311466052641,-54.149295617328136,37.16,98.05,1040.0,12.18,6.67,487.64,0.432,1
2026-01-21 01:21:42.825278,-3.763098674784171,-56.602846246810145,29.96,33.6,1009.13,11.96,14.18,675.49,0.645,1
2026-01-21 02:21:42.825278,-17.613301647586404,-44.916860858885045,31.51,54.64,1014.0,7.07,2.78,840.79,0.163,1
2026-01-21 03:21:42.825278,-13.511137575078614,-39.5315502386337,24.71,33.2,1006.17,8.42,3.24,719.99,0.315,1
2026-01-21 04:21:42.825278,-13.318154382197989,-38.35747519189991,28.51,54.43,1021.27,39.1,10.45,790.97,0.508,1
2026-01-21 05:21:42.825278,-12.387670413695993,-59.648008417927734,31.25,54.51,1006.51,3.51,0.23,525.96,0.644,1
2026-01-21 06:21:42.825278,1.9280367699860008,-37.680101510252854,35.86,83.42,996.92,40.34,2.76,882.06,0.369,1
2026-01-21 07:21:42.825278,2.268447054646259,-56.48073855571967,28.85,66.27,994.18,26.0,7.73,618.56,0.822,0
2026-01-21 08:21:42.825278,1.6318541489687313,-49.753808172041246,14.69,100.0,1029.95,13.47,3.05,598.77,0.261,0
2026-01-21 09:21:42.825278,-24.81531272942659,-43.65425090430806,30.67,82.42,1021.67,12.61,17.96,395.21,0.746,1
2026-01-21 10:21:42.825278,4.403072256707745,-53.14659582020154,26.38,32.2,1028.22,19.2,5.5,1027.89,0.568,1
2026-01-21 11:21:42.825278,-4.933914306524926,-49.58127348439867,25.72,44.4,1020.82,4.5,1.41,835.44,0.474,0
2026-01-21 12:21:42.825278,-1.0230778247827494,-50.429394800912405,37.58,72.89,1004.14,64.42,7.69,558.09,0.352,1
2026-01-21 13:21:42.825278,-20.857994005413047,-47.2024469682594,32.34,41.42,1005.95,5.49,0.29,636.89,0.928,1
2026-01-21 14:21:42.825278,-26.701492675841603,-55.70765017178772,29.43,43.18,1014.65,0.37,2.29,586.62,0.615,0
2026-01-21 15:21:42.825278,-27.44610834760093,-39.47184738787051,31.48,84.18,1011.71,16.53,9.16,522.66,0.992,1
2026-01-21 16:21:42.825278,-28.6191816477058,-59.63823396242837,29.96,43.3,1031.83,0.58,5.07,1024.0,0.516,0
2026-01-21 17:21:42.825278,-8.127713557404029,-40.504533109421416,32.29,62.03,1029.98,35.13,3.97,598.15,0.636,1
2026-01-21 18:21:42.825278,-20.192425755330014,-58.67198439502497,25.74,86.9,1003.2,41.7,14.36,516.76,0.974,1
2026-01-21 19:21:42.825278,-13.398605030739816,-50.20833642802978,33.87,23.76,1000.59,12.41,4.89,444.45,0.562,1
2026-01-21 20:21:42.825278,-12.040047447035302,-53.93952965281973,25.51,90.04,1028.94,20.47,5.09,791.36,0.239,0
2026-01-21 21:21:42.825278,-7.598292107448028,-47.63014112645317,19.58,55.95,1009.8,17.92,2.87,821.57,0.708,0
2026-01-21 22:21:42.825278,-22.948847647239386,-54.14513935957967,20.24,61.68,999.04,3.13,1.84,438.07,0.442,0
2026-01-21 23:21:42.825278,-29.003991285462714,-44.26612643427654,30.8,63.66,1000.1,42.63,12.26,379.45,0.749,1
2026-01-22 00:21:42.825278,-11.0341939353323,-57.718878967393614,34.99,78.51,1012.41,22.08,12.5,584.75,0.426,1
2026-01-22 01:21:42.825278,-12.059317615644627,-51.73497975074996,23.23,58.35,1025.63,28.93,6.95,524.47,0.778,0
2026-01-22 02:21:42.825278,-0.9004182324391081,-53.13569211122446,19.25,64.7,988.18,5.58,27.29,601.92,0.638,1
2026-01-22 03:21:42.825278,4.445773581912519,-59.50246290649805,24.87,38.99,1022.15,0.74,4.13,657.54,1.0,1
2026-01-22 04:21:42.825278,0.568445752986662,-57.899957136984355,34.92,83.25,1017.23,31.18,0.34,679.97,0.071,1
2026-01-22 05:21:42.825278,-19.14484726182193,-48.71658187114757,23.93,36.85,988.23,69.76,0.74,643.1,0.714,1
2026-01-22 06:21:42.825278,-8.169021407516059,-39.24542583455765,22.22,21.36,990.92,46.75,14.13,421.58,0.372,1
2026-01-22 07:21:42.825278,-8.331741665510812,-56.40770981845665,27.04,55.35,1012.13,6.85,9.05,725.37,0.547,0
2026-01-22 08:21:42.825278,0.5936328623173779,-51.02323052392122,33.27,41.07,1009.81,43.0,2.96,700.62,0.606,1
2026-01-22 09:21:42.825278,-13.274302300704427,-54.412642143604,39.0,41.83,1019.25,14.49,2.34,536.59,0.403,1
2026-01-22 10:21:42.825278,-15.507626098126424,-54.18174395324866,34.51,59.5,1019.53,1.68,9.47,949.64,0.643,1
2026-01-22 11:21:42.825278,-21.24801345214464,-49.57378179197748,24.73,78.53,1007.37,2.44,6.67,728.47,0.398,0
2026-01-22 12:21:42.825278,1.67773447280684,-49.134808653318665,32.74,59.56,990.78,15.54,9.35,1188.71,0.399,1
2026-01-22 13:21:42.825278,-2.483606578062542,-50.5762507078432,27.32,65.25,1002.59,38.18,17.5,565.26,0.774,1
2026-01-22 14:21:42.825278,-8.945802276710285,-44.8420763156367,32.54,54.95,973.1,107.95,5.44,703.49,0.561,1
2026-01-22 15:21:42.825278,-1.5094142568024473,-40.57849182754296,20.04,73.65,1023.36,5.28,15.85,637.25,0.568,1
2026-01-22 16:21:42.825278,-25.434052720701214,-35.609875785272195,28.65,79.96,1019.72,0.95,10.95,1023.92,0.991,0
2026-01-22 17:21:42.825278,-12.407606825856266,-47.7047169419386,28.48,49.19,1002.38,3.11,1.74,760.21,0.238,0
2026-01-22 18:21:42.825278,-8.643749831717535,-56.15064675640427,31.74,72.83,1002.56,50.05,13.97,473.91,0.449,1
2026-01-22 19:21:42.825278,-15.36075716840985,-46.01745319807932,29.44,55.59,996.01,16.54,3.17,748.03,0.64,0
2026-01-22 20:21:42.825278,-18.673668569807525,-39.03357113768857,25.4,100.0,1009.04,6.09,5.56,782.32,0.141,0
2026-01-22 21:21:42.825278,-5.7190545455585,-41.010954152152294,24.53,78.28,1000.16,9.02,9.04,688.31,0.548,0
2026-01-22 22:21:42.825278,-4.488425247323754,-36.18771748914189,26.96,86.77,1003.54,0.37,5.94,407.07,1.0,0
2026-01-22 23:21:42.825278,4.091092874022237,-37.21364991362901,32.06,51.81,999.33,9.93,3.58,670.69,0.835,1
2026-01-23 00:21:42.825278,-9.976506405993124,-38.67466102530186,26.06,65.38,1005.78,6.28,0.41,959.31,0.107,0
2026-01-23 01:21:42.825278,-21.197043611325974,-42.633206760076064,26.83,44.99,1021.51,0.91,15.11,384.2,0.762,1
2026-01-23 02:21:42.825278,-21.373273164814233,-59.77485839338812,24.81,52.23,998.51,13.54,7.14,718.05,0.377,0
2026-01-23 03:21:42.825278,-2.1294934911317753,-49.206679403928774,34.81,76.13,976.68,22.47,2.56,677.3,0.345,1
2026-01-23 04:21:42.825278,-18.555783186504126,-48.937717158299066,27.47,100.0,1021.66,24.23,9.79,1044.28,0.945,0
2026-01-23 05:21:42.825278,0.5745860795414472,-49.19321780529579,30.26,89.08,1006.24,15.72,0.59,799.67,0.71,0
2026-01-23 06:21:42.825278,3.3588879848675646,-58.64663978994198,19.45,98.23,1004.31,14.89,5.22,602.29,0.598,0
2026-01-23 07:21:42.825278,-4.171640791147155,-40.81804247365879,22.89,56.25,1022.09,55.06,16.05,501.45,0.451,1
2026-01-23 08:21:42.825278,-14.76137113551953,-49.95253230110083,38.85,92.83,1012.79,1.99,15.63,949.33,0.518,1
2026-01-23 09:21:42.825278,-28.369702026971044,-42.372171334025126,26.54,55.7,1025.72,47.49,7.14,835.65,0.628,1
2026-01-23 10:21:42.825278,-19.611992823185638,-51.14335696680936,28.89,56.57,1013.05,11.51,6.46,647.11,0.152,0
2026-01-23 11:21:42.825278,-27.374226888747863,-37.60871923995204,29.99,52.47,1015.79,26.99,7.86,378.7,0.439,0
2026-01-23 12:21:42.825278,0.09050742257813482,-42.495293517648676,41.16,79.11,1011.32,3.88,1.87,489.72,0.681,1
2026-01-23 13:21:42.825278,-15.868518633257871,-54.80626817469524,29.54,77.55,1016.22,24.83,16.25,942.76,0.597,1
2026-01-23 14:21:42.825278,-25.097740422437223,-51.29313461592021,29.5,11.19,1009.79,7.97,2.75,612.95,0.712,1
2026-01-23 15:21:42.825278,3.680203958540538,-43.65992618661934,29.38,61.85,1026.91,4.2,5.95,943.42,0.624,0
2026-01-23 16:21:42.825278,-22.304095360242783,-50.79224044783171,30.38,57.66,1030.89,25.01,2.47,587.74,0.735,0
2026-01-23 17:21:42.825278,-13.36807981900677,-36.37206231643635,29.01,64.68,1025.98,8.67,21.81,893.43,0.077,1
2026-01-23 18:21:42.825278,-14.385999250618429,-45.87954215099507,24.24,59.18,1010.24,16.0,1.2,831.15,0.434,0
2026-01-23 19:21:42.825278,1.8110604135263735,-54.62443576609539,29.77,49.0,1005.88,0.25,11.82,701.71,0.739,0
2026-01-23 20:21:42.825278,-23.413000641204817,-52.868050076478006,31.68,59.35,1021.97,10.42,2.83,486.96,0.397,1
2026-01-23 21:21:42.825278,-2.045942017437312,-53.91745180042582,27.53,54.24,1013.81,55.86,1.72,678.37,0.589,1
2026-01-23 22:21:42.825278,3.875097342849557,-48.05273347635626,23.23,87.99,1009.16,3.26,32.16,413.92,0.588,1
2026-01-23 23:21:42.825278,-8.073765066108045,-46.54801142814864,22.89,44.27,1015.99,14.58,2.71,490.57,0.425,0
2026-01-24 00:21:42.825278,-29.609589444085934,-53.94185674384197,21.39,74.64,1024.09,21.3,4.02,654.21,0.4,0
2026-01-24 01:21:42.825278,-23.803549562903278,-44.1499808146003,15.03,79.77,1007.43,25.43,7.54,432.41,0.437,0
2026-01-24 02:21:42.825278,-2.8346847563032007,-47.83977252522284,24.05,48.11,1017.74,4.68,5.98,546.1,0.993,0
2026-01-24 03:21:42.825278,0.7004215129917988,-38.30631524795673,19.91,53.56,1011.61,10.01,7.46,1007.07,0.701,0
2026-01-24 04:21:42.825278,-24.60734936344208,-43.83662253048169,31.43,45.53,1027.2,0.88,4.19,475.21,0.352,1
2026-01-24 05:21:42.825278,-2.16495343209721,-44.2305066723767,32.45,24.4,1024.77,11.86,7.28,991.13,0.497,1
2026-01-24 06:21:42.825278,-14.820607341256416,-54.94317045644924,34.29,43.24,1004.8,57.51,5.58,756.84,0.598,1
2026-01-24 07:21:42.825278,-4.714830194215541,-57.87390946734822,30.88,41.45,1027.46,27.81,3.31,607.95,0.59,0
2026-01-24 08:21:42.825278,-23.931939513487215,-51.47808651040159,17.53,38.89,1008.11,7.79,14.52,688.14,0.374,1
2026-01-24 09:21:42.825278,-2.8263020971545885,-45.101829697081655,19.34,85.33,1020.52,2.26,14.33,764.94,0.89,0
2026-01-24 10:21:42.825278,1.140736717406984,-42.49234115290482,26.08,32.76,1003.79,55.68,1.1,648.35,0.562,1
2026-01-24 11:21:42.825278,-29.10287125404521,-36.88131310339096,39.56,61.63,1026.15,4.68,1.04,410.78,0.402,1
2026-01-24 12:21:42.825278,-12.265807964779544,-35.83976759691427,33.66,63.63,1007.77,34.71,5.1,1036.69,0.47,1
2026-01-24 13:21:42.825278,-25.491542418295417,-38.61713839092654,32.26,78.56,1014.5,50.0,0.44,226.19,0.554,1
2026-01-24 14:21:42.825278,-8.0949561025459,-40.160220069941914,30.68,25.55,1003.35,30.28,7.45,724.04,0.521,1
2026-01-24 15:21:42.825278,-26.214892018198046,-47.33746997407687,30.43,14.88,1017.17,1.23,7.79,358.55,0.676,1
2026-01-24 16:21:42.825278,1.8577595493609245,-52.39724981642908,39.18,17.17,1003.6,8.82,7.33,612.31,0.937,1
2026-01-24 17:21:42.825278,-28.058062027623127,-52.886484743198594,28.82,51.27,1024.58,17.05,1.33,580.85,0.398,0
2026-01-24 18:21:42.825278,-11.996586372114294,-45.28101341087476,31.68,82.76,994.94,11.56,4.28,965.41,0.458,1
2026-01-24 19:21:42.825278,-29.79976739603124,-43.71700256934402,31.49,64.37,1010.0,35.27,0.64,647.84,0.354,1
2026-01-24 20:21:42.825278,-8.677206803072586,-53.12729156294398,32.16,91.69,1002.52,32.38,4.36,774.71,0.754,1
2026-01-24 21:21:42.825278,0.22680503219836723,-50.71201061891067,29.27,72.94,1003.79,10.22,1.71,922.77,0.779,0
2026-01-24 22:21:42.825278,-19.113540323005562,-51.99972526882341,35.65,37.29,1018.11,4.55,0.67,539.11,0.873,1
2026-01-24 23:21:42.825278,-10.502692356062902,-38.67609715815628,23.38,65.04,988.36,11.96,3.49,694.44,0.325,0
2026-01-25 00:21:42.825278,-6.987701950527029,-55.13451864188587,31.38,57.25,1021.36,24.26,4.76,438.64,0.564,1
2026-01-25 01:21:42.825278,-13.972639704868577,-45.76661995559765,28.76,75.93,1031.97,37.97,3.53,473.24,0.413,1
2026-01-25 02:21:42.825278,-28.67759611773917,-58.92465089049862,30.31,75.97,1025.45,34.05,5.24,932.53,0.482,0
2026-01-25 03:21:42.825278,2.4347626518681693,-42.533575497969,33.41,68.47,992.74,13.71,1.19,346.29,0.716,1
2026-01-25 04:21:42.825278,-28.167793161663916,-36.28359605733588,33.23,66.54,998.55,12.94,9.01,898.43,0.652,1
2026-01-25 05:21:42.825278,-16.074249438292103,-36.17459559898893,29.21,59.31,1022.87,11.1,6.69,631.31,0.314,0
2026-01-25 06:21:42.825278,-0.9105474148789021,-59.612938521562114,37.55,48.25,994.68,46.42,11.94,764.87,0.899,1
2026-01-25 07:21:42.825278,2.3510724252600212,-42.190149288176954,31.98,88.3,1001.51,0.74,3.91,439.78,0.484,1
2026-01-25 08:21:42.825278,-29.192008180688045,-56.66546908405643,34.65,71.33,1019.73,3.29,10.12,676.37,0.488,1
2026-01-25 09:21:42.825278,0.14372848140727612,-39.672373822228906,29.15,57.23,1007.47,12.81,6.08,724.37,0.503,0
2026-01-25 10:21:42.825278,-17.110802354483038,-58.86124610086619,29.76,22.39,993.17,2.53,13.68,535.36,0.846,1
2026-01-25 11:21:42.825278,-4.854548384256052,-50.19926162991022,19.11,62.62,1022.62,10.77,8.32,632.12,0.496,0
2026-01-25 12:21:42.825278,-13.530936026707206,-52.137060694772366,33.29,70.81,1019.43,26.19,3.6,582.41,0.451,1
2026-01-25 13:21:42.825278,-2.373328118080668,-46.69173493532244,29.76,79.43,996.46,18.47,1.88,638.42,0.459,0
2026-01-25 14:21:42.825278,-10.067084572945259,-38.08486804073504,28.31,75.6,1007.5,24.67,1.83,932.33,0.837,0
2026-01-25 15:21:42.825278,-29.36447120375224,-41.938467241526155,19.74,53.13,1025.71,10.69,15.25,517.76,0.741,1
2026-01-25 16:21:42.825278,-18.660836270346138,-43.028044190235086,20.78,64.51,1019.55,20.98,34.13,596.17,0.686,1
2026-01-25 17:21:42.825278,-29.292386794827088,-43.23099945721165,23.74,17.71,1006.91,35.7,15.41,661.38,0.495,1
2026-01-25 18:21:42.825278,-17.125872148766526,-49.60847496248877,24.92,77.95,1027.07,5.23,3.14,863.79,0.649,0
2026-01-25 19:21:42.825278,-18.481644188983417,-46.651086326626654,31.81,42.66,1011.64,33.37,10.13,675.97,0.616,1
2026-01-25 20:21:42.825278,2.9140480291764916,-46.137186107725874,29.88,61.31,1008.78,23.16,18.87,664.63,0.626,1
2026-01-25 21:21:42.825278,-6.504377041726929,-35.245205268708204,36.06,65.3,1004.21,6.0,8.18,455.35,0.617,1
2026-01-25 22:21:42.825278,-22.76386739909163,-44.45926054891966,25.7,47.88,1006.16,12.05,22.66,819.85,0.441,1
2026-01-25 23:21:42.825278,-8.773977855975904,-41.116526762400696,19.9,45.87,1020.64,0.45,3.87,728.34,0.402,0
2026-01-26 00:21:42.825278,-6.860429461099912,-58.90070895946363,25.0,73.38,1034.43,10.1,4.66,514.23,0.52,0
2026-01-26 01:21:42.825278,-3.23032373730058,-37.12059157033505,24.02,27.94,990.22,21.83,22.89,573.35,0.219,1
2026-01-26 02:21:42.825278,-2.1409364756694593,-44.757660765649035,29.67,43.05,1012.53,13.56,16.71,404.1,0.196,1
2026-01-26 03:21:42.825278,-21.916177812438896,-38.1437030828916,26.2,54.48,997.31,3.73,11.87,261.84,0.476,0
2026-01-26 04:21:42.825278,-17.36151257807366,-38.694644831925515,38.43,68.58,1016.07,0.45,3.78,626.89,0.49,1
2026-01-26 05:21:42.825278,-20.442149238753856,-52.434442872952786,31.19,37.54,1036.55,23.35,18.02,459.65,0.675,1
2026-01-26 06:21:42.825278,2.6438665826175765,-53.38767816631304,22.14,63.21,1006.91,5.95,7.42,512.19,0.663,0
2026-01-26 07:21:42.825278,-20.813044084923312,-53.8672375503505,32.11,55.54,1015.38,52.97,3.35,967.34,0.448,1
2026-01-26 08:21:42.825278,-9.431583198435888,-52.05151675732943,38.1,67.86,998.95,19.65,1.93,627.7,0.28,1
2026-01-26 09:21:42.825278,-10.803074498780642,-57.09866351538578,26.2,52.67,1014.12,2.06,5.69,762.84,0.54,0
2026-01-26 10:21:42.825278,3.069240855725809,-40.509783936438374,22.07,100.0,1017.72,16.62,6.92,622.41,0.521,0
2026-01-26 11:21:42.825278,-14.509384183643945,-57.13400141035733,30.08,56.02,1014.22,39.18,10.47,692.78,0.308,1
2026-01-26 12:21:42.825278,-19.05702899756732,-55.544172527210414,26.31,81.02,998.04,8.69,16.42,585.67,0.642,1
2026-01-26 13:21:42.825278,3.1208114722935605,-56.37753351731635,27.16,65.14,1009.26,8.98,0.04,770.07,0.241,0
2026-01-26 14:21:42.825278,-2.025691191401119,-56.66528457266851,31.2,89.86,1007.31,25.57,3.72,916.31,0.713,1
2026-01-26 15:21:42.825278,-15.31146977449561,-35.46557239184513,22.52,72.51,1009.32,48.65,2.22,594.7,0.824,1
2026-01-26 16:21:42.825278,2.1133654530621797,-48.74689318411903,26.65,93.33,1003.86,9.97,11.27,539.45,0.87,0
2026-01-26 17:21:42.825278,-20.118577724382014,-47.964116351059864,33.35,59.61,1013.22,0.2,1.49,860.1,0.868,1
2026-01-26 18:21:42.825278,-2.4247348145059604,-53.6528997259733,32.59,81.47,1017.98,2.87,4.82,300.35,0.509,1
2026-01-26 19:21:42.825278,-0.6151652733602297,-45.24366586850764,33.88,66.84,996.42,12.69,4.07,611.49,0.355,1
2026-01-26 20:21:42.825278,-27.45331683161305,-57.530773715031216,17.8,45.31,1009.67,25.53,6.04,769.86,0.343,0
2026-01-26 21:21:42.825278,2.9666740493415205,-46.747787577139405,33.29,51.27,1024.86,1.9,8.96,647.84,0.502,1
2026-01-26 22:21:42.825278,-23.251933406673928,-44.31561238911595,27.82,67.91,1012.4,12.33,21.32,892.45,0.593,1
2026-01-26 23:21:42.825278,-19.631048633912556,-46.37478960690149,29.77,53.97,994.19,11.92,14.25,615.2,0.729,0
2026-01-27 00:21:42.825278,-29.380344422436696,-38.45565400526613,30.53,37.43,1011.15,76.79,0.85,589.67,0.201,1
2026-01-27 01:21:42.825278,1.6780843185892493,-38.266497302316125,23.86,56.33,1010.62,17.76,3.28,631.62,0.558,0
2026-01-27 02:21:42.825278,-25.331026768787872,-42.84069418068391,30.74,52.66,1001.24,16.94,10.36,753.22,0.735,0
2026-01-27 03:21:42.825278,-8.880384753470086,-50.27192475962424,24.88,100.0,1030.51,3.26,4.12,458.18,0.213,0
2026-01-27 04:21:42.825278,-3.3611294030159726,-47.936539813333184,27.15,66.05,1028.51,14.21,6.34,577.26,0.524,0
2026-01-27 05:21:42.825278,-20.524319365239364,-35.01662192922211,24.53,73.94,1007.83,20.3,3.34,868.96,0.581,0
2026-01-27 06:21:42.825278,0.9178904310819149,-55.99015312484637,20.42,35.41,1013.29,34.74,3.84,560.02,0.697,1
2026-01-27 07:21:42.825278,-16.852294257744973,-56.47350501269257,36.27,75.18,1017.38,20.84,0.14,925.83,0.634,1
2026-01-27 08:21:42.825278,-26.129728452596922,-39.04155448516537,39.09,70.8,1024.75,42.61,5.65,591.77,0.873,1
2026-01-27 09:21:42.825278,-0.8534466041550033,-56.96222076155835,32.38,58.34,1028.53,10.78,4.41,772.69,0.553,1
2026-01-27 10:21:42.825278,-10.812867952274694,-36.17056154342152,31.43,43.71,1018.85,16.81,6.66,828.99,0.599,1
2026-01-27 11:21:42.825278,-25.71989475867902,-38.78530857422805,29.64,29.54,1005.62,36.69,4.53,540.02,0.709,1
2026-01-27 12:21:42.825278,-29.862473750222378,-47.613520177426395,29.49,52.18,1006.85,1.64,2.7,343.14,0.447,0
2026-01-27 13:21:42.825278,-7.349415360556492,-37.064353679887475,30.5,79.91,1018.91,2.08,2.31,706.31,0.665,0
2026-01-27 14:21:42.825278,-7.615616076794108,-43.4058315969575,24.75,57.96,1020.05,11.52,18.4,842.24,0.299,1
2026-01-27 15:21:42.825278,0.5478713777804991,-40.075308631025365,22.01,38.03,1012.53,4.36,8.54,848.9,0.474,1
2026-01-27 16:21:42.825278,3.2484253266271423,-39.85907686812705,35.55,49.33,999.68,0.61,3.9,567.54,0.507,1
2026-01-27 17:21:42.825278,-22.77203922745756,-35.754480368973994,30.0,56.58,1011.21,44.98,1.2,342.34,0.628,1
2026-01-27 18:21:42.825278,-27.718251923535814,-58.75193785841552,27.46,92.21,1000.73,47.6,19.33,324.51,0.674,1
2026-01-27 19:21:42.825278,-18.81231903443313,-50.47226684979293,30.08,90.75,1028.97,11.83,4.1,949.55,0.455,0
2026-01-27 20:21:42.825278,-20.565340736163918,-57.49576684406675,21.27,25.9,1024.63,1.38,1.54,318.27,0.599,1
2026-01-27 21:21:42.825278,3.2599417559669916,-35.03124914021708,33.32,30.98,1000.91,35.18,52.64,868.37,0.657,1
2026-01-27 22:21:42.825278,-2.638894941465395,-51.11650729451132,35.24,65.38,1001.2,4.77,18.87,575.58,0.738,1
2026-01-27 23:21:42.825278,-11.306440846994708,-54.54326292866535,18.82,50.17,1004.48,12.57,2.53,640.5,0.681,0
2026-01-28 00:21:42.825278,-27.942139420937703,-41.76833985408416,35.06,33.75,1018.44,26.62,21.05,349.19,0.382,1
2026-01-28 01:21:42.825278,-13.75067528999211,-36.82062905660028,20.72,59.73,998.72,2.03,3.39,719.02,0.352,0
2026-01-28 02:21:42.825278,3.232340110870659,-35.081655742640464,35.98,26.49,1002.32,4.16,4.12,951.9,0.594,1
2026-01-28 03:21:42.825278,-21.15400659380414,-52.21485887387805,25.15,100.0,1008.98,15.17,4.23,759.99,0.397,0
2026-01-28 04:21:42.825278,-25.553030712481398,-57.40315524302974,22.4,73.47,1009.04,10.74,9.86,303.32,0.849,0
2026-01-28 05:21:42.825278,-5.008098427058993,-52.684681814413366,35.67,46.97,989.6,6.61,33.56,573.57,0.63,1
2026-01-28 06:21:42.825278,-29.804204544134567,-58.930418293818306,25.22,53.86,1025.72,24.02,1.94,669.17,0.59,0
2026-01-28 07:21:42.825278,-1.6427952673832564,-39.02195992234588,12.87,60.4,1022.7,21.33,0.95,367.95,0.631,0
2026-01-28 08:21:42.825278,-14.889909024068611,-44.148737292332015,23.44,45.8,1013.56,35.13,9.07,458.65,0.657,1
2026-01-28 09:21:42.825278,-4.980040902985682,-41.797387690806445,17.39,76.6,1016.47,36.74,6.92,996.23,0.359,1
2026-01-28 10:21:42.825278,-1.3625799520337907,-59.85869737897038,34.47,58.28,1010.44,2.56,4.02,373.42,0.457,1
2026-01-28 11:21:42.825278,-16.92875241225473,-35.17073026004168,21.41,51.02,1007.13,4.95,5.8,389.81,0.622,0
2026-01-28 12:21:42.825278,-3.518202416851917,-52.26117076493373,29.35,72.14,1028.93,30.66,2.75,594.25,0.652,0
2026-01-28 13:21:42.825278,-24.234063657285482,-58.94623957592665,26.88,87.83,1009.45,26.59,20.16,481.77,0.566,1
2026-01-28 14:21:42.825278,-9.395885898239438,-40.54010964116971,28.19,56.76,1015.97,72.35,0.52,784.96,0.672,1
2026-01-28 15:21:42.825278,0.8262001975966307,-41.05855958492569,26.01,39.86,1014.02,13.67,3.53,768.86,0.7,1
2026-01-28 16:21:42.825278,1.871437758041182,-59.6292459392073,25.63,66.18,1029.09,78.05,4.06,904.48,0.772,1
2026-01-28 17:21:42.825278,-1.1036964622342111,-36.580651261924956,19.0,53.54,1028.03,18.14,15.52,378.95,0.54,1
2026-01-28 18:21:42.825278,-24.059679608824446,-59.996056385548584,24.46,66.62,1002.29,14.79,4.06,465.37,0.47,0
2026-01-28 19:21:42.825278,-25.66212820074462,-47.51971241166833,28.94,34.82,999.94,1.25,18.09,519.83,0.623,1
2026-01-28 20:21:42.825278,-27.723391479200078,-35.62818666421892,23.23,94.93,1024.33,27.25,5.2,795.5,0.506,0
2026-01-28 21:21:42.825278,2.429499029964333,-44.91730304027642,27.81,72.74,1006.3,31.17,2.1,778.74,0.471,0
2026-01-28 22:21:42.825278,-29.855549586388864,-59.47437981950994,18.48,55.85,1019.48,1.45,1.42,974.98,0.31,0
2026-01-28 23:21:42.825278,-2.2722178464624996,-49.598244111168,25.44,59.3,1001.11,1.71,1.1,750.57,0.469,0
2026-01-29 00:21:42.825278,2.3614386316540177,-39.34355676669827,20.65,42.14,1032.81,90.3,1.13,719.16,0.572,1
2026-01-29 01:21:42.825278,-0.8720975773633057,-38.84128050333942,26.5,65.84,1013.38,12.88,19.61,473.97,0.428,1
2026-01-29 02:21:42.825278,-10.815797725636354,-48.67463124049529,33.18,43.4,1008.62,8.81,7.8,535.36,0.573,1
2026-01-29 03:21:42.825278,-14.3360217586804,-37.07445720298609,27.35,24.84,1008.99,2.75,0.03,475.01,0.566,1
2026-01-29 04:21:42.825278,-16.28952827290876,-45.26820596907283,23.2,48.95,1007.42,50.22,3.05,783.22,0.425,1
2026-01-29 05:21:42.825278,-21.518456599119133,-40.65801633801873,29.38,75.63,1012.63,10.08,16.31,718.62,0.542,1
2026-01-29 06:21:42.825278,3.59420334896069,-51.77158236109799,31.22,35.01,1029.2,34.75,29.27,315.26,0.413,1
2026-01-29 07:21:42.825278,-3.780954734094525,-45.870668594401565,27.43,22.83,1005.91,12.56,3.31,698.9,0.868,1
2026-01-29 08:21:42.825278,0.6896720953939202,-46.41140213376395,31.5,51.3,995.09,17.58,3.54,699.5,0.518,1
2026-01-29 09:21:42.825278,-4.574552466240416,-57.61159480909407,35.17,64.19,1011.46,29.75,1.39,483.29,0.308,1
2026-01-29 10:21:42.825278,-7.2372053826594005,-41.07513101275861,28.4,93.3,1008.79,2.38,6.65,888.09,0.92,0
2026-01-29 11:21:42.825278,2.56967094624504,-49.291430139125985,33.94,51.93,1021.95,11.22,4.29,826.27,0.5,1
2026-01-29 12:21:42.825278,-23.372532031176725,-46.303229734069504,39.09,83.81,1009.59,17.77,6.68,577.15,0.741,1
2026-01-29 13:21:42.825278,-20.443992151344922,-53.88731256638937,41.03,36.22,1017.3,3.51,16.51,795.67,0.796,1
2026-01-29 14:21:42.825278,-15.759756236124506,-53.45061089303706,32.92,50.65,1002.42,10.01,1.65,833.34,0.616,1
2026-01-29 15:21:42.825278,-20.637084992614668,-39.49851585634366,24.56,88.17,1010.49,28.0,11.42,537.04,0.139,0
2026-01-29 16:21:42.825278,-9.17610749304854,-35.65148541066857,31.33,55.47,1006.83,17.11,2.55,1011.53,0.435,1
2026-01-29 17:21:42.825278,-26.00823958031104,-51.308206463277216,25.99,71.42,1028.69,1.95,15.3,734.6,0.571,1
2026-01-29 18:21:42.825278,-6.543508640607737,-55.62062840739547,40.94,52.39,1007.49,10.1,5.35,549.0,0.631,1
2026-01-29 19:21:42.825278,-9.135167840621282,-52.638397528971,22.93,38.36,1007.94,8.51,7.91,374.13,0.604,1
2026-01-29 20:21:42.825278,-17.966212805943666,-44.64922003878374,30.45,71.62,987.29,8.18,16.92,793.73,0.8,1
2026-01-29 21:21:42.825278,-28.670075694334024,-44.86176812771819,34.82,40.54,1011.55,5.86,17.68,254.45,0.804,1
2026-01-29 22:21:42.825278,-27.456124545571615,-42.14696181494236,33.14,90.49,978.38,16.19,2.13,728.17,0.576,1
2026-01-29 23:21:42.825278,-19.10826444759682,-48.75800372787107,31.81,50.99,1016.88,6.24,9.1,834.87,0.42,1
2026-01-30 00:21:42.825278,-25.434127948792373,-40.93284573863478,29.09,77.84,997.28,17.27,5.69,527.62,0.377,0
2026-01-30 01:21:42.825278,-12.810066080286827,-42.93802334407845,40.24,54.04,1003.7,1.41,0.61,637.72,0.269,1
2026-01-30 02:21:42.825278,-2.5328987593023733,-47.86260272085319,24.33,55.19,991.59,17.18,30.24,717.33,0.507,1
2026-01-30 03:21:42.825278,-13.441691166521885,-35.78465461635176,26.24,66.3,1014.58,7.31,38.67,852.22,0.685,1
2026-01-30 04:21:42.825278,-2.8351208707967253,-46.62315625551963,30.52,86.1,1019.28,13.73,13.87,318.45,0.54,0
2026-01-30 05:21:42.825278,-3.281326254552411,-57.50592489904666,29.69,48.16,1027.29,0.72,3.61,483.51,0.604,0
2026-01-30 06:21:42.825278,2.34120723505891,-58.05818966817903,29.12,67.77,999.67,24.3,7.36,361.79,0.345,0
2026-01-30 07:21:42.825278,-12.926528136734035,-35.253312899052666,37.54,52.05,995.39,6.21,11.59,509.63,0.748,1
2026-01-30 08:21:42.825278,-27.1513389178456,-59.7141830831949,16.7,29.53,1011.78,5.33,17.75,702.79,1.0,1
2026-01-30 09:21:42.825278,-26.651595135012556,-50.42708981675565,26.63,62.48,1019.38,7.6,7.86,605.72,0.639,0
2026-01-30 10:21:42.825278,-12.320914853526396,-36.03273365220612,31.25,43.82,1030.69,7.79,3.01,828.67,0.341,1
2026-01-30 11:21:42.825278,-15.312083929934822,-55.29563384867705,32.07,69.09,1011.21,2.72,7.08,757.07,0.427,1
2026-01-30 12:21:42.825278,-2.5703953933658674,-57.1848212740172,28.62,60.48,1002.99,3.76,5.55,596.08,0.457,0
2026-01-30 13:21:42.825278,-6.909396370873502,-51.910559899012206,30.33,85.39,997.06,11.33,13.37,725.33,0.451,0
2026-01-30 14:21:42.825278,-27.75176631799027,-55.148652993859876,33.54,68.12,1002.23,13.87,1.9,440.26,0.664,1
2026-01-30 15:21:42.825278,-24.914790081197644,-48.4042567045842,31.91,46.36,1025.83,18.05,0.41,456.38,0.617,1
2026-01-30 16:21:42.825278,-0.9295836209942046,-51.11376341048804,32.64,50.09,1010.48,8.32,2.68,550.8,0.59,1
2026-01-30 17:21:42.825278,-27.762689253282144,-42.13281376412615,29.95,78.66,1012.76,6.76,6.83,0.0,0.607,0
2026-01-30 18:21:42.825278,-14.036311016897558,-54.85926311169297,26.19,91.75,1016.8,19.6,16.4,679.85,0.458,1
2026-01-30 19:21:42.825278,-8.99566210211762,-56.09346650471611,34.43,29.05,1014.45,24.51,6.01,368.3,0.43,1
2026-01-30 20:21:42.825278,4.954446864445039,-58.20723697787668,32.94,66.71,1014.16,27.33,3.65,477.9,0.54,1
2026-01-30 21:21:42.825278,-24.73430072293743,-48.35083129534658,30.25,78.68,1018.04,11.05,7.2,798.06,0.288,0
2026-01-30 22:21:42.825278,4.5090180382620275,-58.77366068530515,28.94,79.53,987.13,3.61,2.24,613.11,0.627,0
2026-01-30 23:21:42.825278,1.9635966820910618,-54.200788696055355,34.72,62.29,1012.02,21.37,2.95,703.14,0.629,1
2026-01-31 00:21:42.825278,-29.460469187321127,-39.57848798647444,23.16,50.82,1009.89,9.96,2.73,373.86,0.655,0
2026-01-31 01:21:42.825278,4.653842430722101,-40.55521048950774,24.08,39.62,1002.22,4.42,1.18,1039.79,0.761,1
2026-01-31 02:21:42.825278,-5.307406876790196,-42.9946657266583,22.01,35.55,998.72,4.3,3.75,890.21,0.464,1
2026-01-31 03:21:42.825278,-0.9451384203171251,-38.672215271074094,26.57,43.44,1020.23,9.0,0.53,773.62,0.422,0
2026-01-31 04:21:42.825278,-1.846124357967934,-54.82287937780724,22.85,52.3,1018.67,26.11,14.66,1019.74,0.656,0
2026-01-31 05:21:42.825278,-16.8484228268613,-35.43793372347233,21.56,66.43,1013.4,4.05,15.96,660.55,0.304,1
2026-01-31 06:21:42.825278,-2.2504413157007335,-49.1839379848991,29.91,59.58,1034.75,1.01,14.77,405.05,0.328,0
2026-01-31 07:21:42.825278,-29.43406610159181,-45.2082794851624,38.28,36.02,1017.37,3.83,8.47,624.75,0.483,1
2026-01-31 08:21:42.825278,-24.769883425029334,-45.49559075508665,35.51,78.32,1007.64,1.48,4.44,611.04,0.461,1
2026-01-31 09:21:42.825278,-8.80504041371244,-43.003178151320625,26.38,78.69,1016.44,11.99,1.16,824.69,0.298,0
2026-01-31 10:21:42.825278,-8.540730919045405,-46.724921756425935,34.37,88.28,1014.62,27.14,2.29,824.23,0.681,1
2026-01-31 11:21:42.825278,-16.499368523505836,-40.52239531653383,29.74,56.26,1013.15,15.68,1.12,340.59,0.759,0
2026-01-31 12:21:42.825278,-28.778294932441174,-46.458962304173674,22.99,55.31,1020.26,4.39,2.45,748.59,0.681,0
2026-01-31 13:21:42.825278,3.1770977627073975,-42.07906983165243,23.67,66.24,1022.3,8.83,4.44,547.86,0.91,0
2026-01-31 14:21:42.825278,-10.67247261808797,-46.05846880943959,26.84,24.36,983.88,30.93,4.8,539.47,0.724,1
2026-01-31 15:21:42.825278,0.318176800062286,-37.73944490552087,29.36,42.2,1000.47,43.22,8.38,720.54,0.343,1
2026-01-31 16:21:42.825278,-4.260509107254894,-38.508902235865094,21.58,44.31,1020.26,15.41,10.72,607.79,0.453,0
2026-01-31 17:21:42.825278,-27.7531579900765,-46.55192421830286,27.94,41.75,1020.42,23.04,13.31,922.76,0.442,0
2026-01-31 18:21:42.825278,-15.858951738503904,-43.0412342636245,21.92,24.8,1006.65,21.28,19.92,559.33,0.311,1
2026-01-31 19:21:42.825278,-20.021517521595207,-48.623707379796535,25.64,40.38,1002.75,23.97,0.06,908.05,0.588,0
2026-01-31 20:21:42.825278,-20.682009978888615,-44.917712234699565,35.17,86.02,988.02,32.53,11.37,523.04,0.414,1
2026-01-31 21:21:42.825278,-27.48673590940858,-57.6431005525266,26.17,48.05,1013.33,7.4,11.19,830.15,0.394,0
2026-01-31 22:21:42.825278,-3.908653662753064,-53.85432168416959,33.53,77.03,996.21,13.26,20.35,566.13,0.335,1
2026-01-31 23:21:42.825278,-6.103507634326803,-49.31992431795413,30.75,90.9,1019.25,13.02,13.46,787.78,0.846,0
2026-02-01 00:21:42.825278,-24.7222514458677,-39.10127222721079,17.77,58.34,1021.88,2.73,16.77,820.21,0.651,1
2026-02-01 01:21:42.825278,-14.00568741301983,-51.79319266104622,24.75,53.91,1008.24,19.52,6.4,672.24,0.507,0
2026-02-01 02:21:42.825278,-5.084127016974879,-58.53922522863562,23.03,62.4,1017.41,30.03,14.11,687.74,0.196,0
2026-02-01 03:21:42.825278,-22.377030970925244,-51.81999944902677,31.82,37.91,1017.2,5.39,5.05,736.05,0.262,1
2026-02-01 04:21:42.825278,2.311160995971548,-41.29776585742184,33.31,95.63,995.62,40.52,2.29,640.55,0.593,1
2026-02-01 05:21:42.825278,-23.853456298409178,-50.7026000114706,25.88,79.76,1017.51,8.41,16.61,531.77,0.334,1
2026-02-01 06:21:42.825278,-24.724205243909108,-44.48602011452503,39.09,33.85,1015.28,17.78,21.9,932.03,0.356,1
2026-02-01 07:21:42.825278,-4.88038234017321,-44.717362073615334,19.71,51.22,998.33,11.35,4.35,629.54,0.87,0
2026-02-01 08:21:42.825278,-6.197864009260719,-37.56793319661195,25.6,48.34,1028.87,0.66,33.09,686.13,0.129,1
2026-02-01 09:21:42.825278,-19.754644675607985,-55.64108230872821,23.96,71.26,1010.71,31.25,5.25,524.64,0.923,0
2026-02-01 10:21:42.825278,-10.444680712560665,-58.548841574537406,26.31,62.47,1017.34,4.87,3.13,728.09,1.0,0
2026-02-01 11:21:42.825278,-19.942621839030114,-45.18783988420188,25.1,54.41,1010.47,0.05,0.85,735.11,0.006,0
2026-02-01 12:21:42.825278,-24.860314082430087,-46.224216182996074,29.95,39.27,1001.73,7.82,1.52,600.75,0.311,1
2026-02-01 13:21:42.825278,-19.479310702667856,-43.58445126317177,17.0,56.43,1021.03,3.85,2.53,690.72,0.774,0
2026-02-01 14:21:42.825278,-14.074613869256495,-56.25908196227683,17.61,52.14,1012.41,4.59,4.23,496.17,0.565,0
2026-02-01 15:21:42.825278,-18.302464732023406,-54.802791147375075,34.33,70.05,1026.55,11.36,1.96,700.96,0.53,1
2026-02-01 16:21:42.825278,-11.7968521837958,-49.98251796891868,37.12,62.33,999.63,15.83,8.75,557.64,0.678,1
2026-02-01 17:21:42.825278,-17.008905775881043,-58.11612759427771,30.14,58.44,1018.59,17.57,8.78,394.51,0.595,0
2026-02-01 18:21:42.825278,-3.5699932459350485,-39.90620064239796,24.22,100.0,996.67,55.29,12.25,455.03,0.597,1
2026-02-01 19:21:42.825278,-24.142136424567205,-35.5385831953929,40.7,43.28,1008.81,12.25,16.57,589.77,0.663,1
2026-02-01 20:21:42.825278,-28.635967261105193,-38.80524324092814,29.64,80.61,1027.5,27.78,17.67,705.26,0.648,1
2026-02-01 21:21:42.825278,4.865139082666843,-57.086384750034185,28.33,59.99,1026.36,8.83,7.6,651.8,0.412,0
2026-02-01 22:21:42.825278,0.48116995093333514,-54.66346209652578,32.02,57.76,989.04,10.45,5.86,476.29,0.787,1
2026-02-01 23:21:42.825278,-14.176422798249002,-39.56297662274649,31.13,18.77,1017.16,19.31,10.12,530.72,0.567,1
2026-02-02 00:21:42.825278,-24.05409936937113,-52.86755697774429,33.73,36.05,1001.27,13.51,1.95,451.28,0.782,1
2026-02-02 01:21:42.825278,-8.445463695256748,-52.69176210393417,26.89,93.71,1004.25,65.19,17.89,563.86,0.653,1
2026-02-02 02:21:42.825278,-27.87307560613157,-54.07129816908744,37.73,49.6,996.01,12.59,20.85,763.66,0.438,1
2026-02-02 03:21:42.825278,4.3792596474493735,-42.284489989121724,33.97,70.56,1002.78,3.65,5.73,773.46,0.498,1
2026-02-02 04:21:42.825278,3.0706474668690475,-59.84678381715798,25.39,59.34,1012.48,1.4,0.93,811.09,0.668,0
2026-02-02 05:21:42.825278,-5.7481796951171695,-38.30952834527169,27.06,51.47,1010.5,65.92,0.14,623.32,0.651,1
2026-02-02 06:21:42.825278,-29.646835824234145,-42.77106920688729,25.8,52.19,1035.63,24.21,1.6,819.15,0.574,0
2026-02-02 07:21:42.825278,-0.353357839530581,-46.49835711789571,30.35,66.91,1011.25,15.71,16.13,671.87,0.613,1
2026-02-02 08:21:42.825278,-10.787146251846377,-59.91222872723373,24.48,44.98,1000.02,9.82,0.83,399.44,0.571,0
2026-02-02 09:21:42.825278,-11.19328113049228,-48.89639494449701,26.37,81.73,1017.35,10.05,8.2,989.77,0.357,0
2026-02-02 10:21:42.825278,-23.802517732942107,-45.98694537762275,28.09,67.72,1010.14,120.0,6.93,778.5,0.57,1
2026-02-02 11:21:42.825278,-20.389955651214116,-59.18796694910263,24.87,48.66,1021.73,28.66,2.72,870.09,0.216,0
2026-02-02 12:21:42.825278,-8.650647751493494,-45.98816294566245,29.51,71.98,1024.44,3.6,6.29,600.41,0.578,0
2026-02-02 13:21:42.825278,-1.406104233379331,-43.660981861370175,30.99,44.5,1005.61,11.91,9.68,686.01,0.537,0
2026-02-02 14:21:42.825278,-5.676138878795367,-49.9668639014694,24.83,37.45,1006.59,4.13,2.87,289.69,0.673,1
2026-02-02 15:21:42.825278,-5.059771986345872,-44.126212105975455,23.96,75.62,1009.42,62.84,1.53,675.4,0.245,1
2026-02-02 16:21:42.825278,-26.806230075121416,-49.08879002942218,32.17,100.0,1018.0,57.41,1.85,291.59,0.478,1
2026-02-02 17:21:42.825278,-27.675425843149778,-46.204294394410375,28.73,64.91,997.09,21.87,1.81,467.18,0.658,0
2026-02-02 18:21:42.825278,-8.528990067906001,-49.70100800260503,23.35,55.53,1015.97,51.99,7.55,548.24,0.742,1
2026-02-02 19:21:42.825278,-20.801500390647043,-58.86925922699463,32.75,56.56,1010.24,44.35,1.21,1072.84,0.74,1
2026-02-02 20:21:42.825278,-10.977868980197819,-57.5235891446003,25.99,57.29,997.25,14.84,9.44,575.85,0.052,0
2026-02-02 21:21:42.825278,-16.443330270015764,-38.9577057975749,35.3,74.35,1001.69,25.5,4.35,601.09,0.176,1
2026-02-02 22:21:42.825278,-26.737512593755554,-58.85174919427275,27.62,58.43,1026.38,4.84,21.89,652.58,0.466,1
2026-02-02 23:21:42.825278,-27.456063114908194,-45.77953170583763,34.27,83.1,1014.32,99.35,5.68,457.28,0.444,1
2026-02-03 00:21:42.825278,-29.832006131392024,-47.27215768777802,35.63,64.35,1022.26,17.8,14.68,651.69,0.553,1
2026-02-03 01:21:42.825278,-6.369965094465307,-55.744174189041736,27.92,59.2,1005.98,6.77,8.75,573.95,0.756,0
2026-02-03 02:21:42.825278,-15.058426943700699,-35.45205538746465,29.51,63.59,993.8,9.55,10.07,587.13,0.486,0
2026-02-03 03:21:42.825278,-28.367743483844336,-49.19130654154671,24.75,69.73,1014.37,4.87,9.46,588.74,0.505,0
2026-02-03 04:21:42.825278,-24.81011117364294,-42.449108287946444,33.49,83.73,1000.13,15.65,5.29,561.64,0.464,1
2026-02-03 05:21:42.825278,-18.147610685973607,-52.66303556602464,38.07,46.27,1001.85,1.79,3.41,502.52,0.782,1
2026-02-03 06:21:42.825278,-6.611704405792967,-42.07789561006807,31.14,61.85,1006.04,3.41,7.36,478.43,0.351,1
2026-02-03 07:21:42.825278,-11.117269910549659,-42.72698574822012,34.92,82.13,1009.05,26.58,0.53,409.22,0.672,1
2026-02-03 08:21:42.825278,-10.486860736645365,-36.07778893417584,26.55,79.24,1000.17,13.69,0.97,510.72,0.332,0
2026-02-03 09:21:42.825278,3.9926576486273717,-41.818942010750526,23.89,45.88,1008.87,13.09,1.92,874.51,0.577,0
2026-02-03 10:21:42.825278,-8.44726067645151,-44.155289511374946,32.67,61.49,1012.27,6.57,4.92,787.48,0.648,1
2026-02-03 11:21:42.825278,-12.496768247621837,-57.417488054668006,21.21,58.1,995.06,39.34,6.68,446.9,0.804,1
2026-02-03 12:21:42.825278,-10.0006012434518,-48.815504434048314,25.53,62.91,989.3,7.11,25.94,638.82,0.437,1
2026-02-03 13:21:42.825278,-12.153759849419487,-38.42432629625941,22.32,90.82,1005.68,34.93,2.97,357.86,0.307,0
2026-02-03 14:21:42.825278,-0.8500466983727613,-58.89132845115997,34.58,36.56,990.17,13.98,1.76,986.33,0.564,1
2026-02-03 15:21:42.825278,1.5416192684110577,-53.47912092990059,11.14,67.09,1022.84,0.37,10.32,580.25,0.693,0
2026-02-03 16:21:42.825278,-20.99060694311531,-50.46397294735978,20.21,30.76,1024.12,3.23,14.97,377.38,0.529,1
2026-02-03 17:21:42.825278,-0.15445121525083394,-53.82137324924267,36.18,60.75,1010.18,11.02,6.7,882.04,0.681,1
2026-02-03 18:21:42.825278,-27.066704827949252,-55.98211037771236,25.12,92.59,989.82,16.83,1.64,556.08,0.327,0
2026-02-03 19:21:42.825278,-27.766088785160022,-51.74105778252348,30.6,67.77,1008.78,1.02,1.55,454.05,1.0,0
2026-02-03 20:21:42.825278,-28.395179356885446,-59.81868929962139,25.08,15.65,1001.89,18.85,17.15,421.89,0.63,1
2026-02-03 21:21:42.825278,-25.745517966860582,-54.62519441029022,25.78,58.38,1022.02,1.46,25.7,710.49,0.65,1
2026-02-03 22:21:42.825278,2.6715477181645255,-54.4967644791059,31.0,77.69,1015.46,7.66,11.91,714.59,0.379,0
2026-02-03 23:21:42.825278,-26.223299897195837,-36.62308460048828,20.88,63.66,989.76,8.94,25.74,854.24,0.416,1
2026-02-04 00:21:42.825278,-0.06043458790869849,-49.109837562975855,36.3,46.4,1014.18,4.64,17.54,703.0,0.806,1
2026-02-04 01:21:42.825278,-0.8997533247551139,-55.29013081498769,16.66,69.14,1028.23,40.29,1.51,865.68,0.493,1
2026-02-04 02:21:42.825278,-29.326890379013395,-57.194965830858926,35.8,45.72,1023.17,13.59,14.83,975.89,0.484,1
2026-02-04 03:21:42.825278,-24.559169774523994,-45.10146010673239,18.83,44.14,997.71,11.47,0.22,699.25,0.43,0
2026-02-04 04:21:42.825278,-14.986050674887247,-38.380244450002614,23.27,64.53,1035.56,4.88,4.6,710.33,0.506,0
2026-02-04 05:21:42.825278,-20.706253803518326,-48.86415811784924,29.41,42.99,1029.45,47.29,0.79,908.12,0.373,1
2026-02-04 06:21:42.825278,-22.090463201847765,-43.589671644258175,36.43,64.9,1023.4,12.3,23.31,341.28,0.72,1
2026-02-04 07:21:42.825278,-28.377635569800216,-46.258258274907725,33.49,75.59,1011.28,5.36,2.52,384.11,0.448,1
2026-02-04 08:21:42.825278,-25.47856287669377,-38.564628833729984,34.62,63.56,1005.64,14.28,0.7,794.87,0.514,1
2026-02-04 09:21:42.825278,-16.22133356388425,-52.43111573455117,32.67,27.24,1008.88,8.46,12.87,558.08,0.724,1
2026-02-04 10:21:42.825278,-13.584494930652422,-38.15450559299869,32.11,38.46,1028.54,35.31,0.86,1036.77,0.654,1
2026-02-04 11:21:42.825278,-1.6048901118886079,-54.58892291470821,15.49,51.57,1027.27,3.77,11.38,655.81,0.371,0
2026-02-04 12:21:42.825278,-27.764347564833905,-51.08955362105531,35.05,100.0,994.83,4.63,4.87,303.82,0.559,1
2026-02-04 13:21:42.825278,-11.17567618977423,-40.482050107336946,32.49,56.14,988.26,62.33,8.92,765.01,0.408,1
2026-02-04 14:21:42.825278,-19.66180486557844,-59.46527883312301,25.39,30.44,984.5,14.57,2.23,450.47,0.446,1
2026-02-04 15:21:42.825278,-13.463888490111835,-47.709666378991734,24.77,90.17,1000.0,4.67,4.4,824.95,0.579,0
2026-02-04 16:21:42.825278,-18.587532418550683,-56.661043353412914,38.07,58.54,1009.82,0.32,0.27,480.55,0.171,1
2026-02-04 17:21:42.825278,-0.421244534810576,-44.94614234683864,27.04,15.03,998.5,12.38,0.33,623.89,0.526,1
2026-02-04 18:21:42.825278,-24.974788779299168,-43.47432354414082,33.6,68.67,1008.16,17.08,9.33,938.16,0.0,1
2026-02-04 19:21:42.825278,-7.421589402507138,-46.063136275608656,37.47,84.75,1030.94,22.86,8.24,1008.94,0.593,1
2026-02-04 20:21:42.825278,-14.268131218510018,-53.95821935068497,30.34,61.5,997.04,4.06,0.59,356.41,0.402,0
2026-02-04 21:21:42.825278,-8.688329863948674,-42.80567411136296,32.85,81.15,1011.03,10.56,2.68,603.42,0.451,1
2026-02-04 22:21:42.825278,4.029093060959873,-46.037096170979375,33.12,54.44,989.15,51.01,15.15,563.08,0.559,1
2026-02-04 23:21:42.825278,-2.369656041459077,-55.5161660183862,35.34,65.8,1012.53,6.19,12.65,546.47,0.548,1
2026-02-05 00:21:42.825278,-3.2943210764516415,-55.78577139019718,23.72,64.53,1010.8,4.62,1.11,688.69,0.569,0
2026-02-05 01:21:42.825278,-4.041868894866898,-47.51488596549389,29.21,40.19,1011.23,14.77,2.27,449.26,0.494,0
2026-02-05 02:21:42.825278,-2.5133908101425604,-56.9486558229671,24.68,48.09,1029.23,6.79,0.71,701.22,0.879,0
2026-02-05 03:21:42.825278,-22.241765491941408,-54.501886299015645,26.59,49.02,1004.87,7.49,3.06,500.72,0.668,0
2026-02-05 04:21:42.825278,1.8333945776815348,-39.30324051234565,25.71,55.86,1027.24,1.8,3.07,883.1,0.377,0
2026-02-05 05:21:42.825278,-27.242627514863,-53.07745775647656,32.16,43.73,1002.76,3.85,6.84,829.08,0.443,1
2026-02-05 06:21:42.825278,-23.56184037534156,-48.38432322828639,27.93,53.43,1011.4,1.63,7.18,914.91,0.408,0
2026-02-05 07:21:42.825278,-10.112708072437822,-39.6447275404283,31.57,73.77,1019.32,38.06,22.2,905.43,0.16,1
2026-02-05 08:21:42.825278,-2.32691658840362,-42.571504651355426,19.97,42.29,1001.79,22.23,0.71,518.82,0.723,0
2026-02-05 09:21:42.825278,-21.221855362468624,-53.67915542087097,34.49,86.32,1019.76,37.65,15.29,664.92,0.645,1
2026-02-05 10:21:42.825278,1.8029446469125858,-39.78716816848973,27.82,70.49,1007.97,9.07,2.53,698.38,0.415,0
2026-02-05 11:21:42.825278,-1.798265860994757,-59.76894213547305,25.75,41.47,1005.6,16.01,2.35,635.15,0.209,0
2026-02-05 12:21:42.825278,-7.155883623067602,-56.967382385870906,24.74,46.06,1011.1,16.45,2.21,711.85,0.39,0
2026-02-05 13:21:42.825278,-28.784024892718556,-48.281661829463495,27.89,39.53,1008.57,20.94,39.59,942.56,0.278,1
2026-02-05 14:21:42.825278,3.704157982756996,-39.21162568882812,38.15,54.81,1012.42,5.89,1.41,454.39,0.341,1
2026-02-05 15:21:42.825278,-5.535521213893006,-48.59399889866661,26.75,36.68,1013.23,2.71,7.01,773.63,0.47,1
2026-02-05 16:21:42.825278,-27.470479571066708,-38.10285696582622,13.05,73.2,998.6,6.57,17.29,461.4,0.734,1
2026-02-05 17:21:42.825278,-2.0437797866799734,-53.57213342489638,35.26,44.89,1038.8,27.46,2.96,801.88,0.613,1
2026-02-05 18:21:42.825278,-15.924733333177494,-58.33444781581346,15.08,64.49,1016.2,11.97,5.02,674.03,0.4,0
2026-02-05 19:21:42.825278,-21.127283387624487,-37.025516862490036,29.75,72.7,999.69,26.02,14.65,717.96,0.514,0
2026-02-05 20:21:42.825278,-10.646858724773764,-42.58652444030268,22.19,64.97,1021.03,17.35,14.57,544.14,0.082,0
2026-02-05 21:21:42.825278,2.264592484172475,-59.09369206213013,29.8,51.88,1018.45,34.0,1.2,819.96,0.589,0
2026-02-05 22:21:42.825278,-13.426112358538834,-41.33583315491518,31.75,76.1,1010.83,3.42,0.39,790.18,0.431,1
2026-02-05 23:21:42.825278,-10.471794049793182,-55.3763665697067,25.46,66.51,1026.15,7.98,17.97,437.93,0.637,1
2026-02-06 00:21:42.825278,-6.232581535806101,-40.915468505410935,34.51,55.76,1006.4,1.77,1.89,517.36,0.591,1
2026-02-06 01:21:42.825278,-27.266160893709532,-49.31462199530726,27.22,78.83,1012.92,109.32,11.2,618.6,0.401,1
2026-02-06 02:21:42.825278,-7.3690950669135376,-51.232037263643726,31.33,27.52,1021.16,59.81,21.36,816.05,0.575,1
2026-02-06 03:21:42.825278,-22.850635636826805,-46.369107041860644,37.59,67.3,1014.94,28.07,1.74,349.82,0.748,1
2026-02-06 04:21:42.825278,-29.677801641327495,-54.994476605283346,22.73,40.3,1010.63,0.17,2.67,727.94,0.583,0
2026-02-06 05:21:42.825278,-23.37282967295495,-50.968930148974735,23.54,55.51,1024.9,44.52,5.51,911.97,0.432,1
2026-02-06 06:21:42.825278,-27.438871543119927,-57.76304042543956,26.88,100.0,1029.33,12.5,31.97,348.97,0.715,1
2026-02-06 07:21:42.825278,-20.708437125082288,-54.781436664290254,23.53,48.56,1021.78,7.77,1.95,327.98,0.751,0
2026-02-06 08:21:42.825278,-6.991243617686788,-59.60881705144835,35.63,53.46,1008.42,15.38,11.7,731.58,0.41,1
2026-02-06 09:21:42.825278,-11.660902906000011,-56.628128839798805,18.29,46.89,1014.34,3.79,3.3,438.13,0.862,0
2026-02-06 10:21:42.825278,-6.4572941198670115,-45.28270699091489,31.24,51.4,1027.88,9.38,33.43,644.05,0.0,1
2026-02-06 11:21:42.825278,-3.559116673615975,-37.99271842466425,37.63,58.76,1013.96,28.85,1.89,414.72,0.587,1
2026-02-06 12:21:42.825278,-17.84109233873814,-36.71604081983852,30.23,40.17,1000.41,7.1,6.62,692.61,0.654,0
2026-02-06 13:21:42.825278,4.025477833716245,-54.6310150009382,24.74,56.14,995.93,24.79,2.65,655.92,0.473,0
2026-02-06 14:21:42.825278,3.4810198718557643,-50.21807861482636,30.64,58.5,1025.12,14.89,29.39,824.68,0.681,1
2026-02-06 15:21:42.825278,-5.52173969933726,-41.6221043789901,29.89,39.63,998.97,27.5,2.82,366.26,0.629,1
2026-02-06 16:21:42.825278,-1.4055816716825724,-57.23746621930775,30.18,83.25,1014.16,5.98,3.13,408.22,0.442,0
2026-02-06 17:21:42.825278,4.508658954049608,-59.211634296719396,26.9,36.69,1029.65,18.69,3.52,863.33,0.73,1
2026-02-06 18:21:42.825278,-5.830657586012432,-57.15095046604619,20.34,78.22,1011.11,10.23,5.04,576.32,0.342,0
2026-02-06 19:21:42.825278,-18.96518204136271,-58.48619359396849,34.68,73.11,1033.67,7.74,9.77,300.34,1.0,1
2026-02-06 20:21:42.825278,-12.103640971860575,-44.09129686832359,20.38,79.26,1010.7,18.36,16.5,629.66,0.313,1
2026-02-06 21:21:42.825278,-3.518912559715087,-39.18776313951379,26.05,65.24,1023.2,35.48,0.12,584.89,0.586,1
2026-02-06 22:21:42.825278,-12.627246963679255,-48.18232753409277,32.58,52.19,1006.41,26.78,0.25,462.54,0.751,1
2026-02-06 23:21:42.825278,2.6293743593358556,-38.09258398771288,31.29,76.51,991.29,1.45,2.39,599.5,0.427,1
2026-02-07 00:21:42.825278,0.6315524710555138,-51.32082900814268,16.52,95.55,1017.81,6.32,7.9,642.38,0.417,0
2026-02-07 01:21:42.825278,-12.873420893151742,-39.66641677387229,27.27,69.0,1004.93,23.17,6.66,829.19,0.534,0
2026-02-07 02:21:42.825278,-3.1655761658281136,-39.70144371745487,31.04,82.24,1025.25,46.87,0.19,627.11,0.678,1
2026-02-07 03:21:42.825278,-16.392170836350907,-57.02249855976611,25.7,58.47,992.06,21.76,34.38,804.86,0.0,1
2026-02-07 04:21:42.825278,-11.736450451586052,-46.514141112801596,26.43,60.19,1015.64,4.13,18.01,543.95,0.531,1
2026-02-07 05:21:42.825278,-12.157810435377062,-55.613625745076476,29.09,63.27,1013.55,34.3,4.54,586.34,0.595,0
2026-02-07 06:21:42.825278,-28.591433028326225,-41.16908964228098,35.78,58.41,1014.57,2.96,0.68,632.65,0.797,1
2026-02-07 07:21:42.825278,-13.430260427829403,-39.26783306173715,26.45,42.81,1020.15,53.53,0.5,595.16,0.674,1
2026-02-07 08:21:42.825278,-12.494817089246023,-49.44120318248164,25.24,38.73,1005.36,3.73,5.37,546.73,0.613,1
2026-02-07 09:21:42.825278,1.2622305992794658,-44.08638778558189,36.2,81.89,1026.84,10.74,9.35,520.67,0.707,1
2026-02-07 10:21:42.825278,-3.1188641011071176,-59.68393496499954,32.25,75.51,1034.67,3.04,8.39,652.05,0.977,1
2026-02-07 11:21:42.825278,-24.894580556613636,-55.36941672922655,25.98,47.1,1003.25,4.62,4.02,508.64,0.94,0
2026-02-07 12:21:42.825278,-2.8409131937539165,-42.01828735128463,35.06,96.68,990.74,6.34,1.32,428.62,0.49,1
2026-02-07 13:21:42.825278,-19.266597939040928,-35.96052572402711,25.32,64.39,1012.42,8.39,4.89,471.28,0.44,0
2026-02-07 14:21:42.825278,-24.98923522778473,-36.3730200548042,26.52,37.41,1006.11,2.49,4.88,446.42,0.38,1
2026-02-07 15:21:42.825278,-26.699057198803835,-49.29679873224646,20.15,78.14,1016.87,1.42,4.97,718.49,0.688,0
2026-02-07 16:21:42.825278,-3.382429845396608,-46.920549754012484,30.76,78.27,1013.6,6.37,1.29,771.62,0.62,0
2026-02-07 17:21:42.825278,-1.4922211154313985,-43.87293270083035,30.05,31.5,1000.31,0.15,14.35,691.32,0.405,1
2026-02-07 18:21:42.825278,-12.357376860596908,-46.83276602684122,27.53,49.69,1006.24,0.74,7.59,655.43,0.495,0
2026-02-07 19:21:42.825278,-10.589676496253144,-40.004263648752456,36.07,33.17,1018.46,17.09,7.92,782.2,0.834,1
2026-02-07 20:21:42.825278,3.923474566031331,-55.067792282073285,28.32,72.56,1003.83,8.62,11.74,702.61,0.378,0
2026-02-07 21:21:42.825278,4.854975021235681,-37.56758528666764,28.58,55.47,1019.79,22.88,4.67,417.86,0.801,0
2026-02-07 22:21:42.825278,-18.71042671783561,-49.38915277856052,29.43,54.91,998.68,40.41,5.49,347.35,0.667,1
2026-02-07 23:21:42.825278,1.0354234100746211,-55.76333227778901,28.34,69.58,1011.67,8.38,3.72,613.43,0.518,0
2026-02-08 00:21:42.825278,-4.0893323235406385,-40.74923828246209,31.63,54.39,995.43,39.58,40.12,724.17,0.655,1
2026-02-08 01:21:42.825278,2.018559151774326,-35.665520105622065,13.67,43.31,1003.71,1.51,6.6,643.14,0.508,0
2026-02-08 02:21:42.825278,-27.4315594171797,-49.86935542676665,24.17,38.39,1016.56,4.45,0.6,752.8,0.396,1
2026-02-08 03:21:42.825278,-3.1872000308622574,-48.86763069061974,37.12,47.16,987.68,24.85,18.6,656.19,0.422,1
2026-02-08 04:21:42.825278,-28.850759982064282,-48.289761374391034,26.19,76.83,1014.21,48.97,11.32,759.79,0.504,1
2026-02-08 05:21:42.825278,-16.204034089577284,-55.7473279496981,25.95,5.0,1004.92,56.33,4.55,601.64,0.62,1
2026-02-08 06:21:42.825278,-12.63895370112595,-51.30650544260186,17.92,35.83,1009.75,13.35,32.34,879.73,0.546,1
2026-02-08 07:21:42.825278,-2.9078402568859367,-56.220951045294335,23.72,32.29,1019.12,36.37,3.17,823.0,0.215,1
2026-02-08 08:21:42.825278,-23.575298215803194,-52.87778402742347,17.12,39.35,1040.0,15.05,8.49,759.71,0.402,1
2026-02-08 09:21:42.825278,-3.3717360499123004,-38.73049043423295,25.71,48.45,993.88,12.43,6.1,591.37,0.573,0
2026-02-08 10:21:42.825278,-4.748302104309406,-58.45072482551474,35.72,57.51,998.05,75.64,17.61,620.9,0.457,1
2026-02-08 11:21:42.825278,-23.565399558874578,-36.464720464537464,36.54,83.42,1013.29,7.54,3.27,652.72,0.617,1
2026-02-08 12:21:42.825278,-25.07566016487388,-54.508133050132315,24.44,59.53,983.41,27.2,3.51,451.76,0.387,0
2026-02-08 13:21:42.825278,-4.31476056021063,-35.131157798450715,29.08,64.53,1027.57,11.94,14.42,564.41,0.417,0
2026-02-08 14:21:42.825278,-26.884435634313633,-53.20653708788796,31.32,68.41,1019.1,12.99,9.87,876.67,0.77,1
2026-02-08 15:21:42.825278,-6.29834671081251,-42.554882537639784,25.89,80.17,1013.13,5.23,3.84,642.79,0.857,0
2026-02-08 16:21:42.825278,1.122490469846678,-51.34001700592869,33.06,54.33,1027.8,7.28,2.59,126.44,0.386,1
2026-02-08 17:21:42.825278,0.7745424414018238,-40.51992158087231,30.02,71.92,1000.6,16.61,1.63,536.56,0.236,0
2026-02-08 18:21:42.825278,-5.526504266408416,-44.03191477957485,37.34,63.74,1019.51,27.84,3.25,896.58,0.605,1
2026-02-08 19:21:42.825278,-1.2172770165649318,-46.3430223802429,33.48,64.47,994.19,8.35,9.57,875.55,0.532,1
2026-02-08 20:21:42.825278,-6.267462068732918,-42.8863891742169,30.58,70.17,1017.07,2.65,6.19,287.51,0.584,0
2026-02-08 21:21:42.825278,-7.294734194578304,-50.24510081875244,21.14,81.39,1011.95,2.07,12.55,752.58,0.415,0
2026-02-08 22:21:42.825278,-15.8205874332099,-38.18698707884545,25.48,60.43,1004.91,28.04,1.47,709.16,0.793,0
2026-02-08 23:21:42.825278,3.398097511674756,-50.71415123383169,23.68,51.28,1017.57,29.63,8.57,540.92,0.361,0
2026-02-09 00:21:42.825278,-25.38801889910374,-50.42582472339217,31.39,36.76,1040.0,44.21,5.64,883.27,0.223,1
2026-02-09 01:21:42.825278,-20.588349340348152,-58.599271668777156,43.14,48.2,1010.55,14.39,2.94,450.86,0.57,1
2026-02-09 02:21:42.825278,2.642048800877589,-37.63696891125163,24.73,38.45,1002.35,7.88,2.31,690.64,0.683,1
2026-02-09 03:21:42.825278,2.5754028090888994,-36.68930542552962,43.61,69.55,1000.99,14.03,0.15,587.1,0.731,1
2026-02-09 04:21:42.825278,1.1867715925687143,-45.15812314005245,26.11,86.51,1010.0,11.0,6.4,475.19,0.402,0
2026-02-09 05:21:42.825278,-11.56189784004222,-46.56979551512779,24.24,89.88,1008.03,13.09,7.53,825.91,0.586,0
2026-02-09 06:21:42.825278,-29.391393997609814,-49.87044740497598,26.74,72.17,1016.41,4.0,0.54,644.34,0.852,0
2026-02-09 07:21:42.825278,-0.7467770633757382,-41.53601254710512,10.2,82.94,1011.22,40.71,25.03,687.43,0.747,1
2026-02-09 08:21:42.825278,-14.43880402673647,-40.62875383664752,29.6,93.57,986.51,17.88,8.96,525.8,0.654,0
2026-02-09 09:21:42.825278,-19.852201721816776,-55.332901852142086,25.31,90.96,1004.46,60.58,13.26,668.26,0.399,1
2026-02-09 10:21:42.825278,-19.839588093458797,-39.29862567576818,27.41,26.33,992.64,16.05,4.69,651.38,0.138,1
2026-02-09 11:21:42.825278,-29.407472665106273,-46.94761907713028,23.2,37.92,1000.5,9.0,1.13,1001.35,0.566,1
2026-02-09 12:21:42.825278,-7.943505083089963,-39.90612631077023,34.68,5.0,1008.35,21.77,4.56,885.28,0.847,1
2026-02-09 13:21:42.825278,-23.88070795868261,-51.53535070146066,25.19,47.41,997.21,4.71,6.93,758.67,0.676,0
2026-02-09 14:21:42.825278,-17.242466240792265,-35.28098985264346,18.03,91.0,1018.16,24.9,1.75,784.95,0.775,0
2026-02-09 15:21:42.825278,-12.358669732993494,-42.91368141447374,27.41,82.82,1015.52,6.03,6.85,716.79,0.403,0
2026-02-09 16:21:42.825278,-4.381125657655076,-58.92906697027504,22.92,94.88,1009.43,3.89,4.3,469.41,0.837,0
2026-02-09 17:21:42.825278,-2.902455464177443,-44.824283640386334,23.83,50.0,1018.38,15.58,5.03,818.55,0.511,0
2026-02-09 18:21:42.825278,-14.692354795308486,-58.11639706067123,25.96,99.06,997.29,0.14,4.4,674.26,0.528,0
2026-02-09 19:21:42.825278,-27.308127644263287,-54.872656156909756,27.3,77.46,1019.31,10.84,5.65,703.96,0.219,0
2026-02-09 20:21:42.825278,-4.115709794275247,-44.87492346654918,22.44,54.76,1004.81,23.98,5.76,872.38,0.633,0
2026-02-09 21:21:42.825278,2.23603306188307,-46.62233049998491,29.45,25.25,1013.02,49.42,4.9,616.21,0.342,1
2026-02-09 22:21:42.825278,-25.55313624166986,-47.43670789357312,16.45,74.54,1018.95,8.23,11.44,734.08,0.264,0
2026-02-09 23:21:42.825278,-25.645181808247536,-51.373728266948575,27.58,58.4,1004.66,10.83,2.86,445.45,0.596,0
2026-02-10 00:21:42.825278,-2.5630666794468198,-51.68880704380904,37.62,73.59,993.39,12.59,11.71,920.94,0.815,1
2026-02-10 01:21:42.825278,-14.892188309211365,-51.694305898342904,24.69,94.59,994.11,120.0,5.43,557.66,0.461,1
2026-02-10 02:21:42.825278,-28.5177588383255,-46.02956912704197,19.47,64.3,1024.88,5.4,3.37,806.52,0.493,0
2026-02-10 03:21:42.825278,-2.2329310248658416,-40.774419030433805,37.41,77.8,1017.05,50.41,6.94,551.69,0.267,1
2026-02-10 04:21:42.825278,-3.459300027034736,-43.72791287190326,21.29,76.44,1032.17,14.89,0.7,649.6,0.44,0
2026-02-10 05:21:42.825278,-20.97475112243043,-45.864915201237395,24.3,31.12,1012.23,1.26,1.5,645.98,0.619,1
2026-02-10 06:21:42.825278,0.35709266457393696,-38.78118833327892,39.25,62.09,1019.18,5.72,14.27,474.4,0.564,1
2026-02-10 07:21:42.825278,-26.502208270098315,-37.97026907764227,27.35,80.66,996.28,12.03,3.65,734.34,0.58,0
2026-02-10 08:21:42.825278,-28.555558841888235,-37.0286786029224,35.39,68.75,1005.23,36.57,4.29,231.42,0.472,1
2026-02-10 09:21:42.825278,-24.44906979566852,-43.957837300630004,28.17,72.46,1031.65,2.78,4.72,638.01,0.105,0
2026-02-10 10:21:42.825278,0.46151620939329874,-40.603464033533704,38.05,56.12,1016.9,4.85,4.62,494.97,0.511,1
2026-02-10 11:21:42.825278,-26.49936684914872,-42.70224933451095,26.17,61.67,1008.0,2.73,23.23,590.33,0.566,1
2026-02-10 12:21:42.825278,2.6125990067910934,-46.92531729520726,27.28,53.0,1009.83,19.95,5.08,521.36,0.367,0
2026-02-10 13:21:42.825278,-21.427133400722028,-57.496417806541224,26.33,53.38,1015.35,16.29,3.36,763.86,0.301,0
2026-02-10 14:21:42.825278,-14.004919171807078,-49.99636331788602,26.54,100.0,1018.52,19.93,0.22,324.63,0.412,0
2026-02-10 15:21:42.825278,-23.475810507616114,-45.98728164805067,27.68,57.3,1003.39,15.74,1.27,789.3,0.718,0
2026-02-10 16:21:42.825278,1.616935479737812,-59.78784969791393,31.45,50.05,1020.57,1.06,7.27,705.63,0.451,1
2026-02-10 17:21:42.825278,-12.026727308063077,-44.761992217251894,28.44,47.78,1002.01,18.41,5.05,578.13,0.731,0
2026-02-10 18:21:42.825278,-20.66691195641296,-35.378351491378936,25.74,65.22,1021.5,22.32,31.97,547.06,0.422,1
2026-02-10 19:21:42.825278,-5.5375318669174085,-35.01352332033995,37.95,79.69,1021.49,50.16,0.97,791.71,0.642,1
2026-02-10 20:21:42.825278,3.4032510077312565,-54.725767757207514,40.11,60.88,1018.93,5.36,3.25,388.84,0.805,1
2026-02-10 21:21:42.825278,-14.272194493119729,-47.670112005301775,12.68,43.37,1006.11,0.87,1.75,899.28,0.629,0
2026-02-10 22:21:42.825278,-24.07633408949869,-57.28611605568379,23.0,81.32,1012.21,7.12,2.73,656.76,0.385,0
2026-02-10 23:21:42.825278,-25.881322057414536,-55.60355296709519,28.28,61.56,1030.53,0.19,8.96,719.31,0.008,0
2026-02-11 00:21:42.825278,-22.505931480547254,-46.20544429014741,22.2,43.76,1004.04,30.68,19.52,402.47,0.591,1
2026-02-11 01:21:42.825278,-7.708535974208189,-46.95431314090388,19.54,33.41,1008.59,12.06,4.1,765.69,0.694,1
2026-02-11 02:21:42.825278,-25.310046157801526,-57.78702368592331,28.46,77.79,1040.0,35.48,0.82,958.21,0.445,1
2026-02-11 03:21:42.825278,0.3044516396979766,-36.527917123235824,19.29,51.88,1000.64,31.89,17.85,731.24,0.314,1
2026-02-11 04:21:42.825278,2.1076694772846807,-48.40670660171698,27.4,41.07,1026.1,10.39,0.14,311.78,0.553,0
2026-02-11 05:21:42.825278,-13.422923558038665,-36.134565712398654,29.08,52.64,1007.11,29.71,2.42,533.62,0.719,0
2026-02-11 06:21:42.825278,-28.838432942124946,-47.0746319028321,31.71,45.45,1019.66,27.5,1.6,688.29,0.659,1
2026-02-11 07:21:42.825278,-6.586692538378127,-39.19342785074628,34.95,37.45,1040.0,18.22,2.83,727.63,0.315,1
2026-02-11 08:21:42.825278,-21.81530708200828,-58.00212226633483,35.83,45.73,1008.86,9.41,8.41,229.51,0.615,1
2026-02-11 09:21:42.825278,2.765144530948554,-38.799302433567966,27.39,58.04,1021.72,13.84,10.84,767.91,0.616,0
2026-02-11 10:21:42.825278,-4.928414046015664,-35.05288229428849,34.11,50.74,1024.9,7.1,12.32,849.89,0.516,1
2026-02-11 11:21:42.825278,-8.107610700915355,-50.19662927243062,29.44,59.75,1015.41,4.67,3.85,541.27,0.594,0
2026-02-11 12:21:42.825278,-8.873932792256685,-36.71938102052755,30.08,53.26,1017.95,27.48,10.97,916.91,0.609,0
2026-02-11 13:21:42.825278,-7.449914521527742,-55.78429472787261,18.98,59.78,1017.28,1.07,22.15,951.76,0.695,1
2026-02-11 14:21:42.825278,-11.618847352302158,-39.131551130575815,23.16,58.84,1002.34,5.73,0.03,930.49,0.708,0
2026-02-11 15:21:42.825278,-16.173581251147553,-45.89455057416586,31.12,71.76,996.27,0.22,5.37,769.11,0.596,1
2026-02-11 16:21:42.825278,-16.65324640072005,-40.87024492547425,32.25,63.24,992.38,39.27,0.4,484.65,0.52,1
2026-02-11 17:21:42.825278,-29.859115240111024,-49.95887056969895,34.67,69.27,997.99,20.47,5.35,670.02,0.485,1
2026-02-11 18:21:42.825278,-0.5286425738067564,-41.991893066839964,25.26,70.05,1008.05,0.24,14.83,779.48,0.584,0
2026-02-11 19:21:42.825278,-21.89971793378014,-53.70638839293674,30.89,78.91,1011.05,2.92,13.99,811.77,0.428,0
2026-02-11 20:21:42.825278,2.2094919160538495,-49.312653200141995,35.04,49.52,1035.52,17.55,1.33,706.38,0.473,1
2026-02-11 21:21:42.825278,2.6298750424773303,-53.7357177144463,30.6,41.77,1023.88,6.88,2.97,716.12,0.871,0
2026-02-11 22:21:42.825278,0.9033359546623991,-52.31568201989888,34.44,76.29,1008.27,11.87,3.52,453.61,0.786,1
2026-02-11 23:21:42.825278,-22.4446760819179,-42.265231368721786,21.26,62.12,1020.49,17.02,0.57,575.28,0.691,0
2026-02-12 00:21:42.825278,-8.47320920650023,-35.52219575637994,37.35,73.25,1003.72,28.76,0.29,634.54,0.535,1
2026-02-12 01:21:42.825278,-12.00049765951071,-45.07123238792131,28.48,19.28,1005.49,11.35,2.98,292.28,0.376,1
2026-02-12 02:21:42.825278,-10.182831177249916,-54.051895943875415,28.0,66.06,1010.75,36.23,0.18,399.03,0.653,1
2026-02-12 03:21:42.825278,-24.065470197045258,-39.56308901737698,39.53,31.44,1001.1,31.7,8.14,696.96,0.71,1
2026-02-12 04:21:42.825278,-4.071381972375963,-39.08885259350968,24.05,63.48,1001.82,23.97,6.33,653.14,0.288,0
2026-02-12 05:21:42.825278,-8.50772553454106,-41.93375744097859,30.89,76.66,1019.05,34.58,0.64,883.7,0.333,0
2026-02-12 06:21:42.825278,-12.549479941307574,-55.233101331130214,15.03,84.61,1026.65,9.42,0.21,572.0,0.56,0
2026-02-12 07:21:42.825278,-17.24710970649719,-36.53499210513181,28.76,78.86,1017.35,26.13,3.81,405.51,0.532,0
2026-02-12 08:21:42.825278,-19.779506484574306,-40.546858467836955,29.86,70.87,1001.67,1.06,3.75,636.95,1.0,0
2026-02-12 09:21:42.825278,-29.772866751455098,-35.25692773834234,23.42,80.1,1007.29,13.78,1.12,766.84,0.734,0
2026-02-12 10:21:42.825278,-11.53973702747702,-47.1361727166555,29.5,46.74,1017.43,6.02,8.49,602.08,1.0,0
2026-02-12 11:21:42.825278,-15.447388444796141,-52.50021323615722,33.14,76.32,1026.12,18.57,2.23,299.48,0.532,1
2026-02-12 12:21:42.825278,-26.432383262680048,-58.43196022746529,34.67,48.97,993.92,28.79,1.92,676.32,0.373,1
2026-02-12 13:21:42.825278,-11.975615870646795,-51.954312295773,23.36,56.78,997.74,37.27,6.76,611.2,0.604,1
2026-02-12 14:21:42.825278,-24.155914421460608,-45.6105718575395,40.34,50.58,1019.87,51.33,4.06,788.46,0.599,1
2026-02-12 15:21:42.825278,-26.123990793308504,-52.778721916709216,19.49,50.77,996.35,2.12,0.26,852.76,0.87,0
2026-02-12 16:21:42.825278,-5.2074372386468575,-43.4903389932164,25.93,47.27,1002.66,7.52,27.2,765.93,0.809,1
2026-02-12 17:21:42.825278,-20.73931378309448,-54.74867699551737,30.43,73.64,1024.5,20.56,6.44,944.3,0.638,0
2026-02-12 18:21:42.825278,-20.549913160758166,-51.180788353576105,25.68,75.06,1033.92,120.0,4.57,725.14,0.784,1
2026-02-12 19:21:42.825278,-1.8073911059047845,-41.72310295663628,26.53,20.41,1007.04,16.89,16.71,434.63,0.064,1
2026-02-12 20:21:42.825278,4.216537863331361,-43.05004961893539,25.81,58.57,1001.39,32.37,11.17,675.76,0.079,0
2026-02-12 21:21:42.825278,1.4068637949069043,-52.78854123954679,20.11,69.78,1017.66,3.91,1.24,518.9,0.704,0
2026-02-12 22:21:42.825278,-4.481385074179332,-53.70229336581446,29.25,59.1,1004.12,6.45,0.93,406.0,0.076,0
2026-02-12 23:21:42.825278,-5.678951996745198,-39.56013632621135,26.82,50.08,1012.56,17.37,0.46,927.22,0.744,0
2026-02-13 00:21:42.825278,-23.078133033386855,-39.51634628195572,32.5,26.26,1008.97,30.87,0.08,755.07,0.698,1
2026-02-13 01:21:42.825278,2.5509393260856825,-57.052342204492895,32.02,65.9,1009.65,3.51,9.17,497.96,0.562,1
2026-02-13 02:21:42.825278,-20.01577183204635,-46.9906945889758,30.73,75.45,1011.07,6.39,1.02,1077.4,0.471,0
2026-02-13 03:21:42.825278,-22.613043875660228,-49.187915603183505,27.54,49.07,1010.83,16.01,6.38,890.39,0.395,0
2026-02-13 04:21:42.825278,-15.938917810125753,-58.227301941703956,38.71,56.69,996.07,25.62,12.27,559.79,0.51,1
2026-02-13 05:21:42.825278,-12.28118929259356,-50.9217889288482,32.1,77.21,1002.01,7.47,4.47,936.18,0.406,1
2026-02-13 06:21:42.825278,2.1228469138737935,-43.33109846731557,37.07,56.92,1005.53,1.81,0.31,681.15,0.807,1
2026-02-13 07:21:42.825278,-19.04208907270268,-50.39599542268796,26.98,35.57,1022.37,2.24,0.13,592.29,0.428,1
2026-02-13 08:21:42.825278,-10.68734777471765,-58.39999793119033,26.56,54.54,1028.19,14.4,2.31,926.84,0.395,0
2026-02-13 09:21:42.825278,-22.07387886846808,-37.55736933818549,26.51,64.61,1020.08,0.61,45.86,703.02,0.421,1
2026-02-13 10:21:42.825278,-21.15073289238235,-50.200472177326,22.88,99.24,1002.5,7.52,25.62,435.19,0.511,1
2026-02-13 11:21:42.825278,-23.006267788052256,-39.7245972434336,36.45,51.51,1005.97,8.2,16.99,327.23,0.54,1
2026-02-13 12:21:42.825278,-10.094522042314406,-48.70908288291941,22.21,56.76,1015.1,39.07,2.14,598.04,0.855,1
2026-02-13 13:21:42.825278,-16.95165037788781,-43.00810331273401,32.61,66.35,1013.86,1.21,1.71,713.2,0.825,1
2026-02-13 14:21:42.825278,-27.071780648208588,-53.16719103365701,31.2,24.44,1009.16,23.62,2.84,625.84,0.338,1
2026-02-13 15:21:42.825278,-1.9108093811897149,-45.861703076898564,27.18,59.79,1023.23,51.07,17.8,776.11,0.575,1
2026-02-13 16:21:42.825278,-18.691893844690668,-50.85894593239472,28.64,49.15,1023.03,2.92,4.7,784.25,0.652,0
2026-02-13 17:21:42.825278,-24.471876965238117,-37.39590790109813,21.89,44.83,1000.25,34.26,4.91,649.09,0.461,0
2026-02-13 18:21:42.825278,-27.040983261695693,-35.366382032817235,18.85,71.04,1002.64,28.96,20.76,671.15,0.479,1
2026-02-13 19:21:42.825278,-18.598115812482103,-59.1228097195925,33.03,69.71,1037.28,11.07,19.06,650.58,0.445,1
2026-02-13 20:21:42.825278,-19.00683406682477,-55.48792479829668,23.37,73.07,999.15,12.91,21.73,889.98,0.55,1
2026-02-13 21:21:42.825278,-0.09519638853336332,-45.30064379074129,24.66,45.94,993.6,20.52,17.72,448.36,0.403,1
2026-02-13 22:21:42.825278,-20.727418982215788,-54.46825003435298,26.06,54.67,1004.19,48.66,11.28,513.53,0.504,1
2026-02-13 23:21:42.825278,-0.7291543744514932,-49.79517295456455,29.01,70.16,992.91,31.09,12.06,571.75,0.251,0
2026-02-14 00:21:42.825278,-29.48800112782255,-38.0169585183735,28.05,59.85,998.54,0.72,3.17,388.78,0.467,0
2026-02-14 01:21:42.825278,-17.017680121182728,-55.68398398049272,27.5,70.67,1007.8,10.31,2.56,457.37,0.603,0
2026-02-14 02:21:42.825278,-20.921293740270045,-46.343800809927785,32.55,37.76,1030.71,53.3,0.98,641.22,0.301,1
2026-02-14 03:21:42.825278,-24.7085978231961,-39.742421566663225,21.15,58.07,1031.35,13.89,0.49,905.57,0.604,0
2026-02-14 04:21:42.825278,-9.916034924565,-53.36734074698953,21.02,88.14,1002.13,8.64,10.15,1184.51,0.554,0
2026-02-14 05:21:42.825278,-5.474384187285718,-38.60938584560307,32.52,85.04,1010.52,3.52,1.39,804.51,0.623,1
2026-02-14 06:21:42.825278,1.2349162137613767,-43.90648854056884,15.69,66.2,1014.62,16.88,4.0,950.39,0.565,0
2026-02-14 07:21:42.825278,2.822567066057651,-59.81021459565215,30.93,93.52,1018.73,24.6,18.83,562.97,0.544,1
2026-02-14 08:21:42.825278,4.108639378183113,-54.4483706364652,23.71,59.11,983.97,0.82,3.27,727.23,0.594,0
2026-02-14 09:21:42.825278,4.556044221952,-40.19951980149662,19.4,98.59,1010.77,2.11,4.65,654.31,0.827,0
2026-02-14 10:21:42.825278,-5.405533851396882,-41.356216750393074,31.28,52.83,994.6,36.1,4.33,613.81,0.612,1
2026-02-14 11:21:42.825278,-16.634488671792486,-39.753089624035766,37.67,24.1,1028.63,2.09,18.06,894.69,0.277,2
2026-02-14 12:21:42.825278,2.2769903342489854,-56.20733461240254,37.06,67.64,1013.93,17.64,11.33,940.66,0.645,1
2026-02-14 13:21:42.825278,-17.609826988656508,-35.08183997355667,31.7,52.0,1011.34,8.11,1.09,584.01,0.423,1
2026-02-14 14:21:42.825278,-28.13185770379587,-42.78719528976092,31.01,27.55,1010.64,5.54,0.64,673.68,0.233,1
2026-02-14 15:21:42.825278,-21.47940280899393,-35.23187361880987,30.14,72.95,1017.92,15.27,16.38,736.16,0.581,1
2026-02-14 16:21:42.825278,-20.15314948840271,-45.11701135542762,22.64,91.74,982.47,11.49,15.32,624.77,0.469,1
2026-02-14 17:21:42.825278,-11.024053134399981,-59.56749693147575,28.78,46.33,1025.3,11.5,12.82,400.43,0.445,0
2026-02-14 18:21:42.825278,-18.17345009787279,-35.04563155268838,26.9,70.11,999.9,31.91,9.1,511.55,0.426,0
2026-02-14 19:21:42.825278,-12.265088262352062,-46.79649856815616,20.0,54.66,1022.43,43.05,4.66,678.69,0.568,1
2026-02-14 20:21:42.825278,1.7651496387143233,-58.57617831760797,27.32,31.05,1035.26,52.11,0.95,480.52,0.278,1
2026-02-14 21:21:42.825278,1.2937659439281646,-35.88549535495868,26.72,40.77,1011.38,27.69,9.56,796.65,0.489,0
2026-02-14 22:21:42.825278,4.154116142394749,-46.05365377174512,17.45,71.41,994.51,6.48,0.56,1017.26,0.396,0
2026-02-14 23:21:42.825278,-11.028530540611786,-44.958249455910156,24.22,29.02,1030.05,9.84,14.38,705.21,0.547,1
2026-02-15 00:21:42.825278,-14.61339694968973,-43.760476384554025,28.88,51.44,994.8,14.93,1.37,1044.49,0.202,0
2026-02-15 01:21:42.825278,-25.07083003214457,-42.90587938055489,25.61,71.74,1008.77,20.01,8.3,544.39,0.565,0
2026-02-15 02:21:42.825278,2.617285248995543,-44.3015626675135,28.09,63.8,1009.08,17.98,11.57,670.74,0.69,0
2026-02-15 03:21:42.825278,-22.080108044721634,-35.61503805986935,32.34,56.92,1015.83,21.04,3.3,149.07,0.533,1
2026-02-15 04:21:42.825278,-18.589179170270526,-43.861650227996286,30.4,46.38,1007.57,7.07,5.82,820.27,0.355,0
2026-02-15 05:21:42.825278,-4.992634652547768,-46.122868738179505,33.85,93.65,1007.89,12.51,7.42,476.72,0.423,1
2026-02-15 06:21:42.825278,-11.010042880717627,-48.99452567572495,37.57,39.69,1009.27,7.45,4.25,667.21,0.508,1
2026-02-15 07:21:42.825278,-28.19253709720352,-35.09394753457448,26.07,52.23,1014.67,0.37,10.16,907.31,0.489,0
2026-02-15 08:21:42.825278,2.3216613236434327,-45.017490274590685,31.32,47.71,1013.16,20.62,3.29,748.56,0.836,1
2026-02-15 09:21:42.825278,2.4719884442386686,-44.275290319391196,23.66,49.09,1017.78,4.29,6.07,732.65,0.33,0
2026-02-15 10:21:42.825278,-19.792138511185534,-40.2116845333277,27.03,87.45,1017.96,88.77,7.8,455.69,0.347,1
2026-02-15 11:21:42.825278,-1.5432077499842158,-38.879858324099985,24.4,43.14,997.99,4.85,19.12,1038.3,0.557,1
2026-02-15 12:21:42.825278,-15.458126965513884,-44.22464516238672,18.56,37.6,1026.27,6.25,1.29,966.1,0.316,1
2026-02-15 13:21:42.825278,-7.99604833013883,-37.13678090907841,17.13,60.21,995.2,10.11,10.45,746.05,0.259,0
2026-02-15 14:21:42.825278,0.9350042259985756,-37.23305650204239,26.86,65.83,1015.92,3.73,8.11,677.84,0.589,0
2026-02-15 15:21:42.825278,-7.359892159397241,-35.74265668128119,28.68,34.54,996.19,14.1,3.87,798.98,0.719,1
2026-02-15 16:21:42.825278,-17.924276668633667,-46.942763167220704,21.84,63.41,1013.63,0.17,25.56,609.91,0.624,1
2026-02-15 17:21:42.825278,-27.970084963455207,-45.41176127835217,28.07,79.64,1006.83,8.07,2.41,587.28,0.749,0
2026-02-15 18:21:42.825278,-29.410833804880347,-50.24277247901666,20.51,75.71,1004.18,15.97,11.29,631.99,0.224,0
2026-02-15 19:21:42.825278,-26.910112549527923,-54.95147838720044,17.38,58.71,997.45,13.56,23.8,679.77,0.409,1
2026-02-15 20:21:42.825278,-11.572551543511555,-47.094172551604274,26.33,67.06,1013.17,7.62,0.14,603.26,0.384,0
2026-02-15 21:21:42.825278,-8.41065681255153,-55.685355148768195,21.49,49.61,981.06,11.07,29.18,892.4,0.625,1
2026-02-15 22:21:42.825278,-14.93625836943736,-48.654052968575485,23.68,47.5,1023.32,7.0,8.44,648.4,0.743,0
2026-02-15 23:21:42.825278,-10.262643972766288,-49.93862054302576,32.33,61.87,1016.7,23.47,3.38,436.55,0.716,1
2026-02-16 00:21:42.825278,-21.421607886497732,-42.131944954764336,39.9,64.63,1019.85,10.56,7.27,375.12,0.755,1
2026-02-16 01:21:42.825278,-1.7924721844187061,-53.50208815355691,22.03,80.55,996.74,21.41,9.74,481.17,0.87,0
2026-02-16 02:21:42.825278,-16.180121395871257,-53.629559408890465,30.87,42.93,1015.17,42.69,4.2,693.39,0.504,1
2026-02-16 03:21:42.825278,-29.24253718871175,-40.37771513340375,29.39,82.93,1021.49,5.08,8.96,744.46,0.374,0
2026-02-16 04:21:42.825278,-22.143182456854507,-58.28867076434893,20.31,58.57,1001.15,7.55,6.7,792.31,0.384,0
2026-02-16 05:21:42.825278,-1.4532380135864642,-55.51975376097435,19.24,55.15,1004.92,9.94,6.26,872.64,0.441,0
2026-02-16 06:21:42.825278,-28.623817931603437,-49.20581154503605,37.26,35.38,1012.14,78.0,2.88,744.94,0.228,1
2026-02-16 07:21:42.825278,-26.60310541558178,-49.18349730773208,22.48,43.69,1007.8,6.32,17.4,844.12,0.35,1
2026-02-16 08:21:42.825278,-8.578352211978554,-49.32047093979071,24.05,33.78,991.1,4.35,0.99,843.52,0.518,1
2026-02-16 09:21:42.825278,-8.117708738997447,-47.73974097157987,34.08,62.68,1024.74,11.8,20.68,544.35,0.616,1
2026-02-16 10:21:42.825278,-23.780343858111507,-40.32192842651395,29.0,84.72,1036.84,10.41,9.12,803.79,0.69,0
2026-02-16 11:21:42.825278,-18.928728004668177,-55.97611281358177,36.03,94.76,1000.3,18.08,3.86,865.42,0.636,1
2026-02-16 12:21:42.825278,-29.08003296818375,-48.73447380174311,29.69,91.6,1014.86,86.63,0.45,1040.05,0.37,1
2026-02-16 13:21:42.825278,-24.407505326025035,-50.424041239543456,27.88,56.94,1017.01,18.38,6.1,733.6,0.78,0
2026-02-16 14:21:42.825278,-29.991164092830328,-40.92064035975653,28.4,93.56,1040.0,101.9,2.84,745.6,0.351,1
2026-02-16 15:21:42.825278,1.35534287052538,-41.38779025126834,24.71,73.97,1017.52,0.89,5.62,722.2,0.921,0
2026-02-16 16:21:42.825278,-6.667338700525288,-39.55314841023819,34.18,52.58,1005.9,0.8,3.63,515.4,0.792,1
2026-02-16 17:21:42.825278,-7.140426539862041,-49.08193604610833,25.15,50.97,1013.84,3.58,7.89,872.39,0.677,0
2026-02-16 18:21:42.825278,-15.895008433123923,-41.9361475845961,28.59,60.79,1015.17,16.57,52.85,388.17,0.572,1
2026-02-16 19:21:42.825278,-17.88351423002264,-46.85267578552501,19.44,22.97,1021.82,3.61,3.13,878.75,0.616,1
2026-02-16 20:21:42.825278,-15.190863085829436,-37.41713331084536,44.08,47.91,1032.93,15.05,2.54,638.95,0.613,1
2026-02-16 21:21:42.825278,-12.878701345853731,-57.60060758259718,21.69,66.99,982.35,31.57,0.63,839.56,0.451,0
2026-02-16 22:21:42.825278,-7.305162387994745,-52.75104195490533,27.86,84.32,1017.26,52.91,3.55,649.73,0.467,1
2026-02-16 23:21:42.825278,-28.93308588910142,-59.48080283224022,22.88,72.2,1010.27,36.91,5.73,629.5,0.553,1
2026-02-17 00:21:42.825278,-22.457459545818207,-59.38064682664041,24.4,68.61,1016.2,4.69,1.37,812.14,0.708,0
2026-02-17 01:21:42.825278,-4.857392337996643,-51.28633370991556,29.51,26.03,1021.41,120.0,11.05,422.26,0.927,1
2026-02-17 02:21:42.825278,-8.364669840915493,-51.45959843831663,27.51,52.67,1014.22,1.58,17.3,763.74,0.369,1
2026-02-17 03:21:42.825278,-19.60181609268877,-45.56994409685106,23.11,48.32,1040.0,22.76,3.04,544.53,0.652,0
2026-02-17 04:21:42.825278,-2.6082723823046763,-43.40474736874293,26.8,99.78,1004.93,34.34,0.46,692.16,0.599,0
2026-02-17 05:21:42.825278,-4.120599059015795,-58.09371089134366,21.27,51.36,1040.0,24.34,3.18,804.16,0.547,0
2026-02-17 06:21:42.825278,3.447939883453678,-36.82327209872037,22.81,44.63,1005.78,6.79,3.75,328.57,0.819,0
2026-02-17 07:21:42.825278,-4.255463060622905,-39.6394108230212,31.71,63.34,1029.53,15.54,0.43,784.47,0.286,1
2026-02-17 08:21:42.825278,0.07136615387366518,-37.075415070464935,46.58,60.57,1013.7,13.09,18.84,876.24,0.576,1
2026-02-17 09:21:42.825278,-0.5134754992324702,-57.22130431332228,18.98,48.87,1018.21,29.72,7.57,628.31,0.273,0
2026-02-17 10:21:42.825278,-6.133319173872994,-44.153677477911444,33.39,56.73,1024.53,1.16,20.42,1200.0,0.573,1
2026-02-17 11:21:42.825278,-1.8751339509891451,-54.613668076108915,20.13,27.9,1014.03,25.67,6.65,885.84,0.723,1
2026-02-17 12:21:42.825278,-10.777296503959771,-50.38928167331542,32.23,65.12,991.24,8.85,4.57,510.18,0.549,1
2026-02-17 13:21:42.825278,-12.699001318247912,-45.28890430898692,23.21,85.88,993.17,37.9,24.89,554.58,0.569,1
2026-02-17 14:21:42.825278,3.923259904348811,-42.353448477593595,22.55,51.56,1009.38,0.84,18.59,607.9,0.921,1
2026-02-17 15:21:42.825278,-1.0162021756092372,-40.21147484167,30.27,72.25,1011.01,23.13,0.59,858.22,0.775,0
2026-02-17 16:21:42.825278,1.7051197327384493,-50.6766966882477,26.83,60.68,1006.32,13.28,13.61,617.3,0.577,0
2026-02-17 17:21:42.825278,-22.85969772212315,-56.98278830384399,19.32,43.42,1012.26,15.93,0.25,671.87,0.359,0
2026-02-17 18:21:42.825278,-9.300740548538016,-59.275326747656045,35.11,65.13,1004.06,16.16,8.92,721.82,0.66,1
2026-02-17 19:21:42.825278,-7.829878905131395,-43.034324875293706,32.35,71.34,1024.82,7.15,3.77,678.28,0.564,1
2026-02-17 20:21:42.825278,-5.28201405147092,-35.15220029420545,24.74,76.52,989.65,5.63,4.52,553.74,0.849,0
2026-02-17 21:21:42.825278,-1.539707965437131,-52.572783670318984,19.84,72.92,998.7,19.97,18.51,1069.95,0.631,1
2026-02-17 22:21:42.825278,-26.801999580350483,-49.18462667819886,23.53,43.48,1028.45,24.51,7.15,653.23,0.078,0
2026-02-17 23:21:42.825278,4.044849074648525,-45.99518614414417,35.67,43.43,1002.94,17.01,5.92,830.6,0.803,1
2026-02-18 00:21:42.825278,-27.592676980581935,-50.94860374568771,23.32,50.23,987.37,20.64,27.15,519.51,0.438,1
2026-02-18 01:21:42.825278,1.4164902919834823,-59.05125674400323,26.95,62.64,1016.35,51.16,1.78,647.31,0.434,1
2026-02-18 02:21:42.825278,-14.228180490045617,-51.71269316862793,22.17,69.32,1022.91,9.96,20.7,818.94,0.446,1
2026-02-18 03:21:42.825278,-27.787148126227823,-40.11372604556031,23.52,29.85,1023.9,3.22,0.33,618.55,0.301,1
2026-02-18 04:21:42.825278,-21.348806084628784,-53.52544556420083,28.26,81.35,1007.82,3.71,1.02,244.54,0.505,0
2026-02-18 05:21:42.825278,3.5399969850565824,-57.92095667168838,24.24,64.35,1012.79,68.88,5.1,572.63,0.453,1
2026-02-18 06:21:42.825278,1.1360488293538111,-37.207924891756605,36.28,71.19,1021.92,31.61,9.25,870.7,0.234,1
2026-02-18 07:21:42.825278,-3.9639149558483346,-48.16405330404314,29.22,78.55,1004.43,21.48,22.16,731.78,0.346,1
2026-02-18 08:21:42.825278,-21.45161861691384,-37.410425367458956,29.69,45.51,1004.98,55.48,15.22,861.29,0.34,1
2026-02-18 09:21:42.825278,1.1487612625318135,-35.82197054363131,22.13,58.97,1002.74,14.31,0.78,379.09,0.348,0
2026-02-18 10:21:42.825278,-11.238027598551945,-43.47022750670155,23.52,68.36,1018.81,39.58,4.77,828.99,0.142,1
2026-02-18 11:21:42.825278,2.6484205239589897,-42.12088163653906,21.66,41.76,1015.11,6.2,27.75,537.71,0.495,1
2026-02-18 12:21:42.825278,-5.235632542823808,-41.649893636407896,22.02,38.85,1007.07,28.03,3.05,645.19,0.619,1
2026-02-18 13:21:42.825278,-6.850928840842592,-51.87812832251778,30.44,5.0,1022.01,7.45,15.08,879.12,0.537,1
2026-02-18 14:21:42.825278,-26.31735340503615,-56.474380284991604,28.37,66.79,1040.0,4.36,10.15,892.0,0.579,0
2026-02-18 15:21:42.825278,-10.023092119493452,-37.14528939666222,23.12,37.51,1012.97,15.31,0.77,495.37,0.555,1
2026-02-18 16:21:42.825278,-13.571196751403484,-36.6763741168964,25.65,64.07,1020.37,40.52,0.27,450.71,0.602,1
2026-02-18 17:21:42.825278,-10.88680361462626,-36.05467043116605,35.91,72.79,1017.43,7.87,6.47,370.38,0.751,1
2026-02-18 18:21:42.825278,-10.041315626841016,-54.08361551300715,25.89,40.08,1016.2,11.02,8.24,686.19,0.838,0
2026-02-18 19:21:42.825278,-2.1945579677512157,-53.58798684079735,30.11,71.31,1012.43,1.69,9.19,501.36,0.702,0
2026-02-18 20:21:42.825278,-18.309974841069213,-59.104767639556734,29.68,65.31,994.85,1.44,11.19,881.53,0.636,0
2026-02-18 21:21:42.825278,-4.431379264812325,-39.28262644389996,29.42,74.36,1028.21,10.02,18.59,447.88,0.884,1
2026-02-18 22:21:42.825278,-27.078574668631497,-52.73237860239045,17.58,66.77,1013.79,3.35,12.89,377.28,1.0,0
2026-02-18 23:21:42.825278,-24.8415856340928,-51.885591609265816,24.58,85.56,1007.53,26.47,2.02,401.54,0.675,0
2026-02-19 00:21:42.825278,4.588650449158585,-36.19690304672824,38.69,71.33,1019.65,21.66,25.47,806.61,0.892,1
2026-02-19 01:21:42.825278,-0.27559373466365855,-43.252728303539826,35.26,42.28,1021.32,8.35,1.27,95.14,0.63,1
2026-02-19 02:21:42.825278,4.900698499780987,-44.71978367961144,24.14,82.22,1016.68,21.49,2.79,852.34,0.971,0
2026-02-19 03:21:42.825278,-9.381686346419663,-37.12015721438584,32.58,49.51,1021.13,10.04,2.18,331.21,0.409,1
2026-02-19 04:21:42.825278,-3.3397688116684243,-39.18783063450887,28.31,63.41,989.37,4.53,1.92,582.94,0.67,0
2026-02-19 05:21:42.825278,-17.663034534067837,-48.56847988520448,22.84,54.12,998.95,1.96,6.09,668.82,0.521,0
2026-02-19 06:21:42.825278,-10.168939886082867,-41.900803155662075,16.96,34.7,1012.66,13.01,5.05,482.63,0.694,1
2026-02-19 07:21:42.825278,-3.7223613768022155,-56.403356429828904,31.13,45.91,1014.46,21.35,3.85,367.36,0.796,1
2026-02-19 08:21:42.825278,-28.924548712232514,-46.567243524909735,29.0,74.67,1028.4,13.42,0.76,706.37,0.913,0
2026-02-19 09:21:42.825278,-4.495176303362662,-40.96971212086315,36.09,73.99,1025.91,4.38,4.14,662.42,0.386,1
2026-02-19 10:21:42.825278,-19.061720503649276,-54.36515264207925,42.91,62.72,1016.34,10.01,3.26,429.97,0.838,1
2026-02-19 11:21:42.825278,-29.193152579417646,-35.76499718584533,30.01,71.97,1020.86,25.72,3.94,536.09,0.831,0
2026-02-19 12:21:42.825278,1.4547390351177576,-55.56944041733826,30.65,24.22,1003.02,12.21,15.52,328.71,0.104,1
2026-02-19 13:21:42.825278,-21.329234258770946,-49.78310053019507,30.25,93.56,1013.29,2.32,2.0,377.61,0.289,0
2026-02-19 14:21:42.825278,-16.28881693381759,-40.16196838399189,28.13,19.11,996.18,22.83,6.34,759.77,0.819,1
2026-02-19 15:21:42.825278,-21.47766592851863,-37.92060073464192,26.62,100.0,1025.79,37.44,13.61,910.07,0.666,1
2026-02-19 16:21:42.825278,-14.83381784184861,-46.31555616250634,30.77,49.69,1033.08,27.02,5.64,928.35,0.907,0
2026-02-19 17:21:42.825278,-12.548143785680075,-44.78772283590958,28.45,55.71,1022.39,8.75,0.03,586.32,0.567,0
2026-02-19 18:21:42.825278,-12.35480285950893,-39.89415527419433,17.83,67.35,1003.64,23.77,7.54,805.75,0.732,0
2026-02-19 19:21:42.825278,-2.2677162475774324,-53.58253633838587,34.54,99.37,1003.74,10.43,9.56,496.65,0.609,1
2026-02-19 20:21:42.825278,-2.663490762306118,-41.98309102268705,22.23,68.69,1003.77,5.91,2.07,381.99,0.654,0
2026-02-19 21:21:42.825278,-10.208475395741239,-54.351182228668655,34.91,36.47,1019.55,4.1,3.14,793.94,0.433,1
2026-02-19 22:21:42.825278,-17.42895723042449,-48.00108766341718,33.68,76.42,1012.07,7.76,11.82,375.04,0.459,1
2026-02-19 23:21:42.825278,-2.722285723329861,-54.12111074978957,41.87,71.24,1016.68,37.96,12.25,698.95,0.54,1
2026-02-20 00:21:42.825278,-16.714222466214604,-44.03436502243936,34.13,76.45,1020.38,6.21,5.38,851.06,0.536,1
2026-02-20 01:21:42.825278,-21.46616515898583,-51.27257533764795,22.05,50.45,1004.84,1.43,20.2,222.04,0.69,1
2026-02-20 02:21:42.825278,-11.273977553092564,-44.29266928796118,26.78,58.91,1006.95,1.53,5.26,666.21,0.887,0
2026-02-20 03:21:42.825278,-14.640326660102263,-36.64807876821289,19.08,98.02,1016.09,40.82,1.27,585.22,0.5,1
2026-02-20 04:21:42.825278,-25.11265602695307,-47.18540082664417,23.4,24.3,1000.92,6.9,6.0,666.9,0.523,1
2026-02-20 05:21:42.825278,-27.728265632486554,-50.29596380099208,31.38,51.76,1005.51,17.33,0.56,1065.38,0.401,1
2026-02-20 06:21:42.825278,-15.234956267137608,-59.52184123440674,23.88,81.96,983.55,7.55,0.18,554.41,0.714,0
2026-02-20 07:21:42.825278,-5.836233149221073,-56.364428522614006,26.24,78.13,1014.53,21.67,1.29,577.63,0.699,0
2026-02-20 08:21:42.825278,-14.107334949068038,-46.84643100777134,28.67,25.29,1040.0,11.75,21.79,565.74,0.389,1
2026-02-20 09:21:42.825278,2.2258277492569647,-58.081512156368596,22.47,91.71,1023.47,12.68,9.48,701.83,0.497,0
2026-02-20 10:21:42.825278,-25.099100868554004,-49.97968889210625,28.5,44.22,1017.3,24.2,6.23,680.6,0.542,0
2026-02-20 11:21:42.825278,-10.357802141539572,-45.097536808247604,32.54,83.06,1008.32,3.69,6.47,739.8,0.605,1
2026-02-20 12:21:42.825278,0.9371438751997445,-47.28149276424645,20.75,92.7,1022.82,48.05,18.06,637.29,0.52,1
2026-02-20 13:21:42.825278,-11.847379870241575,-40.5226186046751,30.88,62.88,1012.22,10.95,10.01,644.69,0.843,0
2026-02-20 14:21:42.825278,-0.00556680010184607,-46.34613521982009,22.53,55.89,1029.81,45.75,2.32,528.26,0.352,1
2026-02-20 15:21:42.825278,-5.82469870198609,-35.99528924975186,25.52,85.61,1030.5,14.51,0.74,771.36,0.853,0
2026-02-20 16:21:42.825278,-6.848313090029954,-37.529722674314456,32.0,73.48,1000.87,11.06,12.39,684.7,0.576,1
2026-02-20 17:21:42.825278,-12.459168000288976,-50.77755141198516,26.54,66.04,1005.85,6.97,2.47,787.55,0.945,0
2026-02-20 18:21:42.825278,-17.315627536534443,-43.9628132298603,33.13,46.74,1005.01,27.46,9.85,566.84,0.53,1
2026-02-20 19:21:42.825278,-0.6560319029657755,-40.5850379450828,27.51,83.52,996.59,2.39,5.66,640.83,0.505,0
2026-02-20 20:21:42.825278,-27.38050124850082,-48.121320496077935,19.08,18.11,1010.43,25.43,3.68,572.42,0.378,1
2026-02-20 21:21:42.825278,-15.186619547843474,-45.902697179268344,36.5,61.85,1007.2,53.6,36.62,125.88,0.261,1
2026-02-20 22:21:42.825278,-7.426268023918134,-46.10913106987576,33.42,66.47,1011.74,11.15,8.16,952.88,0.15,1
2026-02-20 23:21:42.825278,-29.42929343747233,-55.64839656481729,15.41,86.44,1011.44,5.88,5.92,514.43,0.491,0
2026-02-21 00:21:42.825278,3.5404469074955216,-38.633153243742456,29.25,52.03,999.55,15.1,14.42,508.78,0.672,0
2026-02-21 01:21:42.825278,-27.850769590060743,-37.02663142223757,22.61,5.0,1005.72,65.22,37.15,494.02,0.62,1
2026-02-21 02:21:42.825278,-12.284047002067911,-46.77092247610844,44.42,71.38,1004.44,15.2,6.72,712.62,0.435,1
2026-02-21 03:21:42.825278,-8.072384245686628,-52.98120123134147,29.52,91.07,1012.48,22.01,1.01,725.14,0.566,0
2026-02-21 04:21:42.825278,-24.51306969327492,-38.67732280686462,33.98,74.72,1000.2,42.56,3.57,468.09,0.58,1
2026-02-21 05:21:42.825278,-25.631381583535507,-40.0850939648023,24.14,77.61,1016.0,27.65,0.95,886.71,0.436,0
2026-02-21 06:21:42.825278,-15.3930484356786,-35.690862880500546,30.56,46.91,1013.32,6.14,3.46,849.41,0.292,0
2026-02-21 07:21:42.825278,-21.498161486242257,-44.77832263426917,20.98,54.04,1019.42,3.72,14.59,684.37,0.571,0
2026-02-21 08:21:42.825278,-24.206809253828162,-56.39371714708521,41.41,76.19,1040.0,3.58,5.23,560.55,0.388,1
2026-02-21 09:21:42.825278,-6.219343246419076,-48.72021798615401,39.41,35.13,999.36,9.52,0.19,816.16,0.64,1
2026-02-21 10:21:42.825278,-17.58805169449085,-58.84917159645703,26.09,41.71,1001.34,15.39,4.3,835.02,0.481,0
2026-02-21 11:21:42.825278,-4.629532300007668,-44.69990256671386,23.36,82.35,1018.02,7.74,7.24,556.07,0.368,0
2026-02-21 12:21:42.825278,-29.29054280144316,-40.79310130501193,35.35,52.33,1022.14,6.06,1.64,746.45,0.809,1
2026-02-21 13:21:42.825278,-27.270600845350582,-45.81650176077661,23.35,53.72,1011.45,4.84,2.68,701.53,0.381,0
2026-02-21 14:21:42.825278,-21.516074331183884,-53.059512509515294,27.53,78.87,1030.08,43.27,0.2,519.33,0.98,1
2026-02-21 15:21:42.825278,-18.850291565590364,-40.68980694691896,21.97,42.58,1003.06,56.84,4.91,770.58,0.361,1
2026-02-21 16:21:42.825278,-20.045288663367295,-53.31882562322369,27.33,55.8,1000.6,11.48,7.9,698.53,0.463,0
2026-02-21 17:21:42.825278,-1.3928786816023688,-54.12734347171904,31.36,45.63,1033.99,2.19,10.02,544.04,0.447,1
2026-02-21 18:21:42.825278,-17.45869749937159,-43.66774388101291,23.99,48.77,1011.81,10.08,2.13,601.2,0.53,0
2026-02-21 19:21:42.825278,-2.4128211124929067,-42.117946716820576,24.23,58.43,1014.77,83.62,2.33,261.01,0.466,1
2026-02-21 20:21:42.825278,-17.54837497519941,-38.94294753129461,23.58,100.0,1033.83,9.4,6.35,734.16,0.392,0
2026-02-21 21:21:42.825278,-2.272443366832885,-58.44886848945426,25.18,55.28,1006.12,12.99,4.17,747.86,0.87,0
2026-02-21 22:21:42.825278,-21.688315674803157,-53.44571120645961,11.92,54.13,1022.81,11.82,8.51,539.88,0.579,0
2026-02-21 23:21:42.825278,-18.87083826936825,-46.83965974012804,19.82,73.87,1020.69,7.87,9.48,678.9,0.663,0
2026-02-22 00:21:42.825278,-24.8056456816077,-43.00728426802262,13.65,66.94,1010.17,42.03,0.17,548.0,0.703,1
2026-02-22 01:21:42.825278,-16.180565008224264,-49.29560781344624,27.73,37.42,1040.0,3.32,0.15,780.1,0.588,1
2026-02-22 02:21:42.825278,-26.277255344049202,-54.726182018681165,35.0,50.19,1018.92,1.02,22.64,587.28,0.938,1
2026-02-22 03:21:42.825278,-17.13086671122764,-40.45014286222349,32.45,81.16,1008.25,25.31,5.82,462.3,0.591,1
2026-02-22 04:21:42.825278,-0.5761471983846249,-40.32600792589508,25.3,100.0,996.46,17.32,6.85,912.6,0.232,0
2026-02-22 05:21:42.825278,-15.754622271693716,-45.652214849165055,22.79,27.87,1006.14,25.76,6.07,616.65,0.428,1
2026-02-22 06:21:42.825278,0.9719710024197745,-41.11908672000121,30.65,56.44,988.54,13.94,12.75,484.83,0.485,0
2026-02-22 07:21:42.825278,-14.955398970277743,-56.29555674176316,34.71,62.76,1006.7,1.2,10.59,398.12,0.586,1
2026-02-22 08:21:42.825278,-11.116696977057263,-55.425057084947525,36.24,54.38,997.94,23.16,1.65,627.14,0.52,1
2026-02-22 09:21:42.825278,-14.119038431699444,-38.71412405356313,38.26,74.31,1007.28,0.33,6.3,787.96,0.837,1
2026-02-22 10:21:42.825278,-3.381372926344728,-41.857703777131356,33.54,71.03,998.33,11.49,10.09,956.17,0.476,1
2026-02-22 11:21:42.825278,-18.027312141012523,-36.73151509093968,31.67,35.0,1015.67,19.62,37.48,749.26,0.695,1
2026-02-22 12:21:42.825278,-22.718367100680577,-38.09650538289982,33.96,61.32,1006.42,11.63,2.52,617.48,0.688,1
2026-02-22 13:21:42.825278,-14.144159523957777,-40.70898157011746,30.04,69.75,1021.51,12.76,7.87,462.05,0.72,0
2026-02-22 14:21:42.825278,-1.664725867975534,-36.24188652581817,39.19,53.55,1022.09,14.26,17.07,871.17,0.41,1
2026-02-22 15:21:42.825278,-0.4405268500743915,-43.15046819208624,27.51,66.68,1007.44,31.19,9.87,718.33,0.383,0
2026-02-22 16:21:42.825278,1.1180304164402983,-49.36170887997792,19.7,18.14,1030.1,4.08,8.81,742.05,0.698,1
2026-02-22 17:21:42.825278,-0.9222547006324042,-36.538338434555925,29.65,28.31,1029.09,1.05,9.06,581.96,0.147,1
2026-02-22 18:21:42.825278,-6.139504703070298,-37.20563632439643,26.84,85.57,995.39,8.39,0.94,542.58,0.563,0
2026-02-22 19:21:42.825278,-25.52679550216755,-51.179849768352355,30.58,93.72,1040.0,0.65,24.1,675.79,0.399,1
2026-02-22 20:21:42.825278,-25.177506776371608,-58.956880178662416,36.85,31.06,1007.98,9.74,1.39,524.7,0.377,1
2026-02-22 21:21:42.825278,-28.371852627922596,-47.00411582112163,28.08,52.59,1009.23,9.93,19.73,798.45,0.667,1
2026-02-22 22:21:42.825278,0.5169896065522757,-35.68430646508953,31.43,87.76,998.57,20.89,42.31,564.83,0.903,1
2026-02-22 23:21:42.825278,-12.671764250239534,-49.201664415913086,26.46,62.7,980.59,8.23,11.05,709.14,0.505,0
2026-02-23 00:21:42.825278,-18.045706885071326,-52.26730836286756,22.39,81.71,1010.23,23.01,3.17,556.06,0.843,0
2026-02-23 01:21:42.825278,-4.319239589577535,-37.57173834222659,35.11,35.68,1009.05,6.91,4.53,840.27,0.411,1
2026-02-23 02:21:42.825278,-6.519980383425661,-41.70650066035987,31.34,72.26,1004.62,73.99,6.73,984.41,0.42,1
2026-02-23 03:21:42.825278,-5.725314041033553,-36.881510870013415,22.41,44.21,994.74,19.43,3.2,539.61,0.482,0
2026-02-23 04:21:42.825278,-27.700834973077363,-41.10980716245504,36.7,37.56,1003.28,15.39,6.58,511.62,0.7,1
2026-02-23 05:21:42.825278,-6.525928236771861,-48.77173585266273,32.7,65.35,1022.24,83.25,13.69,631.01,0.496,1
2026-02-23 06:21:42.825278,-9.984349923516689,-41.96326155321282,36.71,65.11,1001.82,1.0,6.81,545.0,0.329,1
2026-02-23 07:21:42.825278,-8.524553530044319,-58.69606922866677,35.21,65.92,1004.94,8.26,8.9,697.09,0.599,1
2026-02-23 08:21:42.825278,-23.974132408744218,-47.84286069121634,33.22,74.87,1003.89,3.85,7.13,777.35,0.379,1
2026-02-23 09:21:42.825278,-26.335319509815246,-42.081340427248065,34.83,42.83,1005.82,2.88,3.03,336.48,0.778,1
2026-02-23 10:21:42.825278,-29.276835194229893,-57.57728913305472,33.82,34.53,1013.64,2.3,1.9,487.6,0.464,1
2026-02-23 11:21:42.825278,-0.9131295685931633,-57.52772900044208,40.02,51.19,1002.3,26.13,2.92,352.62,0.397,1
2026-02-23 12:21:42.825278,-27.192149786963952,-36.51415942759532,36.68,64.88,1014.3,1.69,8.23,1033.79,0.494,1
2026-02-23 13:21:42.825278,-7.981039978184938,-40.444274988196916,21.19,82.49,1026.56,2.91,3.4,640.69,0.375,0
2026-02-23 14:21:42.825278,-0.015562190535092668,-46.20064511820551,26.99,63.0,1010.87,8.37,4.95,794.49,0.644,0
2026-02-23 15:21:42.825278,-27.926304166009537,-36.05989072209573,33.93,68.93,1004.32,18.2,1.66,675.47,0.525,1
2026-02-23 16:21:42.825278,-15.3106776775141,-43.63558714564654,38.65,60.64,989.97,8.13,15.68,617.74,0.255,1
2026-02-23 17:21:42.825278,2.711188582703862,-40.08498858754058,27.01,42.86,1017.9,4.87,9.43,522.96,0.701,0
2026-02-23 18:21:42.825278,-21.006090113525524,-52.32198262819848,20.93,67.04,1015.71,27.18,5.56,526.87,0.355,0
2026-02-23 19:21:42.825278,-16.405725814481684,-36.00037729405812,16.29,45.8,1019.82,8.73,6.28,532.53,1.0,0
2026-02-23 20:21:42.825278,-1.6455677745814299,-40.80984951354421,35.04,60.34,1021.56,56.39,2.48,779.25,0.658,1
2026-02-23 21:21:42.825278,-2.9720769315012205,-36.836361464109316,26.07,63.44,1004.94,2.81,5.61,507.69,0.494,0
2026-02-23 22:21:42.825278,-18.700677779404156,-55.776397713710374,27.02,68.05,1023.39,18.78,9.91,566.52,0.651,0
2026-02-23 23:21:42.825278,-22.754970895468418,-35.27401895610511,28.92,66.38,1026.24,19.54,8.37,657.44,0.661,0
2026-02-24 00:21:42.825278,-16.757623885833077,-40.94903841527312,26.09,60.32,1022.8,3.25,25.11,814.73,0.504,1
2026-02-24 01:21:42.825278,-25.984241355867987,-44.91794201373529,18.95,30.2,996.83,31.58,0.08,708.75,0.822,1
2026-02-24 02:21:42.825278,4.513447971806968,-45.263919484893776,35.1,29.11,1018.24,53.91,33.0,647.91,0.663,1
2026-02-24 03:21:42.825278,-5.1900010378503865,-35.93033727929824,25.1,43.64,1013.69,16.38,9.28,558.62,0.282,0
2026-02-24 04:21:42.825278,-9.052380508191202,-50.647356567087364,22.27,53.49,1027.85,10.85,12.04,359.5,0.32,0
2026-02-24 05:21:42.825278,4.174546849583997,-53.94900018059884,26.52,45.55,1017.29,7.18,4.67,610.3,0.279,0
2026-02-24 06:21:42.825278,-24.49930119528875,-46.02483652535275,25.07,63.65,1009.45,4.6,8.66,695.08,0.537,0
2026-02-24 07:21:42.825278,-25.514575540290355,-39.856604453089794,8.02,40.33,1015.79,8.43,13.3,479.93,0.583,0
2026-02-24 08:21:42.825278,-16.952803397374964,-53.932640038606635,35.33,61.24,989.45,42.44,6.87,326.54,0.226,1
2026-02-24 09:21:42.825278,-8.729703825700579,-45.60223831456509,30.7,66.62,1018.08,13.87,4.96,546.41,0.363,0
2026-02-24 10:21:42.825278,-2.9113720061876442,-48.656276151561215,41.25,62.51,1023.98,82.12,0.98,657.78,0.342,1
2026-02-24 11:21:42.825278,-4.33398685569329,-49.86321317782553,36.86,85.97,1019.37,14.3,6.2,618.46,0.388,1
2026-02-24 12:21:42.825278,-10.897799637127186,-48.45047935833975,25.36,82.7,1003.1,4.77,3.36,926.89,0.508,0
2026-02-24 13:21:42.825278,-13.874022395858994,-36.11297763047925,24.81,72.55,1008.51,4.68,1.7,1018.09,0.595,0
2026-02-24 14:21:42.825278,-28.44837122192015,-54.473353373819585,16.1,49.6,1013.16,3.15,17.99,982.17,0.756,1
2026-02-24 15:21:42.825278,-2.7029477313106547,-35.921057493597445,22.47,100.0,1011.63,7.34,9.07,218.33,0.268,0
2026-02-24 16:21:42.825278,-0.05863648093630758,-58.745778912532785,8.5,100.0,1014.57,20.6,21.78,483.56,0.674,1
2026-02-24 17:21:42.825278,-25.911568911575706,-50.65666207921332,35.26,76.56,1021.63,19.01,5.66,571.19,0.37,1
2026-02-24 18:21:42.825278,-25.20794726330883,-41.87717142869142,30.97,43.34,1007.2,2.62,3.02,990.35,0.784,0
2026-02-24 19:21:42.825278,-26.01899432051965,-39.27328384459773,21.69,46.14,1018.92,22.86,8.83,515.5,0.669,0
2026-02-24 20:21:42.825278,-24.4843387245236,-54.08790035193115,35.22,49.01,1015.34,1.09,0.09,678.0,0.336,1
2026-02-24 21:21:42.825278,-18.307238656316386,-46.32994935213719,33.8,65.55,1002.72,7.08,8.01,585.83,0.622,1
2026-02-24 22:21:42.825278,2.5805582520082098,-46.73279647343891,18.89,93.04,1018.3,12.28,19.53,894.75,0.293,1
2026-02-24 23:21:42.825278,-8.716458460176792,-44.39928907067966,24.62,47.61,978.18,57.74,10.55,611.72,0.492,1
2026-02-25 00:21:42.825278,4.145182205244566,-41.83836115516172,26.5,70.57,1022.51,6.28,6.4,828.25,0.482,0
2026-02-25 01:21:42.825278,-1.0487452669695543,-39.17827395505026,41.82,67.19,1016.98,12.05,3.84,643.18,0.806,1
2026-02-25 02:21:42.825278,-21.377001048020634,-47.316411691944595,30.58,43.92,997.4,56.43,12.0,499.85,0.659,1
2026-02-25 03:21:42.825278,-0.6289516321396,-41.02093797091547,35.55,69.46,1013.22,3.83,22.97,775.45,0.066,1
2026-02-25 04:21:42.825278,-25.70412381594919,-46.49731402695522,34.98,57.06,1012.37,60.87,23.5,379.09,0.753,1
2026-02-25 05:21:42.825278,-23.82506561891595,-41.95853626289606,31.76,44.53,1014.68,2.16,0.92,524.99,0.637,1
2026-02-25 06:21:42.825278,-13.629370510993535,-51.07545485305606,38.78,68.79,1014.0,11.24,4.06,1007.34,0.47,1
2026-02-25 07:21:42.825278,-20.922196259137678,-41.41711265861822,33.15,79.96,1007.16,7.15,9.68,627.8,0.452,1
2026-02-25 08:21:42.825278,-17.986943876135697,-39.58303151810192,27.75,70.14,1018.54,61.61,13.33,809.65,0.592,1
2026-02-25 09:21:42.825278,-11.257509960216922,-59.58909855169182,25.49,64.99,1010.23,46.88,12.83,653.46,0.247,1
2026-02-25 10:21:42.825278,-0.3363798788293799,-38.4508310960723,32.0,63.62,1024.02,10.89,2.6,650.03,0.51,1
2026-02-25 11:21:42.825278,-12.380856190443843,-51.77848418673307,32.46,70.27,1004.06,0.93,6.45,518.68,0.468,1
2026-02-25 12:21:42.825278,-2.986362576407572,-54.56457914361858,23.59,41.94,1033.22,0.32,2.22,822.93,0.178,0
2026-02-25 13:21:42.825278,0.9459730478810116,-40.30728172783953,23.41,30.19,1025.9,21.71,14.84,894.21,0.64,1
2026-02-25 14:21:42.825278,-3.7813263510088255,-45.70656722099194,34.61,43.17,1019.6,29.38,13.81,530.43,0.273,1
2026-02-25 15:21:42.825278,-26.509673997687596,-41.41596873780189,27.27,66.29,1021.67,2.8,21.85,644.49,0.595,1
2026-02-25 16:21:42.825278,-9.181114875418007,-40.56928699995856,29.2,40.84,1020.05,37.3,30.53,709.43,0.807,1
2026-02-25 17:21:42.825278,-15.045140215543531,-49.44215305359919,28.28,74.71,1005.16,76.6,2.37,728.62,0.573,1
2026-02-25 18:21:42.825278,-21.17162733230667,-58.22430854996797,22.81,59.68,1004.99,4.57,0.9,582.99,0.734,0
2026-02-25 19:21:42.825278,-6.293744421348396,-44.54906298595564,27.22,77.1,1018.41,37.82,8.23,666.08,0.747,1
2026-02-25 20:21:42.825278,-20.29482003060518,-37.99808227790389,33.38,61.83,1010.73,53.15,2.3,564.28,0.583,1
2026-02-25 21:21:42.825278,-7.357119282177653,-38.25957503875327,33.98,71.99,1027.26,72.57,9.26,623.01,0.327,1
2026-02-25 22:21:42.825278,-16.529218869048968,-40.43162896607431,23.86,24.08,1018.86,1.09,1.3,358.14,0.4,1
2026-02-25 23:21:42.825278,-21.7569941955168,-40.175444106879056,31.53,57.32,1001.53,0.42,3.41,551.29,0.603,1
2026-02-26 00:21:42.825278,1.0917119372566013,-37.2625239264821,24.99,55.12,994.42,32.62,10.09,853.93,0.808,0
2026-02-26 01:21:42.825278,2.9170707939237417,-57.67260003642457,23.05,52.83,989.26,12.4,6.25,836.97,0.302,0
2026-02-26 02:21:42.825278,-7.422042376455959,-45.55446234320965,27.64,39.78,1010.33,45.89,5.24,249.18,0.543,1
2026-02-26 03:21:42.825278,-1.2773136982716267,-40.498476919545794,26.3,26.8,1013.07,11.26,6.64,634.62,0.938,1
2026-02-26 04:21:42.825278,-17.592865722611457,-39.676175408819844,29.24,59.96,1003.02,20.66,0.38,636.63,0.4,0
2026-02-26 05:21:42.825278,-4.118074503253531,-47.64410183980968,20.34,61.64,1008.02,9.54,20.39,986.25,0.549,1
2026-02-26 06:21:42.825278,-22.33960276846586,-40.97566088670867,31.02,65.5,1011.32,20.46,0.8,559.68,0.676,1
2026-02-26 07:21:42.825278,-14.742292818810512,-35.36488041298421,27.24,61.97,1009.59,15.66,5.55,706.09,0.679,0
2026-02-26 08:21:42.825278,-20.935137434512853,-37.458271359192665,35.76,54.18,1024.66,18.22,1.22,589.84,0.329,1
2026-02-26 09:21:42.825278,-15.582708023704306,-55.74261039369916,31.21,31.37,1040.0,12.53,2.28,855.79,0.757,1
2026-02-26 10:21:42.825278,-17.471126105411706,-37.970747788145644,36.11,78.27,1014.55,2.37,3.75,693.3,0.797,1
2026-02-26 11:21:42.825278,0.11226171829947873,-56.493295959114285,35.87,42.32,1010.15,8.89,0.12,661.57,0.739,1
2026-02-26 12:21:42.825278,-0.2569208719176217,-58.502382474915905,23.52,43.07,1026.84,8.8,1.83,566.72,0.484,0
2026-02-26 13:21:42.825278,-4.583660729999465,-42.94282195590756,37.33,76.4,1023.35,8.55,0.64,471.82,0.508,1
2026-02-26 14:21:42.825278,-26.35027847589588,-37.58906410703159,32.1,62.69,1027.74,4.12,7.71,444.55,0.569,1
2026-02-26 15:21:42.825278,2.4429231973713783,-51.6542119074482,32.44,40.81,992.04,22.04,6.67,470.71,0.794,1
2026-02-26 16:21:42.825278,-23.69182218635386,-47.24010943699753,21.21,60.32,1007.15,9.46,3.06,413.68,0.589,0
2026-02-26 17:21:42.825278,-6.422098422621488,-58.278561559811465,27.96,80.8,1016.73,41.14,4.75,477.23,0.505,1
2026-02-26 18:21:42.825278,-24.164336326812986,-48.85445544820802,25.48,18.5,1034.95,49.82,0.91,481.27,0.867,1
2026-02-26 19:21:42.825278,-22.46023337374515,-39.278435670811206,28.23,64.16,1019.81,2.01,18.05,769.62,0.705,1
2026-02-26 20:21:42.825278,-28.714513388292957,-40.02593686857572,25.79,50.39,992.87,19.49,7.49,744.18,0.611,0
2026-02-26 21:21:42.825278,2.3384218438725526,-55.97225237035417,23.4,26.06,1024.5,11.08,2.71,609.62,0.536,1
2026-02-26 22:21:42.825278,4.354310827102722,-44.380001948181295,13.51,60.29,985.25,8.03,4.99,781.8,0.387,0
2026-02-26 23:21:42.825278,-10.518793563689727,-38.93086409624247,24.58,66.89,1026.17,47.67,4.71,773.1,0.293,1
2026-02-27 00:21:42.825278,-16.76461112173739,-44.34086145059355,33.5,29.66,1019.21,2.42,1.68,985.14,0.672,1
2026-02-27 01:21:42.825278,-23.94606663889237,-36.92817063780274,26.02,96.37,1014.31,2.1,2.51,482.07,0.424,0
2026-02-27 02:21:42.825278,-25.482421714260965,-54.16855896365005,24.05,100.0,999.64,29.16,12.26,676.39,0.538,0
2026-02-27 03:21:42.825278,-27.593028931009826,-40.19735551462605,26.56,69.03,1015.2,4.85,4.87,565.77,0.321,0
2026-02-27 04:21:42.825278,-11.72148619515906,-58.66673025403527,30.15,95.61,1005.55,42.05,53.13,789.43,0.611,1
2026-02-27 05:21:42.825278,-23.344614798058632,-43.07398287130707,35.78,25.54,1015.74,20.72,31.05,554.88,0.354,1
2026-02-27 06:21:42.825278,-11.034166617956163,-55.74463412794988,37.05,51.83,1019.08,0.65,10.96,631.59,0.292,1
2026-02-27 07:21:42.825278,-12.24385247621229,-56.76115655598761,32.41,53.17,1022.72,17.71,1.38,498.84,0.448,1
2026-02-27 08:21:42.825278,-12.392603778240918,-47.633292944316416,31.3,44.65,998.5,7.26,6.63,560.78,0.522,1
2026-02-27 09:21:42.825278,-11.604175356006927,-56.52635160143129,38.62,100.0,1019.59,94.17,44.31,672.67,0.651,1
2026-02-27 10:21:42.825278,-1.968963033228718,-49.82017875785366,25.6,20.82,1007.3,35.09,0.31,475.99,0.494,1
2026-02-27 11:21:42.825278,2.026950542165409,-37.94873707585086,26.45,83.95,1020.34,12.28,38.03,459.41,0.114,1
2026-02-27 12:21:42.825278,2.247859094483154,-45.99989089806853,27.35,49.3,1017.57,16.46,8.08,635.0,0.742,0
2026-02-27 13:21:42.825278,-7.77321254291288,-54.07014122165161,32.55,67.53,1019.28,24.38,45.37,738.67,0.641,1
2026-02-27 14:21:42.825278,3.299193049855546,-56.221650003777654,44.21,58.48,1023.24,25.87,10.21,565.22,0.623,1
2026-02-27 15:21:42.825278,-19.045378612714337,-55.985328231921855,38.02,64.25,1022.57,31.37,6.31,530.9,0.322,1
2026-02-27 16:21:42.825278,-16.64614051342587,-35.67662968740744,31.26,59.45,1007.92,4.57,23.25,636.51,0.556,1
2026-02-27 17:21:42.825278,-27.353944388686234,-52.840085539310536,26.17,77.13,1014.33,20.99,28.33,1056.22,0.582,1
2026-02-27 18:21:42.825278,-9.829191303883018,-47.89348926383468,30.48,79.8,1019.11,3.82,8.4,762.14,0.624,0
2026-02-27 19:21:42.825278,-6.289786044379483,-35.06912321031033,20.05,56.51,1003.29,31.03,14.87,736.61,0.607,0
2026-02-27 20:21:42.825278,-18.699901954069162,-57.79613389369252,33.52,81.36,998.24,57.11,0.53,374.43,0.405,1
2026-02-27 21:21:42.825278,-28.633088355560538,-41.4357472314386,34.27,84.3,1000.9,22.14,6.12,724.76,0.834,1
2026-02-27 22:21:42.825278,-19.96771015031088,-41.64711747338953,26.86,60.7,1013.25,36.53,17.15,814.94,0.632,1
2026-02-27 23:21:42.825278,-15.448596431353932,-48.76408061729886,10.38,63.51,1014.89,2.43,7.54,771.35,0.693,0
2026-02-28 00:21:42.825278,-17.7388865944685,-50.70376743240103,28.0,95.84,1032.4,27.06,2.53,751.41,0.46,0
2026-02-28 01:21:42.825278,-12.236158621777356,-51.44646706757402,23.39,47.4,1013.16,12.83,3.67,212.4,0.768,0
2026-02-28 02:21:42.825278,-20.052095227686014,-37.397302363559106,31.38,40.44,1012.87,37.63,1.07,793.06,0.0,1
2026-02-28 03:21:42.825278,-29.71584175370518,-48.91856646601664,25.32,89.14,998.51,50.15,0.72,538.19,0.167,1
2026-02-28 04:21:42.825278,-14.068511768796585,-40.62975697894366,25.37,58.95,1019.63,12.98,6.96,712.53,0.457,0
2026-02-28 05:21:42.825278,-21.76904163063859,-49.23145062796762,24.63,60.8,1021.4,3.84,2.47,922.87,0.265,0
2026-02-28 06:21:42.825278,-14.598839644859812,-50.18887889557688,18.76,67.72,1007.67,7.38,11.86,610.46,0.705,0
2026-02-28 07:21:42.825278,-0.1624914642182418,-52.948309386393085,37.07,55.16,1023.09,9.22,4.16,579.57,0.372,1
2026-02-28 08:21:42.825278,-18.8244887885635,-58.13301417958226,32.32,51.85,1002.11,18.68,45.47,586.73,0.396,1
2026-02-28 09:21:42.825278,4.014646899827596,-55.530592811237824,22.4,27.74,1012.83,48.48,31.93,547.63,0.743,1
2026-02-28 10:21:42.825278,-15.877938365182326,-53.94235790833947,38.88,41.21,1009.16,17.97,3.89,431.15,0.584,1
2026-02-28 11:21:42.825278,3.9312235341041273,-42.01821537326961,28.8,26.07,1016.3,120.0,7.13,858.34,0.78,1
2026-02-28 12:21:42.825278,-0.41618714849865057,-59.75818652882702,32.01,37.41,1015.76,9.6,3.59,770.17,0.728,1
2026-02-28 13:21:42.825278,-8.752970262300838,-52.71332439756657,33.26,61.91,1021.37,28.13,1.93,801.89,0.48,1
2026-02-28 14:21:42.825278,-28.246253952101107,-47.19211721858345,37.91,57.59,1000.94,46.9,6.78,521.15,0.283,1
2026-02-28 15:21:42.825278,0.9959683197442359,-41.12078519261681,39.09,58.06,1012.23,38.13,4.71,648.57,0.703,1
2026-02-28 16:21:42.825278,-5.702142878604608,-58.26768376333395,23.18,84.33,1002.0,2.86,1.64,591.5,0.694,0
2026-02-28 17:21:42.825278,-17.110891661947186,-41.890932335919544,26.1,63.39,1002.69,11.84,30.52,622.09,0.788,1
2026-02-28 18:21:42.825278,-2.870003258413142,-55.17403146765556,23.39,62.25,997.65,22.84,5.39,530.75,0.57,0
2026-02-28 19:21:42.825278,-26.97304452469265,-41.61580875668683,37.93,90.79,1017.24,25.1,1.35,597.33,0.152,1
2026-02-28 20:21:42.825278,4.926424846397595,-49.22516644829576,33.62,81.9,1034.06,114.28,3.55,725.99,0.5,1
2026-02-28 21:21:42.825278,-5.8705902049320535,-45.0436767370737,33.01,59.11,1010.01,24.65,1.52,371.31,0.705,1
2026-02-28 22:21:42.825278,-2.1052581607324754,-40.040096274925226,28.83,90.66,1022.46,3.71,2.74,540.73,0.66,0
2026-02-28 23:21:42.825278,-5.981739015946367,-43.687250180331176,22.0,42.42,1009.77,43.58,5.67,939.68,0.213,1
2026-03-01 00:21:42.825278,-23.252334746331297,-56.68628052237814,19.6,50.3,1017.13,13.62,5.28,599.84,0.603,0
2026-03-01 01:21:42.825278,-26.073050243530258,-39.161635822268565,28.67,38.04,1015.13,6.35,5.27,457.35,0.709,1
2026-03-01 02:21:42.825278,-11.279241458634356,-42.883209314603455,34.62,56.88,1010.96,64.97,0.63,846.38,0.883,1
2026-03-01 03:21:42.825278,-13.324399229716,-56.87791716898384,35.81,65.55,1008.88,36.44,8.96,830.51,0.887,1
2026-03-01 04:21:42.825278,-22.897594000430413,-49.29373249350242,30.15,97.68,1006.28,17.25,20.54,773.63,0.551,1
2026-03-01 05:21:42.825278,-14.031494095379692,-49.74487486791169,22.46,52.19,1025.17,1.18,0.54,631.44,0.446,0
2026-03-01 06:21:42.825278,-4.855780280557401,-54.90693845173711,36.15,81.27,1019.27,20.79,5.03,384.39,0.774,1
2026-03-01 07:21:42.825278,4.224648056481989,-49.32896476577555,18.77,44.76,984.29,1.43,6.44,508.91,0.479,0
2026-03-01 08:21:42.825278,-13.681014060891933,-59.91540033565057,22.7,55.6,990.91,12.25,4.59,705.99,0.734,0
2026-03-01 09:21:42.825278,-25.572816423791103,-58.67318044571582,21.64,74.33,1025.87,12.42,5.05,132.36,0.526,0
2026-03-01 10:21:42.825278,-16.24876964590873,-47.50773492784699,39.55,65.72,1001.81,9.61,3.74,913.77,0.09,1
2026-03-01 11:21:42.825278,1.1358762097667743,-42.590968327088184,38.81,66.02,1018.89,63.72,8.08,669.37,0.428,1
2026-03-01 12:21:42.825278,4.422262202992123,-49.559868817440076,28.66,30.44,995.86,22.58,29.55,844.91,0.489,1
2026-03-01 13:21:42.825278,-18.56467108993906,-50.711469388760285,31.51,43.13,1009.33,25.84,3.64,682.31,0.92,1
2026-03-01 14:21:42.825278,-16.366533706960634,-47.03704668475718,34.34,29.81,1014.77,5.8,0.14,510.56,0.979,1
2026-03-01 15:21:42.825278,-15.070084835096239,-58.19284418624208,36.64,64.89,1022.36,2.21,5.72,520.84,0.549,1
2026-03-01 16:21:42.825278,-8.759910373896837,-39.791840026960884,23.36,72.97,1007.36,52.71,0.6,810.27,1.0,1
2026-03-01 17:21:42.825278,-21.332246553388835,-40.71549528199431,25.85,57.75,1012.35,16.87,5.41,594.81,0.667,0
2026-03-01 18:21:42.825278,-11.06251777204843,-52.08744650224273,34.85,49.45,981.88,50.17,5.71,643.04,0.952,1
2026-03-01 19:21:42.825278,-20.856802964360043,-51.8801782302921,25.72,63.96,1017.75,31.54,2.53,733.77,0.559,0
2026-03-01 20:21:42.825278,-18.845363534012385,-55.98808809207395,13.42,64.72,1012.32,26.82,15.67,683.93,0.528,1
2026-03-01 21:21:42.825278,-24.48280188991138,-58.22527022121534,28.29,31.91,1005.0,1.2,6.04,804.83,0.418,1
2026-03-01 22:21:42.825278,-29.71815824311516,-38.936823717809744,29.3,62.33,1020.96,8.06,6.31,812.14,0.789,0
2026-03-01 23:21:42.825278,-5.325537653284673,-57.940456523039735,37.16,42.18,988.62,5.44,1.52,586.13,0.358,1
2026-03-02 00:21:42.825278,-12.729540480310195,-58.42558899633348,23.38,70.87,1020.18,72.79,11.02,1078.47,0.775,1
2026-03-02 01:21:42.825278,-24.57170051987517,-59.61958675772557,29.46,47.59,1015.52,2.21,10.92,791.07,0.27,0
2026-03-02 02:21:42.825278,2.109242413246193,-52.08813670905354,26.27,55.86,1010.35,6.96,9.81,499.59,0.614,0
2026-03-02 03:21:42.825278,-11.427696016702171,-57.43894709418366,30.48,41.81,1028.69,1.61,14.78,445.02,0.419,0
2026-03-02 04:21:42.825278,0.5008222616595113,-37.446653288824876,20.65,32.85,1031.09,1.17,7.2,747.7,0.732,1
2026-03-02 05:21:42.825278,-21.6428747088154,-41.55972095669668,23.05,47.11,1021.1,22.65,13.37,461.06,0.461,0
2026-03-02 06:21:42.825278,-26.781240143887025,-45.61545740975146,36.23,11.96,1002.66,11.84,4.98,558.28,0.675,1
2026-03-02 07:21:42.825278,-8.863664494932973,-44.85570408444066,28.18,68.66,1015.76,9.63,5.58,398.98,0.57,0
2026-03-02 08:21:42.825278,-5.8678795285565,-37.42558190956358,22.65,78.75,1029.79,6.99,13.51,818.84,0.765,0
2026-03-02 09:21:42.825278,-3.2847256604368376,-38.28560919906366,28.87,57.57,1001.68,39.72,5.04,570.53,0.729,1
2026-03-02 10:21:42.825278,-18.115047451816167,-37.61095674182806,36.33,52.89,1030.11,1.69,5.43,728.14,0.532,1
2026-03-02 11:21:42.825278,-14.483799773232196,-55.693379641105295,26.78,43.92,1019.03,7.66,8.71,958.22,0.524,0
2026-03-02 12:21:42.825278,3.64227654280009,-57.086332807120066,22.15,75.16,1006.64,2.63,3.08,635.29,0.695,0
2026-03-02 13:21:42.825278,-4.036548175671971,-35.69542579532397,26.28,31.27,1018.61,7.15,3.08,864.67,0.311,1
2026-03-02 14:21:42.825278,-11.421722516835434,-50.364395547833894,26.18,55.65,1008.23,23.19,3.9,691.7,0.255,0
2026-03-02 15:21:42.825278,1.3138411016433764,-58.86854215323621,30.67,72.84,1002.88,22.24,2.73,471.65,0.429,0
2026-03-02 16:21:42.825278,-11.937836217365803,-37.24432001793882,17.22,94.94,1005.64,43.93,8.84,577.5,0.942,1
2026-03-02 17:21:42.825278,-3.9035133188314575,-40.67420253235707,18.04,57.26,1021.45,6.25,8.17,964.96,0.238,0
2026-03-02 18:21:42.825278,-15.300497054041744,-56.175105333045636,39.55,53.83,1011.62,3.25,4.28,907.77,0.467,1
2026-03-02 19:21:42.825278,-5.621422223852218,-47.319657958047756,36.22,74.76,1004.26,1.58,5.95,529.68,1.0,1
2026-03-02 20:21:42.825278,-5.25846844134977,-41.38123267370238,24.26,91.39,1025.19,9.85,7.27,988.69,0.328,0
2026-03-02 21:21:42.825278,-8.077221224168301,-56.71937620556774,21.98,48.66,1036.87,48.64,14.21,992.84,0.549,1
2026-03-02 22:21:42.825278,-10.15745167371104,-45.30144404029339,25.3,19.82,1009.38,21.42,24.5,533.97,0.563,1
2026-03-02 23:21:42.825278,-8.76822118666463,-55.35697036247581,31.14,51.21,1014.4,6.03,8.83,599.37,0.526,1
2026-03-03 00:21:42.825278,-0.8845356727162681,-52.24174982163592,23.68,48.89,1003.48,29.4,1.53,846.57,0.945,0
2026-03-03 01:21:42.825278,-7.180320114695078,-44.97176475174328,27.55,80.54,1011.8,1.46,0.46,765.58,0.293,0
2026-03-03 02:21:42.825278,-20.90421307425676,-55.244002904780025,41.44,43.75,1002.07,17.11,23.31,462.09,0.767,1
2026-03-03 03:21:42.825278,-17.161646683558594,-53.19364101538835,32.03,87.31,1009.56,10.97,15.0,475.82,0.489,1
2026-03-03 04:21:42.825278,0.47325671665645785,-59.42134372432341,22.19,48.69,1014.41,43.75,28.7,742.09,0.232,1
2026-03-03 05:21:42.825278,-23.219492483119375,-54.427028457853986,27.9,62.65,1005.39,18.49,8.76,862.73,0.451,0
2026-03-03 06:21:42.825278,-11.323139429568386,-57.363359249764514,27.1,47.82,997.89,36.41,2.67,642.53,0.683,1
2026-03-03 07:21:42.825278,-9.068396213654179,-55.19642878258614,34.6,45.45,997.36,32.23,3.65,582.98,0.863,1
2026-03-03 08:21:42.825278,-2.5296090802139055,-35.593209989074005,31.29,52.12,1025.92,18.98,4.41,730.17,0.602,1
2026-03-03 09:21:42.825278,-4.16853682450278,-51.816361465024585,28.11,70.35,1019.55,5.95,0.12,558.64,0.717,0
2026-03-03 10:21:42.825278,-20.018160080045284,-40.17837532243822,19.5,71.63,993.12,29.71,3.91,677.36,0.471,0
2026-03-03 11:21:42.825278,-1.1547708180038043,-51.66705462086895,34.64,100.0,999.18,1.31,23.68,702.57,1.0,1
2026-03-03 12:21:42.825278,-0.6212110108030764,-38.35593175257931,32.73,60.82,991.51,11.23,3.18,853.81,0.791,1
2026-03-03 13:21:42.825278,-9.228333005099337,-35.06638626791255,25.86,46.13,1022.55,5.53,3.27,699.41,0.513,0
2026-03-03 14:21:42.825278,-7.603624737086182,-54.32882261247359,30.79,52.8,1008.5,9.82,14.39,734.67,0.681,0
2026-03-03 15:21:42.825278,-11.856063322421093,-37.211273792370676,31.39,41.75,1006.45,22.2,6.2,562.88,0.711,1
2026-03-03 16:21:42.825278,-7.080051649113596,-58.996780273043605,37.09,75.29,997.1,13.89,14.33,546.95,0.32,1
2026-03-03 17:21:42.825278,-20.23726419768093,-36.271696177083385,23.09,74.07,1023.93,2.48,33.55,653.21,1.0,1
2026-03-03 18:21:42.825278,-16.622325633198813,-37.533181110909055,23.11,40.5,1016.03,16.29,7.51,562.02,0.677,0
2026-03-03 19:21:42.825278,-3.2089543463597607,-51.052786731857765,20.93,48.74,1025.47,25.55,0.27,735.43,0.56,0
2026-03-03 20:21:42.825278,4.343561023883673,-52.956185541456485,23.78,58.12,1014.28,8.75,0.96,835.86,0.559,0
2026-03-03 21:21:42.825278,-20.097522482098363,-51.24462174671226,31.98,73.48,993.78,47.86,15.54,881.3,0.519,1
2026-03-03 22:21:42.825278,-15.191308155328455,-53.69232148103405,30.27,49.35,1012.24,0.05,3.76,783.21,0.51,0
2026-03-03 23:21:42.825278,-2.3490633425200365,-49.03221127790499,22.38,93.7,987.76,15.69,15.52,816.32,0.44,1
2026-03-04 00:21:42.825278,-10.192318795778345,-52.48676125707132,22.35,32.23,996.18,45.54,6.84,758.16,0.684,1
2026-03-04 01:21:42.825278,-28.71865994552297,-49.096322502106375,25.47,55.79,1000.39,32.86,7.81,503.01,0.806,0
2026-03-04 02:21:42.825278,3.053919325354954,-42.268447655512496,17.8,23.85,1013.73,22.06,4.32,792.15,0.697,1
2026-03-04 03:21:42.825278,-8.726167975051425,-47.46642798938052,22.55,35.15,1018.34,28.43,23.68,591.91,0.691,1
2026-03-04 04:21:42.825278,-15.789797935127345,-39.78994250506097,34.71,100.0,1012.8,13.02,0.34,791.28,0.515,1
2026-03-04 05:21:42.825278,-13.60035183533056,-38.86532631018845,32.78,90.67,1030.36,6.33,14.36,539.87,0.388,1
2026-03-04 06:21:42.825278,-20.119112975102766,-43.23716003453081,32.06,38.38,1021.88,35.33,27.73,653.1,0.817,1
2026-03-04 07:21:42.825278,-8.12419503739778,-44.429526928545066,34.85,62.87,998.09,8.78,4.67,454.94,0.564,1
2026-03-04 08:21:42.825278,-17.417929315175805,-58.41376097808491,30.96,53.92,998.54,8.73,0.99,640.42,0.819,0
2026-03-04 09:21:42.825278,-9.491078745503657,-44.84136736288471,26.38,48.41,998.67,33.59,0.74,640.54,0.781,0
2026-03-04 10:21:42.825278,-0.6998399036208944,-52.04983951513999,35.25,44.52,1003.89,64.93,0.71,778.28,0.58,1
2026-03-04 11:21:42.825278,-4.704073127993251,-35.97784676937565,23.88,52.96,1011.15,16.62,2.74,563.84,0.0,0
2026-03-04 12:21:42.825278,-27.742058624168816,-47.85045538589743,38.13,48.29,998.83,4.16,2.31,741.43,0.652,1
2026-03-04 13:21:42.825278,4.805056272009466,-43.69729148710158,21.76,30.85,1032.71,6.75,19.36,649.37,0.651,1
2026-03-04 14:21:42.825278,-19.84298265727049,-40.746944808255805,30.2,49.87,1009.73,67.79,33.88,678.92,0.549,1
2026-03-04 15:21:42.825278,-21.387405020311004,-45.44976797795218,32.41,32.84,1007.56,9.92,8.72,612.52,0.443,1
2026-03-04 16:21:42.825278,-29.377178849551118,-41.26261236345811,24.68,63.56,1028.81,27.91,0.28,732.07,0.389,0
2026-03-04 17:21:42.825278,-28.42963879280901,-45.951146437253286,44.52,88.24,1006.37,9.31,9.21,907.41,0.59,1
2026-03-04 18:21:42.825278,-8.635607870721689,-45.626127861178595,21.2,85.52,995.09,22.41,1.41,461.51,0.557,0
2026-03-04 19:21:42.825278,2.9833477656971894,-44.76480207509238,27.0,73.36,1025.13,12.38,10.14,556.2,0.673,0
2026-03-04 20:21:42.825278,-18.235433183089906,-54.4068566874179,34.0,57.52,997.5,35.44,5.8,381.84,0.776,1
2026-03-04 21:21:42.825278,-12.831564204108439,-42.96106163426512,28.67,57.23,981.19,60.72,28.23,569.47,0.72,2
2026-03-04 22:21:42.825278,3.7409901791353875,-42.766478383094686,37.38,43.4,1017.55,8.15,5.56,838.44,0.599,1
2026-03-04 23:21:42.825278,-16.06477506229844,-56.991833565061626,32.57,36.89,981.16,12.43,17.24,937.58,0.721,1
2026-03-05 00:21:42.825278,-16.37052601078136,-59.27280953527564,31.4,79.34,1015.87,2.6,3.97,849.01,0.537,1
2026-03-05 01:21:42.825278,0.3739769805979307,-57.66971323062826,29.23,35.97,995.96,0.95,1.01,730.53,0.469,1
2026-03-05 02:21:42.825278,-27.780930352106775,-52.53247746639032,37.12,85.24,997.15,22.93,13.33,554.1,0.542,1
2026-03-05 03:21:42.825278,-21.29495113073981,-55.797328469846654,21.17,65.54,1032.44,4.38,2.97,630.45,0.756,0
2026-03-05 04:21:42.825278,-8.166745762769374,-50.580806494889714,26.97,45.31,992.8,33.9,1.31,777.17,0.37,0
2026-03-05 05:21:42.825278,-15.830875310517113,-59.008467375643235,26.09,46.61,993.59,11.71,6.28,682.66,0.196,0
2026-03-05 06:21:42.825278,-12.184838245327906,-52.09554872809479,29.05,85.23,1016.79,33.57,32.4,623.03,0.36,1
2026-03-05 07:21:42.825278,-20.16987666623457,-43.41705390813797,36.99,60.76,1013.73,38.41,3.19,799.71,0.512,1
2026-03-05 08:21:42.825278,-3.5096654314763427,-35.46474199080235,26.31,89.98,1023.19,14.44,2.36,663.02,0.69,0
2026-03-05 09:21:42.825278,-26.614805825710466,-41.40593314367774,11.47,55.58,1001.11,29.39,5.04,569.65,0.743,0
2026-03-05 10:21:42.825278,3.5172702899452375,-54.76328920486911,23.16,75.18,1012.02,54.31,5.63,713.36,0.036,1
2026-03-05 11:21:42.825278,-18.279365335346743,-46.657462570586205,19.48,49.39,1011.35,5.43,1.92,698.88,0.752,0
2026-03-05 12:21:42.825278,-3.2710914842595393,-36.079349056267986,22.25,48.5,1003.22,40.63,6.57,214.15,0.753,1
2026-03-05 13:21:42.825278,-12.295882200132517,-55.94670136812074,22.78,76.59,1013.86,33.28,7.07,516.96,0.506,0
2026-03-05 14:21:42.825278,-13.56228768339317,-41.19801406176052,20.4,46.61,1000.74,2.82,0.87,714.29,0.371,0
2026-03-05 15:21:42.825278,-0.5080480398078429,-35.17587495451694,29.63,45.28,986.52,22.39,22.14,743.2,0.415,1
2026-03-05 16:21:42.825278,-5.888741218864343,-56.66953514899692,37.11,60.22,1017.1,0.98,12.19,592.11,0.241,1
2026-03-05 17:21:42.825278,-4.767360808033104,-40.440855121221006,33.8,56.36,1019.16,20.85,7.38,827.93,0.563,1
2026-03-05 18:21:42.825278,-29.889144005155988,-52.94720984741006,20.15,63.11,1015.08,11.7,13.49,777.63,0.97,0
2026-03-05 19:21:42.825278,-29.903715155612765,-50.85748674512316,17.44,68.39,1002.42,11.74,2.87,387.71,0.518,0
2026-03-05 20:21:42.825278,2.3780321370149196,-58.650684186227174,28.21,82.37,993.91,61.24,2.65,813.52,0.57,1
2026-03-05 21:21:42.825278,4.663108303852425,-42.46575345668464,34.17,51.36,996.01,7.33,3.37,736.01,0.845,1
2026-03-05 22:21:42.825278,-28.6667550943665,-38.0637879087256,24.61,72.58,993.72,5.41,7.55,682.46,0.509,0
2026-03-05 23:21:42.825278,-11.960214319758045,-48.347014518306025,32.3,67.07,1020.6,5.87,4.74,746.13,0.533,1
2026-03-06 00:21:42.825278,-23.864118131987613,-57.760591567639274,28.19,81.75,1021.14,1.3,7.25,995.82,0.512,0
2026-03-06 01:21:42.825278,2.8939324925486787,-53.74665107126889,30.49,80.32,994.4,25.81,5.57,606.76,0.736,0
2026-03-06 02:21:42.825278,-0.8535030445136833,-43.20836125490762,23.14,43.89,1012.24,31.95,1.28,374.2,0.907,0
2026-03-06 03:21:42.825278,0.12083286505829349,-36.61086099494451,30.42,72.5,1025.97,10.23,0.95,1086.57,0.534,0
2026-03-06 04:21:42.825278,-5.861402961400493,-42.006854109982285,19.13,66.21,1013.76,4.87,3.11,709.39,0.455,0
2026-03-06 05:21:42.825278,-28.302592088712164,-52.902042727040275,27.41,83.7,1033.81,18.08,10.11,469.22,0.468,0
2026-03-06 06:21:42.825278,-27.363798510940605,-43.97589010006671,31.46,74.41,1018.44,23.93,2.54,834.52,0.411,1
2026-03-06 07:21:42.825278,4.136635053730259,-35.29278526615235,22.35,70.64,1026.59,13.21,28.22,705.83,0.577,1
2026-03-06 08:21:42.825278,-18.920722018283165,-51.65563019326086,27.53,61.6,1012.14,46.97,3.29,771.7,0.521,1
2026-03-06 09:21:42.825278,-8.061872941408446,-47.39068767152119,38.94,67.04,1009.44,6.27,3.72,471.54,0.374,1
2026-03-06 10:21:42.825278,2.209190929823386,-39.86182843987417,30.37,49.48,1014.24,19.91,5.43,880.76,0.315,0
2026-03-06 11:21:42.825278,-1.1749002927042476,-52.15847727060829,27.1,15.2,994.68,26.65,5.25,690.65,0.28,1
2026-03-06 12:21:42.825278,3.1480913663443246,-58.13105383195549,20.82,93.46,1004.55,17.74,9.25,480.27,0.805,0
2026-03-06 13:21:42.825278,-11.652729836830542,-54.43104716132233,22.3,66.7,1016.38,9.08,7.11,804.75,0.331,0
2026-03-06 14:21:42.825278,-19.184061558284903,-38.89803164044413,23.12,47.8,994.65,25.93,2.21,657.28,0.678,0
2026-03-06 15:21:42.825278,4.518744976515954,-35.00247557476921,38.13,67.33,1018.25,8.79,11.2,382.11,0.59,1
2026-03-06 16:21:42.825278,-10.474328944590233,-48.338822756027724,36.73,100.0,1012.75,33.7,3.08,749.1,0.307,1
2026-03-06 17:21:42.825278,-20.24451848326171,-50.505243463051116,12.74,89.56,1033.79,18.21,3.47,821.25,0.236,0
2026-03-06 18:21:42.825278,-25.349838805036626,-53.674211411696504,32.49,35.42,1010.81,43.98,12.53,526.53,0.645,1
2026-03-06 19:21:42.825278,-18.46237261382963,-58.18711259156094,26.7,100.0,1007.0,20.02,1.73,624.17,0.267,0
2026-03-06 20:21:42.825278,1.9050599048194279,-59.75015562853573,41.39,52.95,1007.47,9.76,7.01,678.77,0.605,1
2026-03-06 21:21:42.825278,-24.33599685560983,-46.61901657713166,40.52,47.63,1014.48,0.12,1.31,889.54,0.482,1
2026-03-06 22:21:42.825278,-20.137507618840445,-44.35816969028103,19.34,50.34,1029.26,32.16,14.99,662.4,0.772,0
2026-03-06 23:21:42.825278,-22.573754071188226,-41.53937246892792,24.34,99.67,1002.4,21.78,1.55,664.36,0.615,0
2026-03-07 00:21:42.825278,-24.248078957010627,-59.48693720718712,29.36,38.19,1031.36,9.0,11.89,810.84,0.633,1
2026-03-07 01:21:42.825278,-5.979963308403505,-42.97226253389351,29.18,63.86,993.78,14.88,9.64,540.48,0.631,0
2026-03-07 02:21:42.825278,-8.214184392837918,-51.88327805266354,19.17,55.58,1014.93,52.07,6.84,836.99,0.544,1
2026-03-07 03:21:42.825278,4.617589172874652,-41.86087006672831,27.81,61.71,1009.73,9.56,2.94,694.06,0.5,0
2026-03-07 04:21:42.825278,-27.765551735381475,-52.754113440508995,22.82,50.14,1008.32,6.45,21.7,650.93,0.344,1
2026-03-07 05:21:42.825278,-13.439223311807496,-45.95766562871313,19.61,49.63,1018.2,36.97,11.34,570.31,0.598,1
2026-03-07 06:21:42.825278,-29.242575850889537,-45.1496824772979,29.47,81.11,1011.73,21.65,10.23,647.2,0.867,0
2026-03-07 07:21:42.825278,-5.28991566514831,-39.75137477117743,17.46,42.29,1015.02,20.66,33.17,839.2,0.384,1
2026-03-07 08:21:42.825278,-0.21137939121990712,-43.04184488421842,21.57,57.15,1015.61,10.36,0.79,506.7,0.71,0
2026-03-07 09:21:42.825278,-4.610452922474202,-54.943478057899675,31.86,43.28,992.68,32.46,3.96,768.07,0.55,1
2026-03-07 10:21:42.825278,2.936200632634069,-55.478149044464715,25.5,52.2,1013.31,5.12,0.78,457.68,0.28,0
2026-03-07 11:21:42.825278,-12.11134927200004,-35.5191601542451,22.97,53.82,1001.06,48.38,16.76,933.83,0.382,1
2026-03-07 12:21:42.825278,-26.925004524652906,-42.186473611409625,28.22,69.15,995.56,18.08,7.14,648.81,0.524,0
2026-03-07 13:21:42.825278,-10.794677907782425,-45.12662891256568,28.25,47.65,1004.57,5.82,9.95,845.79,0.617,0
2026-03-07 14:21:42.825278,-19.651949985491562,-37.19829850279204,24.22,89.24,1009.04,56.54,2.97,576.03,0.344,1
2026-03-07 15:21:42.825278,-1.7602289601432126,-53.10889424394307,24.61,42.28,990.93,10.24,4.24,895.08,0.553,0
2026-03-07 16:21:42.825278,-1.325023574029231,-40.04217165591633,28.34,58.5,1024.53,81.78,7.55,676.28,0.83,1
2026-03-07 17:21:42.825278,-21.875136667213354,-55.821878462030014,31.72,45.45,1026.61,2.61,3.03,707.56,0.531,1
2026-03-07 18:21:42.825278,-5.571410111922688,-46.72859206500665,33.48,60.54,995.1,4.77,8.69,560.01,0.978,1
2026-03-07 19:21:42.825278,-5.9873412508240555,-59.44192817755706,28.09,60.98,1004.0,3.82,8.01,1039.68,0.813,0
2026-03-07 20:21:42.825278,-19.414061705914627,-44.00391234305258,29.23,84.18,1019.12,49.95,1.9,469.62,0.42,1
2026-03-07 21:21:42.825278,-4.21474247307594,-49.83596241440852,25.29,21.58,1019.87,7.59,2.74,288.25,0.44,1
2026-03-07 22:21:42.825278,-10.821879357528672,-40.66206869321765,20.81,80.34,1026.78,1.27,0.65,668.73,0.957,0
2026-03-07 23:21:42.825278,-22.600544447843355,-41.369496832712045,32.93,72.55,1014.6,3.33,11.13,673.06,0.387,1
2026-03-08 00:21:42.825278,-10.683670117529896,-50.290373883831485,18.99,62.14,1016.0,32.2,1.32,708.78,0.644,0
2026-03-08 01:21:42.825278,-11.409619418526155,-41.73521417258458,32.41,61.28,1001.12,6.2,28.78,728.47,0.683,1
2026-03-08 02:21:42.825278,2.6811672337406165,-51.32891738586316,26.24,73.42,1022.95,0.33,3.58,811.75,0.574,0
2026-03-08 03:21:42.825278,-2.3305316433076975,-54.96840994347769,21.76,100.0,1007.91,3.14,12.06,474.69,0.415,0
2026-03-08 04:21:42.825278,-10.459893874690408,-49.74215930892655,14.62,54.72,997.86,14.16,13.08,490.81,0.357,0
2026-03-08 05:21:42.825278,-13.358066783584963,-58.27413958005834,24.46,63.46,1034.75,12.35,2.86,593.2,0.739,0
2026-03-08 06:21:42.825278,0.82182305912578,-41.78096354169041,30.07,41.36,1026.54,22.93,8.62,793.73,0.634,0
2026-03-08 07:21:42.825278,-20.872301506644078,-37.19058465673204,36.89,59.87,1011.71,23.49,4.46,703.33,0.569,1
2026-03-08 08:21:42.825278,-10.684772745792536,-47.33105454940578,21.21,43.1,995.43,1.65,10.12,608.13,0.442,0
2026-03-08 09:21:42.825278,-4.069807951337928,-57.24761736845284,28.85,82.28,1020.12,23.29,24.27,808.58,0.767,1
2026-03-08 10:21:42.825278,-20.838988973591416,-36.88078283910246,23.37,52.18,1005.72,38.89,9.41,781.7,0.318,1
2026-03-08 11:21:42.825278,-27.920895913823017,-39.248172544860566,36.59,51.46,998.8,16.51,5.27,580.21,0.485,1
2026-03-08 12:21:42.825278,-25.68638047123983,-38.424802962519976,26.85,57.03,1002.62,16.6,15.21,675.78,0.328,1
2026-03-08 13:21:42.825278,-23.83662319063893,-37.030886407644346,25.93,48.97,1012.64,11.24,13.61,634.13,0.906,0
2026-03-08 14:21:42.825278,0.10174578936759815,-56.990880955494255,33.26,71.48,1035.5,14.8,3.51,738.17,0.232,1
2026-03-08 15:21:42.825278,-14.590229020572515,-52.98061481849392,30.71,52.72,1002.76,34.39,3.84,521.49,0.659,0
2026-03-08 16:21:42.825278,-15.145329429132543,-57.128598266620585,29.94,40.07,996.26,11.58,15.92,738.54,0.459,1
2026-03-08 17:21:42.825278,4.2979083500356055,-44.759492905027976,28.93,9.44,999.17,15.32,0.76,683.46,0.677,1
2026-03-08 18:21:42.825278,-23.560752583618193,-45.93547365588343,36.68,85.44,996.9,16.65,0.47,709.89,0.761,1
2026-03-08 19:21:42.825278,-7.066080920631517,-37.61310985619015,40.78,53.2,1014.19,0.91,14.54,894.76,0.541,1
2026-03-08 20:21:42.825278,-19.04786052706732,-50.05875354192468,31.08,64.95,1004.25,7.9,0.38,834.68,0.547,1
2026-03-08 21:21:42.825278,-26.65611240759413,-55.14995463961967,25.89,64.72,1025.82,18.07,1.66,680.99,0.581,0
2026-03-08 22:21:42.825278,-11.68353422004348,-37.1860557030335,30.88,74.32,1005.95,5.69,0.55,703.85,0.486,0
2026-03-08 23:21:42.825278,3.955388690710258,-45.067725010969845,30.83,59.65,992.75,4.45,33.07,655.65,0.563,1
2026-03-09 00:21:42.825278,-27.11665617925526,-43.234056341838865,20.83,72.49,1008.72,12.1,0.08,680.82,0.46,0
2026-03-09 01:21:42.825278,-24.38031677671383,-40.83456339676714,22.19,63.28,1016.93,4.31,3.57,1086.7,0.444,0
2026-03-09 02:21:42.825278,-6.59679185659094,-46.14463211702793,32.74,53.99,1011.19,26.9,0.5,500.13,0.726,1
2026-03-09 03:21:42.825278,-6.870904551553171,-59.6765776931161,31.4,49.71,999.49,4.79,26.3,412.18,0.747,1
2026-03-09 04:21:42.825278,2.539412453290595,-41.48514501309533,23.06,30.73,1023.55,7.66,15.78,657.57,0.503,1
2026-03-09 05:21:42.825278,-2.8847242139897915,-41.19355183815435,32.28,54.1,1019.37,11.28,16.02,557.57,0.819,1
2026-03-09 06:21:42.825278,-0.39961684807572695,-58.82614901918996,24.07,72.59,1011.3,10.75,5.88,318.52,0.153,0
2026-03-09 07:21:42.825278,-23.86703704440395,-40.787969267817346,31.16,62.96,981.62,18.63,19.23,641.78,0.554,1
2026-03-09 08:21:42.825278,-0.6503872810693814,-35.266124621812025,30.96,59.42,989.51,7.25,8.57,1045.34,0.481,0
2026-03-09 09:21:42.825278,-29.046701409552508,-52.690497182118406,26.58,81.58,986.09,6.23,33.11,560.18,0.198,1
2026-03-09 10:21:42.825278,-26.38533420638349,-53.48433716657311,28.48,47.9,1002.99,8.26,0.13,761.54,0.641,0
2026-03-09 11:21:42.825278,-27.786108919399766,-50.878309766989716,31.31,57.62,1018.01,13.45,3.51,705.64,0.562,1
2026-03-09 12:21:42.825278,4.912587621841894,-40.63212554972022,27.1,8.68,1006.72,0.22,5.88,972.1,0.553,1
2026-03-09 13:21:42.825278,-23.615066007881023,-59.44765632238063,30.13,73.18,1009.25,102.07,23.26,726.49,0.885,1
2026-03-09 14:21:42.825278,-9.325984876621177,-46.52519977270098,24.06,93.52,1002.51,5.56,14.46,713.64,0.568,0
2026-03-09 15:21:42.825278,-28.892753397547366,-36.8256607302058,33.46,45.79,1032.03,16.42,4.49,830.24,0.532,1
2026-03-09 16:21:42.825278,-24.362051357901095,-57.40827161294408,25.58,49.86,1010.37,16.85,6.73,641.27,0.59,0
2026-03-09 17:21:42.825278,4.952887151310719,-36.38827617971148,22.93,49.09,1009.8,6.32,3.11,1027.48,0.611,0
2026-03-09 18:21:42.825278,-3.7830535727057217,-53.85242393591833,20.93,38.08,1002.36,8.89,5.36,947.81,0.792,1
2026-03-09 19:21:42.825278,-13.724929544065748,-52.60964099472885,26.16,70.42,1016.85,9.82,8.82,658.41,0.41,0
2026-03-09 20:21:42.825278,-28.42566017890722,-59.2702289876383,18.75,77.71,1017.56,2.7,10.31,701.06,0.349,0
2026-03-09 21:21:42.825278,-7.194258773174635,-44.76332992233818,28.23,75.91,1012.35,13.25,37.26,465.33,0.555,1
2026-03-09 22:21:42.825278,-13.533506212373936,-55.441780936123216,37.82,76.46,1000.92,11.38,0.68,636.96,0.758,1
2026-03-09 23:21:42.825278,3.683311452946363,-56.27994732178859,31.92,100.0,1026.31,46.03,7.9,613.56,0.324,1
2026-03-10 00:21:42.825278,-7.083311502281234,-42.49288919826756,26.55,65.48,1026.89,1.36,0.34,802.34,0.257,0
2026-03-10 01:21:42.825278,0.10719730223542712,-48.85628442329819,29.46,80.62,1027.82,6.94,2.23,850.53,0.432,0
2026-03-10 02:21:42.825278,-9.480310305313353,-53.661533437020616,24.72,95.8,1015.55,24.96,4.67,678.85,0.622,0
2026-03-10 03:21:42.825278,-13.875306557751994,-58.11719191357176,25.55,40.45,1024.35,0.9,18.64,324.5,0.522,1
2026-03-10 04:21:42.825278,-4.926470474028093,-37.85244055793591,23.7,73.21,1001.37,24.72,15.04,645.97,0.415,1
2026-03-10 05:21:42.825278,-5.839866452324586,-59.998796902642205,35.18,61.73,1020.92,17.43,8.74,851.62,0.589,1
2026-03-10 06:21:42.825278,-8.660435874695963,-37.30600021898819,20.74,66.05,1015.08,21.63,33.86,755.07,0.524,1
2026-03-10 07:21:42.825278,-21.631661245468468,-44.23933838215857,23.43,89.18,1009.22,44.81,9.2,756.32,0.268,1
2026-03-10 08:21:42.825278,3.9483216736015336,-35.31115427846086,32.94,66.06,1004.38,54.99,1.16,515.06,0.483,1
2026-03-10 09:21:42.825278,-9.364549928632737,-44.90456952579321,20.21,69.03,1009.32,44.39,3.98,966.41,0.436,1
2026-03-10 10:21:42.825278,-6.795143626038474,-50.44257462597594,17.28,39.83,1009.04,20.88,10.84,369.12,0.435,1
2026-03-10 11:21:42.825278,-3.2377402000259217,-59.83709210770312,35.68,88.99,1010.64,17.9,5.14,779.81,0.601,1
2026-03-10 12:21:42.825278,-10.17663697864274,-40.00534521349735,24.97,61.6,1024.46,28.72,4.61,291.41,0.448,0
2026-03-10 13:21:42.825278,-12.990402690193296,-39.93744915336399,37.28,48.63,1008.55,13.22,6.02,672.57,0.428,1
2026-03-10 14:21:42.825278,-6.1552514389820026,-35.35496623128696,28.7,64.88,997.08,8.73,7.04,664.41,0.715,0
2026-03-10 15:21:42.825278,-5.005701936029055,-49.271187386202556,36.25,46.19,1017.29,3.19,1.42,538.89,0.69,1
2026-03-10 16:21:42.825278,-13.604952082666227,-37.10108511335805,19.84,68.06,1017.06,10.03,7.07,610.99,0.107,0
2026-03-10 17:21:42.825278,-22.185230557365934,-42.84521248788495,23.61,40.38,1023.41,28.01,15.42,790.66,0.465,1
2026-03-10 18:21:42.825278,-23.05109290102371,-59.913288518912616,25.73,76.2,995.86,33.94,3.3,264.31,0.601,0
2026-03-10 19:21:42.825278,-11.544964658821051,-51.85963732181344,33.14,73.08,995.79,10.66,19.31,1200.0,0.115,1
2026-03-10 20:21:42.825278,-15.414685160239973,-40.26842507521788,18.3,49.46,1015.33,16.12,7.55,836.74,0.357,0
2026-03-10 21:21:42.825278,-28.8154470208449,-39.73517097807476,34.78,67.83,1004.14,1.55,3.76,656.68,0.404,1
2026-03-10 22:21:42.825278,-7.140247952644874,-55.714171470545296,31.77,56.25,1028.41,47.16,29.3,603.12,0.489,1
2026-03-10 23:21:42.825278,3.6900510156417567,-39.690118956348826,31.96,57.35,1013.02,4.76,26.22,196.32,0.553,1
2026-03-11 00:21:42.825278,-0.6020713998580192,-57.81648964715139,17.04,35.58,995.98,4.24,1.52,462.34,0.683,1
2026-03-11 01:21:42.825278,-12.190192416254149,-52.55063619133389,29.33,66.37,1008.06,64.04,3.44,787.63,0.235,1
2026-03-11 02:21:42.825278,-2.863485666630101,-48.61492991125839,36.5,77.02,1018.44,12.0,9.58,947.83,0.356,1
2026-03-11 03:21:42.825278,-12.88873159075661,-46.95210323294204,26.38,50.59,995.05,3.03,6.14,630.42,0.16,0
2026-03-11 04:21:42.825278,-22.138407923962934,-58.65562180128211,31.71,84.45,1007.39,36.12,1.49,625.68,0.542,1
2026-03-11 05:21:42.825278,-18.08646515320307,-41.4560130777259,32.61,53.81,1022.82,9.42,4.54,690.74,0.649,1
2026-03-11 06:21:42.825278,-21.332385903402056,-55.37500756245051,23.44,42.66,1020.32,2.22,3.92,437.51,0.259,0
2026-03-11 07:21:42.825278,-27.71539653544197,-57.95440192885079,33.22,49.6,1014.26,8.93,2.61,786.1,1.0,1
2026-03-11 08:21:42.825278,-13.160659182059977,-52.13719074068467,30.47,47.68,1022.19,1.01,7.98,493.99,0.794,0
2026-03-11 09:21:42.825278,0.21565002523877297,-50.87947394456209,23.94,39.44,1012.83,9.71,3.58,718.78,0.352,1
2026-03-11 10:21:42.825278,1.1549925217960677,-37.200785503419354,24.73,69.86,1005.05,46.01,9.88,798.11,0.798,1
2026-03-11 11:21:42.825278,0.15566234703747384,-59.28420738165896,29.92,90.78,1022.94,2.04,0.39,555.78,0.809,0
2026-03-11 12:21:42.825278,-26.25106196397067,-40.93330459030895,29.67,82.25,1017.46,18.94,13.42,978.03,0.345,0
2026-03-11 13:21:42.825278,2.8994149886789273,-46.368446818828566,26.92,72.75,1014.03,48.28,6.79,495.45,0.889,1
2026-03-11 14:21:42.825278,-10.40571190012436,-49.60414874329926,27.73,80.05,1016.37,31.3,10.25,712.29,0.484,0
2026-03-11 15:21:42.825278,-25.98678778503139,-38.93864489068714,34.21,38.31,1011.94,2.21,1.39,800.47,0.749,1
2026-03-11 16:21:42.825278,-22.866346193529086,-38.826914547255114,33.38,46.61,1033.02,8.64,3.41,634.76,0.559,1
2026-03-11 17:21:42.825278,-14.863081413019527,-44.29863672123937,28.84,60.79,999.29,75.71,2.15,561.32,0.887,1
2026-03-11 18:21:42.825278,-7.163964802921626,-54.877819282705616,30.36,59.52,1018.23,15.43,6.66,441.2,0.559,0
2026-03-11 19:21:42.825278,-29.40742374098197,-37.497579713422056,42.54,52.02,1016.81,9.6,11.78,401.32,0.228,1
2026-03-11 20:21:42.825278,-13.903187731569375,-43.59560922583958,26.89,37.74,1023.38,2.03,19.96,509.32,0.452,1
2026-03-11 21:21:42.825278,-14.665185002065163,-56.714865704863406,29.8,88.04,1017.14,45.6,11.27,579.96,0.949,1
2026-03-11 22:21:42.825278,-8.81099531873166,-57.64590477867925,28.69,80.18,1025.24,34.99,13.53,644.24,0.096,0
2026-03-11 23:21:42.825278,-23.870077813984757,-35.78973028272122,18.47,47.9,1005.26,19.46,2.23,650.38,0.507,0
2026-03-12 00:21:42.825278,-12.917813903028481,-55.915899452477234,12.24,56.74,1012.76,2.96,0.38,693.54,0.237,0
2026-03-12 01:21:42.825278,-19.459206204955926,-53.87169587913716,29.35,74.36,1036.17,1.46,5.98,683.96,0.738,0
2026-03-12 02:21:42.825278,3.2718564244610846,-56.29646955694061,31.73,100.0,1003.42,0.38,0.42,695.4,0.86,1
2026-03-12 03:21:42.825278,-12.511644787649562,-52.33085448367621,36.92,89.69,1040.0,0.35,2.66,776.68,0.476,1
2026-03-12 04:21:42.825278,-8.89310062236314,-48.67186482740988,32.37,43.04,1009.56,3.47,9.53,705.83,0.427,1
2026-03-12 05:21:42.825278,-16.548882758956992,-38.69762454882387,18.08,69.33,1029.07,5.79,22.24,684.91,0.563,1
2026-03-12 06:21:42.825278,-9.695903843528924,-39.47018104090965,24.73,80.96,1026.77,14.87,11.47,409.1,0.607,0
2026-03-12 07:21:42.825278,-1.4433394766490082,-52.19286060276862,34.04,52.46,994.3,20.38,1.66,479.82,0.872,1
2026-03-12 08:21:42.825278,-2.154865413757882,-59.079104572417414,35.14,86.67,1013.5,28.64,18.8,696.42,0.311,1
2026-03-12 09:21:42.825278,0.44208298542327285,-41.310547013100624,33.97,93.77,1004.73,36.41,29.72,627.29,0.615,1
2026-03-12 10:21:42.825278,-15.240720019863637,-57.26158487556572,30.96,53.49,1027.71,19.74,12.18,378.03,0.436,0
2026-03-12 11:21:42.825278,-14.308228048963679,-50.87897346904316,22.45,80.94,1011.33,7.69,12.33,777.28,0.407,0
2026-03-12 12:21:42.825278,-14.024130888149507,-57.312516975193944,24.01,29.14,1009.81,19.39,10.07,669.16,0.794,1
2026-03-12 13:21:42.825278,-23.76409843920066,-45.32241612342406,32.32,63.0,1019.16,17.01,10.67,873.27,0.344,1
2026-03-12 14:21:42.825278,2.0681841659625277,-59.727613174366425,26.04,68.59,1025.93,31.26,17.8,623.86,0.534,1
2026-03-12 15:21:42.825278,-7.027266621964756,-50.23803898684733,32.12,42.42,988.98,24.46,5.57,755.56,0.7,1
2026-03-12 16:21:42.825278,-29.283253860646024,-44.24404607234596,18.73,14.81,1014.36,39.03,9.98,886.26,0.867,1
2026-03-12 17:21:42.825278,-28.657783217610746,-59.32290862929481,29.97,57.55,1002.18,4.83,33.21,1014.0,0.655,1
2026-03-12 18:21:42.825278,-20.24129523136562,-51.955077285309784,35.52,39.25,1034.25,16.14,11.72,153.84,0.574,1
2026-03-12 19:21:42.825278,-10.286772589368706,-43.27261387861857,26.95,41.94,991.37,4.73,31.02,681.91,0.55,1
2026-03-12 20:21:42.825278,-12.85749076785568,-54.50621839039832,24.56,60.19,1020.71,15.61,45.78,918.67,0.732,1
2026-03-12 21:21:42.825278,-9.650833042521988,-35.60298640602787,23.67,33.36,1016.78,12.61,9.93,363.05,0.556,1
2026-03-12 22:21:42.825278,0.6219141639175945,-56.17736389874429,20.72,77.27,1018.3,4.95,0.8,619.24,0.552,0
2026-03-12 23:21:42.825278,-7.540098120049919,-51.81765891072782,23.37,52.29,1014.0,35.05,13.57,438.71,0.215,1
2026-03-13 00:21:42.825278,-3.891230338260918,-56.64793070112542,23.63,52.9,1037.53,4.27,0.22,317.82,0.399,0
2026-03-13 01:21:42.825278,-27.91141488820125,-48.19540983413832,39.38,83.38,1012.66,23.73,0.66,531.54,0.347,1
2026-03-13 02:21:42.825278,-25.92573097373132,-48.57752322713773,28.06,67.09,1022.24,34.14,1.94,853.03,0.649,0
2026-03-13 03:21:42.825278,-23.997156195691502,-51.329944505299906,29.97,70.04,991.52,9.33,5.39,409.45,0.375,0
2026-03-13 04:21:42.825278,-6.383293551300344,-40.53645462284706,24.68,74.59,1022.65,10.91,1.76,621.08,0.53,0
2026-03-13 05:21:42.825278,-3.3064651608206077,-35.06987140064247,20.61,67.34,1015.36,24.8,18.06,781.37,0.514,1
2026-03-13 06:21:42.825278,-27.349350688918356,-42.1189260719716,24.49,86.76,987.47,3.93,2.29,807.82,0.602,0
2026-03-13 07:21:42.825278,1.7156222086162671,-37.18183434779006,19.06,43.68,1001.81,1.79,3.93,938.2,0.909,0
2026-03-13 08:21:42.825278,-10.979961155949255,-51.53320187781257,33.15,70.86,1004.1,6.33,1.18,606.06,0.308,1
2026-03-13 09:21:42.825278,-13.800433481970796,-54.474927691883806,27.31,35.03,1014.48,0.02,16.27,527.7,0.608,1
2026-03-13 10:21:42.825278,-6.757467131065056,-44.70881668156004,12.83,43.32,1008.36,9.14,3.19,732.86,0.576,0
2026-03-13 11:21:42.825278,-0.2576405440919345,-40.05740174250579,28.51,66.77,1014.32,38.75,14.76,660.03,0.683,1
2026-03-13 12:21:42.825278,-29.757796654531063,-59.723640032574764,14.56,90.89,985.55,44.96,3.56,455.75,0.0,1
2026-03-13 13:21:42.825278,-3.3642788524593605,-42.30071230900294,27.83,46.05,1008.39,5.54,1.12,464.27,0.372,0
2026-03-13 14:21:42.825278,-7.680100163965026,-36.13759928863051,30.95,64.28,1020.45,9.62,3.14,808.08,0.504,0
2026-03-13 15:21:42.825278,-2.2614129382735335,-52.87327898819271,27.86,99.6,1014.23,44.31,6.23,314.15,0.556,1
2026-03-13 16:21:42.825278,-19.318215794601656,-40.08644834925886,20.64,56.28,1011.27,11.26,8.48,486.44,0.319,0
2026-03-13 17:21:42.825278,-12.226899032052025,-37.33026490284937,27.44,69.71,1001.54,16.22,11.05,838.59,0.623,0
2026-03-13 18:21:42.825278,-21.368763271191753,-41.51467776505096,25.05,86.93,1030.72,1.77,10.64,443.53,0.411,0
2026-03-13 19:21:42.825278,4.01447320168765,-38.29009476345249,29.71,82.82,1017.42,39.34,2.4,585.2,0.632,1
2026-03-13 20:21:42.825278,-15.533020754791462,-46.04350921878502,32.78,29.22,1026.74,18.98,2.14,535.34,0.623,1
2026-03-13 21:21:42.825278,-14.23364353033348,-55.77607397246703,22.0,35.92,999.26,2.06,6.33,726.78,0.848,1
2026-03-13 22:21:42.825278,-1.079802227192669,-56.810786319614216,40.11,36.25,1026.29,23.5,8.43,842.75,0.606,1
2026-03-13 23:21:42.825278,-4.632607012896436,-35.16300164165932,24.5,81.89,1025.59,13.02,16.19,521.08,0.588,1
2026-03-14 00:21:42.825278,-4.564130389463035,-42.28596078545124,25.42,66.31,996.29,25.71,2.2,827.29,0.32,0
2026-03-14 01:21:42.825278,-29.68519975138991,-44.16605220067261,34.19,66.44,1002.62,46.77,27.85,774.44,0.432,1
2026-03-14 02:21:42.825278,-17.625635309464588,-37.48857318130044,17.67,40.35,1006.84,20.77,7.38,896.27,0.881,0
2026-03-14 03:21:42.825278,-0.968896710657237,-37.527856153446365,24.79,56.23,1007.06,6.95,4.56,647.35,0.293,0
2026-03-14 04:21:42.825278,-6.787498544554037,-47.565901994582056,24.94,63.9,1022.88,2.54,12.77,700.45,0.504,0
2026-03-14 05:21:42.825278,-18.666351290460376,-45.36020436948864,22.24,79.42,995.16,8.24,15.77,428.26,0.666,1
2026-03-14 06:21:42.825278,-18.235470229016954,-38.81447780933361,32.32,14.3,996.15,6.27,5.16,882.63,0.41,1
2026-03-14 07:21:42.825278,-27.82725305887874,-52.40074310072487,22.46,63.58,1011.17,16.04,12.39,732.38,0.783,0
2026-03-14 08:21:42.825278,-23.3156289310929,-49.88011485345655,35.24,62.72,1013.67,22.72,30.49,536.0,0.427,1
2026-03-14 09:21:42.825278,-5.164728214260723,-40.91805287682557,33.08,75.86,1018.83,42.13,0.83,673.67,0.515,1
2026-03-14 10:21:42.825278,-21.16696332174852,-58.53646445124805,35.26,52.53,1016.44,0.07,0.93,505.28,0.418,1
2026-03-14 11:21:42.825278,-0.39344163970104873,-38.39823742136328,26.58,43.92,1021.57,13.33,1.63,673.85,0.188,0
2026-03-14 12:21:42.825278,-4.274516703872077,-57.633640490159024,30.57,55.91,1020.12,85.61,5.98,630.32,0.735,1
2026-03-14 13:21:42.825278,-24.424124256624477,-53.69882850819824,23.95,53.36,1029.11,4.05,8.42,541.92,0.625,0
2026-03-14 14:21:42.825278,-20.305690900877305,-54.46808111569417,36.07,47.73,1023.46,0.11,1.23,875.96,0.403,1
2026-03-14 15:21:42.825278,-24.8750710422885,-49.74211121315276,22.66,62.42,1009.53,27.9,6.83,797.15,0.648,0
2026-03-14 16:21:42.825278,-11.10547671100542,-51.916922511831274,38.34,5.0,1020.27,24.52,2.21,621.32,0.892,1
2026-03-14 17:21:42.825278,-25.09452524042544,-51.03935644049628,32.65,62.89,1022.48,4.4,1.05,1157.96,0.766,1
2026-03-14 18:21:42.825278,-18.295494202588568,-44.23959928952204,23.76,61.49,999.99,9.19,11.58,938.07,0.907,0
2026-03-14 19:21:42.825278,-12.318306993653078,-45.17736646486841,27.97,71.52,1028.8,17.21,12.46,624.59,0.653,0
2026-03-14 20:21:42.825278,-9.800899497091706,-57.84317105666136,21.34,24.38,1012.61,23.64,0.15,877.21,0.735,1
2026-03-14 21:21:42.825278,-22.149013174297522,-59.21194536732218,27.51,94.94,1005.17,10.91,4.93,437.39,0.713,0
2026-03-14 22:21:42.825278,-3.6838572925307886,-56.17216172735667,37.88,38.0,1017.74,23.02,3.56,747.01,0.492,1
2026-03-14 23:21:42.825278,0.26918351017697617,-38.56671574668351,25.7,100.0,1018.27,22.32,8.26,532.91,0.8,0
2026-03-15 00:21:42.825278,-23.719852975258124,-54.885415696239036,26.37,47.56,1021.87,32.94,2.33,698.1,0.495,0
2026-03-15 01:21:42.825278,3.984532816626242,-46.26313800786273,26.03,67.8,1007.64,9.05,18.36,532.1,0.256,1
2026-03-15 02:21:42.825278,-12.326828302347039,-37.684616647774206,29.27,80.92,1006.27,66.86,7.49,402.61,0.497,1
2026-03-15 03:21:42.825278,-11.379745358661776,-49.2761471941864,36.84,75.82,1017.48,12.74,5.24,465.24,0.448,1
2026-03-15 04:21:42.825278,2.8736703006288096,-52.09800703301237,31.84,77.86,1021.79,3.3,7.88,695.53,0.4,1
2026-03-15 05:21:42.825278,-4.073616954781226,-40.53807927209408,33.37,49.71,1022.93,20.6,2.9,603.04,0.887,1
2026-03-15 06:21:42.825278,-9.085946891547302,-49.60400046423578,25.83,52.41,1014.34,33.99,0.17,524.53,0.536,0
2026-03-15 07:21:42.825278,-4.179774234113374,-56.05730888220122,23.57,41.97,1002.78,9.17,2.04,886.09,0.381,0
2026-03-15 08:21:42.825278,-8.61467630410338,-57.97045736520768,25.78,100.0,1010.05,23.31,10.5,710.34,0.597,0
2026-03-15 09:21:42.825278,-12.808587984963893,-43.027915827767444,27.03,51.17,1004.25,15.88,3.07,227.35,0.549,0
2026-03-15 10:21:42.825278,-7.580617117458321,-47.82136593047978,17.01,41.98,1010.37,4.56,21.91,614.44,0.44,1
2026-03-15 11:21:42.825278,-25.14141612148377,-58.0241831066772,27.51,34.81,1016.29,12.42,3.7,541.94,0.753,1
2026-03-15 12:21:42.825278,-13.96070811611171,-41.967861285054354,36.34,53.68,1000.41,12.62,27.34,964.26,0.687,1
2026-03-15 13:21:42.825278,-23.743452378512746,-47.919096093871204,29.65,54.59,1019.48,61.77,0.82,627.9,0.73,1
2026-03-15 14:21:42.825278,-27.418954220059376,-38.01196018534782,30.3,42.44,996.17,24.6,1.01,621.71,0.406,0
2026-03-15 15:21:42.825278,-10.661807687155772,-38.17039769998419,24.31,45.95,1012.21,14.92,12.78,756.73,0.4,0
2026-03-15 16:21:42.825278,-9.291185316379945,-46.48513365095628,23.25,36.36,1014.11,2.37,5.04,807.59,0.528,1
2026-03-15 17:21:42.825278,0.21852976762767895,-53.589282633707306,31.59,83.29,1014.88,45.62,5.32,495.9,0.359,1
2026-03-15 18:21:42.825278,-26.727744592094922,-53.007624666075586,23.18,96.61,1038.06,1.03,10.1,586.33,0.771,0
2026-03-15 19:21:42.825278,-10.557727623725274,-52.679850032622426,35.83,33.86,1033.1,2.83,9.36,606.56,0.492,1
2026-03-15 20:21:42.825278,-1.3805240853337928,-43.49707259687115,21.11,96.78,1031.27,24.25,5.71,492.44,0.797,0
2026-03-15 21:21:42.825278,-10.985625544055463,-47.206102811070636,25.98,62.1,1004.41,41.55,12.12,555.58,0.638,1
2026-03-15 22:21:42.825278,-17.454269350325273,-54.169877083744105,32.55,24.9,1022.84,10.39,2.7,287.84,0.607,1
2026-03-15 23:21:42.825278,-21.709875169587434,-59.64074485183127,35.95,61.15,1009.04,0.4,40.45,754.32,0.376,1
2026-03-16 00:21:42.825278,-24.57290975056553,-46.49766447255713,28.5,57.4,1002.35,33.98,6.34,679.71,0.229,0
2026-03-16 01:21:42.825278,-3.061742902546971,-53.39286946968795,27.54,75.08,1018.09,27.61,2.56,374.58,0.203,0
2026-03-16 02:21:42.825278,-12.805447866343485,-55.8156787114966,32.05,5.0,1027.87,13.11,2.1,673.6,0.769,1
2026-03-16 03:21:42.825278,-18.821991674660836,-43.86735177455987,31.6,51.72,1000.9,43.19,19.38,959.16,0.678,1
2026-03-16 04:21:42.825278,-0.10946046779205076,-36.03617036718433,45.08,50.65,1003.3,9.89,12.51,624.29,0.575,1
2026-03-16 05:21:42.825278,-28.198665318841083,-46.821135260484155,28.58,57.25,1009.84,41.49,5.49,966.91,0.382,1
2026-03-16 06:21:42.825278,-25.330773155262534,-51.85455302235792,29.12,49.23,1014.88,13.15,4.17,848.65,0.458,0
2026-03-16 07:21:42.825278,-28.03212794615324,-36.30265443288312,30.76,42.07,1026.36,21.54,13.62,792.78,0.401,0
2026-03-16 08:21:42.825278,-1.847063124711596,-53.766134246866365,23.39,88.91,1008.12,10.87,8.15,740.34,0.564,0
2026-03-16 09:21:42.825278,-16.9266380265666,-38.324623038199775,34.33,49.67,1009.2,10.6,12.3,664.06,0.465,1
2026-03-16 10:21:42.825278,-9.193758301546737,-36.78645591431546,21.98,40.62,988.02,24.0,8.21,500.36,0.687,0
2026-03-16 11:21:42.825278,2.3043396456951726,-49.22658170538381,31.33,65.73,1033.65,30.56,5.18,807.34,0.697,1
2026-03-16 12:21:42.825278,-27.648859905695037,-54.876058444192985,15.93,78.58,1010.47,12.44,1.9,570.09,0.557,0
2026-03-16 13:21:42.825278,-9.493351753035963,-54.00205202863688,20.18,77.43,1014.28,11.54,15.58,640.22,0.367,1
2026-03-16 14:21:42.825278,-9.416414448880406,-49.35291338837427,34.79,32.15,1013.87,2.08,2.18,631.99,0.626,1
2026-03-16 15:21:42.825278,-17.304316362406954,-36.04226593242663,32.91,56.86,1023.24,15.33,27.42,643.54,0.619,1
2026-03-16 16:21:42.825278,-0.3427490149918988,-52.45049432615159,21.54,51.77,1019.33,12.87,2.1,446.08,0.211,0
2026-03-16 17:21:42.825278,4.557607158736701,-38.66085406971551,20.21,75.13,1009.54,7.55,8.82,633.09,0.63,0
2026-03-16 18:21:42.825278,-6.204026221327318,-52.60190472343417,31.06,27.81,1011.55,49.95,19.66,719.47,0.432,1
2026-03-16 19:21:42.825278,-7.484413252703593,-47.04885288971521,19.12,52.26,1030.83,17.33,0.73,788.87,0.548,0
2026-03-16 20:21:42.825278,1.381033531924242,-51.56547886292136,39.35,66.01,1005.81,12.67,7.36,615.84,0.431,1
2026-03-16 21:21:42.825278,-11.063207200929686,-52.653927031008365,21.13,73.09,1007.24,2.82,5.47,673.93,0.646,0
2026-03-16 22:21:42.825278,-4.897808203694652,-49.219075215234824,22.98,65.67,1022.18,4.13,4.95,636.09,0.821,0
2026-03-16 23:21:42.825278,-1.1398445384694398,-41.0182645084152,26.98,47.43,1009.63,7.74,9.11,1033.03,0.401,0
2026-03-17 00:21:42.825278,-11.12831952471139,-56.23453599716907,41.25,21.78,1010.31,70.51,6.25,735.73,0.406,1
2026-03-17 01:21:42.825278,-25.04067789589189,-48.67667823566367,24.4,59.11,1007.34,80.23,8.87,565.39,0.614,1
2026-03-17 02:21:42.825278,-13.441469847846822,-52.84442247435715,41.9,38.28,1027.43,4.74,3.79,659.84,0.578,1
2026-03-17 03:21:42.825278,-15.925891502321495,-59.263937131379215,36.72,80.21,1016.09,13.09,2.11,922.2,0.543,1
2026-03-17 04:21:42.825278,-5.686115389764339,-35.30119079483588,11.55,67.76,1009.62,37.13,0.35,320.76,0.214,1
2026-03-17 05:21:42.825278,-22.19328610872917,-53.087740107878034,33.85,59.29,1004.27,1.06,10.14,434.0,0.448,1
2026-03-17 06:21:42.825278,-10.930125475738656,-35.656017318924654,27.51,98.75,1020.77,40.02,1.83,803.44,0.464,1
2026-03-17 07:21:42.825278,2.9349624738784,-52.97337127633162,32.67,63.21,1011.78,12.07,6.4,528.37,0.689,1
2026-03-17 08:21:42.825278,-19.39531742674759,-57.55929400978689,21.48,69.83,1018.05,7.12,6.69,593.27,0.409,0
2026-03-17 09:21:42.825278,-17.29976595361532,-49.798294924101725,26.98,53.84,1020.33,8.58,12.22,781.98,0.677,0
2026-03-17 10:21:42.825278,3.3819759026601446,-40.11106254013039,35.31,53.0,990.42,6.5,2.03,662.63,0.49,1
2026-03-17 11:21:42.825278,-27.78876825161632,-37.788728376690344,25.97,62.83,1020.44,33.04,1.62,652.67,0.737,0
2026-03-17 12:21:42.825278,-27.649225258805572,-56.467181387645994,26.87,58.42,1007.51,4.85,2.47,620.8,0.705,0
2026-03-17 13:21:42.825278,0.07751174807581762,-50.323614684947835,21.5,52.95,1021.94,3.95,3.2,362.93,0.813,0
2026-03-17 14:21:42.825278,-6.448716860374894,-54.07660301443794,22.0,86.35,1038.48,20.86,2.18,346.42,0.653,0
2026-03-17 15:21:42.825278,-21.80657283416002,-35.625635934927246,32.66,48.52,1035.85,3.09,6.1,604.43,0.309,1
2026-03-17 16:21:42.825278,-15.69506170411684,-42.00150889131349,30.95,50.59,1004.62,26.64,7.86,306.15,0.367,0
2026-03-17 17:21:42.825278,-19.297461510363647,-45.13074581807107,18.73,84.39,1001.15,15.61,1.26,463.13,0.409,0
2026-03-17 18:21:42.825278,-16.339037560698014,-47.10039784476592,37.85,60.87,996.48,20.8,13.1,466.9,0.827,1
2026-03-17 19:21:42.825278,0.9307584647619151,-40.829908369826065,23.9,73.91,1025.53,25.69,31.07,520.89,0.527,1
2026-03-17 20:21:42.825278,-13.868851063029915,-58.8391586152238,32.19,26.92,1025.31,31.07,4.36,444.95,0.616,1
2026-03-17 21:21:42.825278,-18.730213628563227,-52.532120321884626,30.04,78.83,1004.93,32.07,3.2,461.02,0.604,0
2026-03-17 22:21:42.825278,-13.592744160164226,-35.030178728611546,24.89,48.4,999.06,28.19,2.84,736.88,0.505,0
2026-03-17 23:21:42.825278,-26.816055305060036,-53.41890859316884,21.65,80.18,1007.57,28.31,4.68,741.49,0.883,0
2026-03-18 00:21:42.825278,-18.070535072267617,-41.85314141261788,33.94,90.51,1030.39,8.74,16.27,827.86,0.383,1
2026-03-18 01:21:42.825278,-8.999040906230455,-50.60033327323987,25.89,54.33,1027.5,19.88,2.95,560.92,0.293,0
2026-03-18 02:21:42.825278,-8.761725788914827,-43.576331519716206,29.27,60.68,1017.27,2.26,0.51,685.03,0.392,0
2026-03-18 03:21:42.825278,-11.59460151201063,-47.02546866191803,25.53,91.25,1017.74,63.93,16.85,589.21,0.39,1
2026-03-18 04:21:42.825278,-21.046194123318536,-55.57956605550518,40.91,96.13,1020.96,23.76,0.17,477.09,0.729,1
2026-03-18 05:21:42.825278,-11.788848711465661,-51.309304964025145,26.57,43.16,1002.3,1.89,13.6,604.93,0.45,0
2026-03-18 06:21:42.825278,-28.401349150177637,-40.46533575690749,27.79,58.35,989.49,5.97,2.57,923.65,0.484,0
2026-03-18 07:21:42.825278,-28.720197773181205,-41.01966461973205,27.35,89.18,1015.23,21.52,19.04,691.66,0.612,1
2026-03-18 08:21:42.825278,-13.368379398524969,-52.29683980990369,34.97,100.0,997.55,19.19,4.88,726.15,0.279,1
2026-03-18 09:21:42.825278,-14.796178714292576,-54.744969638686996,31.75,59.31,1024.84,4.59,0.34,456.11,0.683,1
2026-03-18 10:21:42.825278,4.635376731157244,-46.65749066462071,33.75,34.35,1021.73,6.63,35.55,547.6,0.769,1
2026-03-18 11:21:42.825278,-27.45145856475522,-51.29251456534529,30.01,76.47,1027.13,3.89,3.52,774.96,0.26,0
2026-03-18 12:21:42.825278,-17.940111968942876,-52.27364394999125,25.51,33.27,988.73,4.74,8.08,445.62,0.482,1
2026-03-18 13:21:42.825278,-28.050258650730157,-37.03724623278625,39.68,59.02,1016.11,17.12,4.79,552.57,0.504,1
2026-03-18 14:21:42.825278,-14.037629436094539,-39.540386091013715,28.29,54.37,1008.7,3.64,11.84,716.69,0.397,0
2026-03-18 15:21:42.825278,-16.770376230076774,-50.18744969324455,24.35,65.94,1023.26,9.37,6.12,605.89,0.33,0
2026-03-18 16:21:42.825278,-28.25985976292108,-43.6274116928715,31.55,59.62,989.25,111.48,6.07,475.92,0.269,1
2026-03-18 17:21:42.825278,-23.176417638827132,-47.194423563811526,18.78,26.63,1006.66,3.15,2.98,523.33,0.553,1
2026-03-18 18:21:42.825278,-24.618958999561542,-36.30856832577261,23.68,61.41,1007.43,24.17,11.09,680.18,0.808,0
2026-03-18 19:21:42.825278,-26.92119766454298,-41.83048619111831,33.03,52.24,1001.47,51.48,5.59,519.38,0.543,1
2026-03-18 20:21:42.825278,-7.942640816025033,-58.03232496578709,24.7,45.21,1003.84,33.75,1.13,740.6,0.531,0
2026-03-18 21:21:42.825278,4.28045746899533,-57.24144430528057,25.43,65.23,1007.03,6.74,10.11,616.35,0.269,0
2026-03-18 22:21:42.825278,-20.714854278787875,-48.71179462802283,32.48,75.33,1021.41,5.51,2.2,655.2,0.856,1
2026-03-18 23:21:42.825278,-28.37109861522591,-44.80555719032756,36.61,87.37,1003.67,29.71,6.43,499.46,0.716,1
2026-03-19 00:21:42.825278,-13.737389960072392,-35.85683441470529,22.04,45.51,1015.47,53.85,7.51,393.8,0.747,1
2026-03-19 01:21:42.825278,-8.13051958407744,-45.076871606758644,19.61,68.2,999.54,10.12,0.15,698.68,0.554,0
2026-03-19 02:21:42.825278,-17.759114320460576,-35.861019542033546,29.59,50.79,1007.94,15.23,7.19,546.32,0.661,0
2026-03-19 03:21:42.825278,-9.223485346680373,-37.19117282527154,35.95,29.89,1008.85,3.18,4.09,382.49,0.649,1
2026-03-19 04:21:42.825278,-24.18092000945112,-45.18073200642444,23.52,83.22,1001.47,49.25,3.29,680.74,0.379,1
2026-03-19 05:21:42.825278,1.329830908653065,-40.259093683814925,28.54,61.58,1016.14,13.29,5.85,534.94,0.086,0
2026-03-19 06:21:42.825278,-7.760559590262737,-36.67630981109307,34.37,65.7,1012.7,7.68,8.16,853.2,0.387,1
2026-03-19 07:21:42.825278,-16.776681484864824,-35.148196548766876,27.37,61.97,1009.29,33.12,8.37,960.09,0.666,0
2026-03-19 08:21:42.825278,-14.973004194512052,-57.715956567278084,27.55,70.29,1016.66,1.01,24.42,1019.07,0.458,1
2026-03-19 09:21:42.825278,4.3577106700893395,-41.5774656957073,30.31,100.0,1004.98,2.03,6.58,664.78,0.394,0
2026-03-19 10:21:42.825278,-10.65565089330251,-38.1390303709814,22.39,76.81,1014.16,16.78,1.48,821.51,0.705,0
2026-03-19 11:21:42.825278,-12.888739999769012,-55.90206992641038,25.46,84.56,1025.51,6.09,0.22,572.88,0.293,0
2026-03-19 12:21:42.825278,-24.1352981129046,-55.14925129400989,30.68,57.9,1002.96,54.51,8.3,848.77,0.205,1
2026-03-19 13:21:42.825278,-15.623943625761285,-54.17519868635151,13.45,71.53,983.89,13.52,11.48,894.85,0.373,0
2026-03-19 14:21:42.825278,-9.76678564309604,-35.95386488682914,32.91,55.32,1017.68,19.13,0.71,848.4,0.172,1
2026-03-19 15:21:42.825278,-14.955180759855187,-44.74542472907957,32.22,58.17,1022.57,79.21,7.19,579.62,0.464,1
2026-03-19 16:21:42.825278,-4.936113754376212,-58.740055143915455,20.91,58.68,1030.82,11.05,1.43,574.56,0.407,0
2026-03-19 17:21:42.825278,-27.565358577975484,-45.39155909797195,19.97,47.51,1013.84,9.26,4.28,770.76,0.164,0
2026-03-19 18:21:42.825278,-17.891487847896087,-49.58976801305485,25.08,68.56,1013.35,6.55,10.4,1080.54,0.311,0
2026-03-19 19:21:42.825278,-6.631573983007996,-39.94274230046598,44.24,61.5,1015.28,37.35,0.01,383.23,0.581,1
2026-03-19 20:21:42.825278,-26.7032640020902,-46.7007245733902,24.77,90.3,1010.5,10.34,2.74,1022.81,0.241,0
2026-03-19 21:21:42.825278,-7.383448559479149,-57.09953721802151,20.74,65.34,1003.85,14.23,4.5,598.56,0.327,0
2026-03-19 22:21:42.825278,-2.3593882837995928,-37.75946910526858,26.06,62.97,998.14,6.82,1.74,786.78,0.68,0
2026-03-19 23:21:42.825278,-8.58577308902867,-43.3006847582681,35.22,53.52,993.51,18.06,8.1,529.04,0.734,1
2026-03-20 00:21:42.825278,-3.038235740611217,-48.99538798457661,24.91,99.57,1021.43,3.41,0.55,973.56,0.457,0
2026-03-20 01:21:42.825278,-23.47226610249784,-35.53914440027401,30.43,40.61,1022.13,16.09,6.11,736.77,0.695,0
2026-03-20 02:21:42.825278,-0.8897606077384985,-54.71233530056594,25.72,62.32,1014.09,0.45,6.94,586.59,0.474,0
2026-03-20 03:21:42.825278,-28.430584710603053,-42.15381375928183,34.46,63.51,1016.16,15.55,2.09,745.48,0.47,1
2026-03-20 04:21:42.825278,-13.677255840858603,-46.734110440688596,32.71,74.26,1018.5,72.61,23.48,681.72,0.66,1
2026-03-20 05:21:42.825278,-6.783594974141636,-57.40624557698665,33.21,56.33,998.87,2.85,18.55,779.09,0.437,1
2026-03-20 06:21:42.825278,-1.8933855704044262,-36.36373624705528,19.01,49.22,1002.41,29.56,6.11,835.13,0.417,0
2026-03-20 07:21:42.825278,-12.219043955616272,-45.899405159945445,33.25,77.23,1020.32,16.74,2.24,705.16,0.498,1
2026-03-20 08:21:42.825278,-4.6201209091458395,-54.669892930976275,22.17,100.0,1013.37,5.95,0.81,429.8,1.0,0
2026-03-20 09:21:42.825278,-28.358275636659734,-49.94768126472508,22.69,69.99,1005.74,10.42,1.27,596.11,0.432,0
2026-03-20 10:21:42.825278,-2.0694568453441704,-50.88850380150891,26.08,37.32,1006.45,17.78,4.02,659.78,0.724,1
2026-03-20 11:21:42.825278,-18.032442384055223,-46.75987864835097,36.58,90.71,1001.64,15.77,0.68,898.08,0.761,1
2026-03-20 12:21:42.825278,-17.025423678485524,-38.10535547600739,26.03,66.92,1010.44,23.16,13.46,810.08,0.045,0
2026-03-20 13:21:42.825278,2.0407979015284425,-54.22866117661442,28.77,44.91,996.1,35.32,22.35,733.36,0.479,1
2026-03-20 14:21:42.825278,-20.962896418600074,-35.733968831252795,31.45,46.58,1028.99,4.42,17.86,830.19,0.72,1
2026-03-20 15:21:42.825278,3.476838403092941,-56.85897557226009,30.36,64.77,1024.51,8.2,8.46,460.93,0.394,0
2026-03-20 16:21:42.825278,-12.914917666545708,-54.59615430984051,31.6,59.57,1005.59,30.09,20.5,852.76,0.578,1
2026-03-20 17:21:42.825278,-22.602167466471037,-59.00677116588273,30.06,83.08,1010.52,11.26,8.65,1009.63,0.355,0
2026-03-20 18:21:42.825278,-23.996758418138754,-40.88621339323775,34.72,50.44,1015.49,6.25,12.69,532.9,0.887,1
2026-03-20 19:21:42.825278,2.700684402276572,-59.48433419965589,22.02,33.09,1023.42,12.28,0.34,592.0,0.287,1
2026-03-20 20:21:42.825278,-0.8084454322481207,-48.00832042849788,34.02,64.64,1025.35,35.61,1.81,459.29,0.524,1
2026-03-20 21:21:42.825278,-16.079381494370946,-48.97485997672091,26.52,76.36,1014.92,7.22,15.18,521.7,0.551,1
2026-03-20 22:21:42.825278,-16.262856956801944,-37.58054707826914,32.81,39.87,1010.06,14.64,14.41,637.38,0.899,1
2026-03-20 23:21:42.825278,1.500825918020407,-40.257637181575305,19.91,72.4,1002.24,12.54,10.96,454.33,0.547,0
2026-03-21 00:21:42.825278,-10.05316936587663,-47.69665019006651,34.3,60.99,1010.66,10.95,5.79,821.19,0.679,1
2026-03-21 01:21:42.825278,-7.27098364178773,-53.0635751278014,28.17,100.0,1018.68,18.38,7.04,500.55,0.178,0
2026-03-21 02:21:42.825278,-27.83685161483697,-39.625816549503845,31.94,55.05,995.51,49.88,0.08,635.93,0.696,1
2026-03-21 03:21:42.825278,-16.54536276445811,-57.67226798498848,27.11,59.61,988.85,3.69,5.03,768.62,0.238,0
2026-03-21 04:21:42.825278,-17.36518344226365,-38.898977163848116,24.74,65.89,1001.61,5.3,1.57,700.17,0.631,0
2026-03-21 05:21:42.825278,-10.273827710604348,-55.59929618030683,21.17,59.46,1014.02,1.84,1.03,708.98,0.561,0
2026-03-21 06:21:42.825278,-9.981711443328077,-36.27396308458407,15.96,25.04,1035.14,8.25,15.95,650.01,0.538,1
2026-03-21 07:21:42.825278,-12.115285250702875,-44.824194043422594,25.28,49.3,992.18,11.93,9.29,783.96,0.721,0
2026-03-21 08:21:42.825278,-18.044593169864513,-35.01373692520091,25.22,73.45,1004.75,10.84,15.22,471.72,0.654,1
2026-03-21 09:21:42.825278,-20.481500978138506,-45.1634694387041,30.47,48.29,1008.11,20.75,1.23,863.64,0.819,0
2026-03-21 10:21:42.825278,-1.641304445159406,-56.51113488591089,30.67,72.43,1001.46,23.6,10.3,977.7,0.791,0
2026-03-21 11:21:42.825278,-14.293263905060787,-56.96868219669023,31.2,26.98,1016.98,8.73,0.14,866.72,0.459,1
2026-03-21 12:21:42.825278,-11.004717157161082,-59.75498682665072,16.96,54.68,982.17,48.38,0.34,544.61,0.721,1
2026-03-21 13:21:42.825278,3.5733504627666406,-55.559094336392604,30.68,48.1,1012.49,12.45,1.07,1177.46,0.919,0
2026-03-21 14:21:42.825278,4.00776742760619,-43.625482649027795,22.12,43.96,1016.35,21.13,7.53,555.52,0.617,0
2026-03-21 15:21:42.825278,-9.447925454311576,-52.4012023334573,28.61,37.13,1006.98,23.1,9.84,566.03,0.468,1
2026-03-21 16:21:42.825278,-27.30482733792319,-37.20060640795603,23.8,36.04,1004.38,22.53,16.36,359.64,0.662,1
2026-03-21 17:21:42.825278,-17.660325021513017,-35.486820792567684,22.27,36.1,1012.64,0.82,9.59,597.89,0.892,1
2026-03-21 18:21:42.825278,-6.309006913519795,-46.544013793821655,35.61,94.07,999.11,5.63,4.64,756.77,0.849,1
2026-03-21 19:21:42.825278,-17.14122192696638,-55.937371098520444,26.24,44.08,1003.68,23.68,5.08,530.06,0.882,0
2026-03-21 20:21:42.825278,1.140746087636682,-35.41199230693164,33.09,67.93,1020.98,32.06,38.41,652.46,0.807,1
2026-03-21 21:21:42.825278,-10.99961510076253,-53.52199739321443,31.4,75.68,1008.53,1.04,7.16,402.03,0.24,1
2026-03-21 22:21:42.825278,0.9599922244818551,-38.65444063634433,18.78,73.38,982.12,7.85,0.87,530.03,0.179,0
2026-03-21 23:21:42.825278,-6.871721997536504,-52.019901604361735,30.42,47.56,1010.85,88.16,5.67,656.66,0.465,1
2026-03-22 00:21:42.825278,0.46238997569773943,-40.686196643344935,23.41,68.53,1026.3,15.29,17.86,777.06,0.363,1
2026-03-22 01:21:42.825278,0.4349410729926113,-44.36504392521369,23.14,100.0,1023.78,7.26,2.23,1060.13,0.507,0
2026-03-22 02:21:42.825278,-26.37118983701398,-47.009822613191346,37.39,70.01,1002.7,15.17,32.66,471.11,0.716,1
2026-03-22 03:21:42.825278,-26.862555611728126,-52.48949531423419,31.28,56.8,1005.39,71.62,0.89,626.56,0.553,1
2026-03-22 04:21:42.825278,-5.056101438457805,-55.07018269069897,25.78,43.16,1007.78,4.7,0.07,693.61,0.567,0
2026-03-22 05:21:42.825278,-4.803512726535519,-43.71542072109963,30.53,65.71,999.17,2.54,4.1,955.43,0.947,0
2026-03-22 06:21:42.825278,-25.832430090604067,-59.139100758836946,31.9,77.17,1015.01,100.12,2.34,715.89,0.231,1
2026-03-22 07:21:42.825278,-8.20199515329416,-57.11464402271705,27.56,58.81,1035.36,17.31,16.92,601.95,0.885,1
2026-03-22 08:21:42.825278,4.452459593797926,-48.59359747145067,28.25,51.92,1012.44,14.73,2.2,296.85,0.864,0
2026-03-22 09:21:42.825278,-20.67215569646006,-50.41434666715232,30.09,75.69,1005.19,23.24,16.4,736.09,0.557,1
2026-03-22 10:21:42.825278,-17.496760418412627,-36.037293265994876,24.19,40.73,983.38,19.82,29.45,617.4,0.854,1
2026-03-22 11:21:42.825278,-26.91981623930045,-44.30468927324986,32.38,79.95,1010.57,8.84,9.1,515.01,0.381,1
2026-03-22 12:21:42.825278,-16.835714917720424,-52.39841156233743,28.62,45.76,965.72,15.38,2.71,843.37,0.556,0
2026-03-22 13:21:42.825278,-18.283978656493616,-39.3374833254818,40.7,45.96,1030.03,33.86,20.23,384.34,0.588,1
2026-03-22 14:21:42.825278,2.0527254791445415,-55.26300949761207,27.21,53.14,1016.24,18.25,24.27,684.12,0.634,1
2026-03-22 15:21:42.825278,-12.404754186584661,-58.71211935151737,28.56,45.71,1002.64,7.42,0.36,656.34,0.733,0
2026-03-22 16:21:42.825278,-6.517422246606184,-58.320679077624774,28.71,47.83,1012.88,37.84,13.33,830.49,0.409,1
2026-03-22 17:21:42.825278,-19.82550652235778,-49.53415359880052,39.81,77.2,1010.62,1.97,2.63,986.91,0.621,1
2026-03-22 18:21:42.825278,-7.9276948864264725,-36.45893155656513,29.62,87.97,1008.99,21.28,14.56,387.75,0.572,0
2026-03-22 19:21:42.825278,-11.557822144344865,-59.557701921971294,30.82,57.37,1004.9,7.39,8.11,1074.96,0.725,0
2026-03-22 20:21:42.825278,-13.480797897182107,-53.05657128614357,26.99,67.84,1000.13,1.32,4.49,655.76,0.375,0
2026-03-22 21:21:42.825278,-10.317823887263799,-53.03374148692954,33.51,75.95,1009.38,34.86,5.81,523.13,0.43,1
2026-03-22 22:21:42.825278,3.3930573562499973,-54.932085087232814,25.03,83.31,1027.51,58.64,29.91,398.74,0.751,1
2026-03-22 23:21:42.825278,-10.28092384094403,-41.105606521691705,32.91,59.11,1025.74,17.41,6.17,822.57,0.581,1
2026-03-23 00:21:42.825278,-17.553410942805044,-54.795399359984394,19.38,55.7,1023.11,17.3,15.47,649.34,0.469,1
2026-03-23 01:21:42.825278,-7.840836565023711,-36.21507609347705,28.53,63.01,1002.77,44.47,0.08,572.06,1.0,1
2026-03-23 02:21:42.825278,-17.85537384729863,-44.3115877513656,13.8,61.52,1022.72,49.15,16.55,556.41,0.754,1
2026-03-23 03:21:42.825278,2.230154781354031,-49.76904007381345,28.36,49.36,1008.56,11.74,23.39,993.58,0.689,1
2026-03-23 04:21:42.825278,-26.049066352785335,-56.412008396443596,31.77,59.01,1022.5,2.31,7.68,591.93,0.758,1
2026-03-23 05:21:42.825278,-29.88391534582845,-55.25170832006069,29.74,99.65,1040.0,33.45,23.79,787.4,0.564,1
2026-03-23 06:21:42.825278,-4.619429704505961,-53.38602180011038,29.26,70.76,1032.76,9.23,0.97,501.6,0.714,0
2026-03-23 07:21:42.825278,-4.491783034321429,-54.272133306083084,31.33,35.98,1001.95,0.89,4.16,810.17,0.607,1
2026-03-23 08:21:42.825278,4.639140066701451,-39.79776033989005,38.59,55.06,1010.53,27.67,5.27,867.87,0.658,1
2026-03-23 09:21:42.825278,-6.345084183049931,-41.82794859203507,13.88,79.03,989.07,43.32,29.94,530.66,0.432,1
2026-03-23 10:21:42.825278,-6.316002829997302,-49.632902854413906,27.93,59.27,1018.62,12.29,5.12,752.47,0.267,0
2026-03-23 11:21:42.825278,-11.58847312881656,-59.72384099858379,30.4,18.43,1008.28,20.22,8.14,779.4,0.283,1
2026-03-23 12:21:42.825278,-27.466932994387342,-57.3089394541634,35.56,74.48,1010.59,52.44,23.28,285.49,0.741,1
2026-03-23 13:21:42.825278,-9.21195815175994,-35.612887666240496,24.45,90.77,1010.5,26.31,5.5,531.52,0.713,0
2026-03-23 14:21:42.825278,-25.72114372984199,-49.3709063836171,28.01,73.83,1028.24,2.56,3.96,915.44,0.486,0
2026-03-23 15:21:42.825278,-26.671717006904473,-53.9405885087686,20.91,74.55,985.53,4.72,2.07,863.68,0.327,0
2026-03-23 16:21:42.825278,-20.967183852472772,-36.8011936258592,34.26,71.92,1013.45,13.5,2.77,550.16,0.656,1
2026-03-23 17:21:42.825278,-5.27300277474712,-59.170681074120274,18.55,35.33,1015.03,2.72,7.81,546.67,0.183,1
2026-03-23 18:21:42.825278,-17.400041669607948,-43.79159199618691,31.25,59.3,1027.48,5.35,5.69,507.39,0.162,1
2026-03-23 19:21:42.825278,-13.48768148805798,-53.01803405253769,31.58,80.23,1020.96,5.92,4.19,741.71,0.818,1
2026-03-23 20:21:42.825278,-22.798031731597,-53.56395012193919,24.85,71.43,1026.74,14.82,4.94,426.87,0.515,0
2026-03-23 21:21:42.825278,-4.050303819795005,-56.02340398454542,29.52,79.2,1015.6,11.02,10.31,602.68,0.596,0
2026-03-23 22:21:42.825278,-5.2960586651261465,-37.00397440028309,20.29,66.25,1007.51,1.97,5.76,545.42,0.323,0
2026-03-23 23:21:42.825278,-10.211053019856244,-42.35962593123183,12.31,57.66,1003.99,0.77,10.97,132.31,0.404,0
2026-03-24 00:21:42.825278,-2.6811457576174895,-42.171150402675224,31.85,63.17,1027.65,8.61,14.58,590.86,0.374,1
2026-03-24 01:21:42.825278,-6.274566309389112,-54.68216762620509,21.97,45.15,999.6,20.45,17.61,823.27,0.653,1
2026-03-24 02:21:42.825278,-10.975379360693559,-58.27691946637137,28.75,41.62,998.74,11.3,8.78,527.47,0.797,0
2026-03-24 03:21:42.825278,-4.151686370001222,-41.62712794601083,25.19,79.05,1016.65,15.59,12.47,958.44,0.226,0
2026-03-24 04:21:42.825278,-28.05167625184851,-35.355809854379665,30.09,65.67,1000.76,0.57,16.0,754.33,0.252,1
2026-03-24 05:21:42.825278,-10.341446440636947,-49.477536938107015,24.07,55.37,1038.0,21.51,15.36,544.48,0.341,1
2026-03-24 06:21:42.825278,-14.711454470027638,-35.94853879930905,19.96,29.66,1000.5,54.37,17.99,977.77,0.993,1
2026-03-24 07:21:42.825278,-27.96893033407328,-42.606736799190045,29.23,41.31,1028.5,4.46,19.73,987.24,0.371,1
2026-03-24 08:21:42.825278,-28.83349217583104,-49.64832083557909,25.48,83.72,996.26,9.7,21.01,733.96,0.729,1
2026-03-24 09:21:42.825278,1.570675482134014,-36.396304989388014,28.89,84.34,993.73,9.26,0.21,169.0,0.333,0
2026-03-24 10:21:42.825278,-3.5102757074423607,-53.00967753936404,23.76,43.64,1021.81,11.48,3.29,358.78,0.26,0
2026-03-24 11:21:42.825278,4.034234314861109,-54.175075298676184,19.54,71.47,1022.51,0.1,39.9,792.0,0.772,1
2026-03-24 12:21:42.825278,-15.813635231317694,-46.11992277714276,30.7,49.41,1003.03,9.86,4.4,750.87,0.677,0
2026-03-24 13:21:42.825278,-26.682870751302016,-45.92576912739493,30.93,74.88,1020.16,2.88,5.96,573.46,0.718,0
2026-03-24 14:21:42.825278,-15.1209085380871,-39.89103721659169,26.5,56.77,1015.3,4.33,21.84,545.41,0.0,1
2026-03-24 15:21:42.825278,-14.800076862294691,-42.6853090082092,35.16,38.67,1010.35,38.19,4.47,659.84,0.391,1
2026-03-24 16:21:42.825278,-7.3428599540503825,-53.11043839605604,31.6,81.21,1000.38,58.82,2.56,980.92,0.201,1
2026-03-24 17:21:42.825278,-3.93183364599561,-58.80521290324696,32.26,21.81,1002.52,16.84,9.68,551.68,0.446,1
2026-03-24 18:21:42.825278,3.5352761715958536,-45.25839234038577,35.51,50.88,992.66,4.17,4.04,678.25,0.61,1
2026-03-24 19:21:42.825278,-25.73929008607623,-44.259357043395795,26.72,69.73,996.19,8.69,0.86,963.53,0.707,0
2026-03-24 20:21:42.825278,-6.190458336196901,-44.07413977318226,48.0,60.83,1029.04,19.15,7.07,832.27,0.466,1
2026-03-24 21:21:42.825278,-20.892159263762807,-37.008458572812444,25.01,66.37,1030.75,5.23,0.94,681.38,0.504,0
2026-03-24 22:21:42.825278,-14.367422574153057,-51.900826679236495,32.12,88.75,998.14,7.2,5.58,441.33,0.461,1
2026-03-24 23:21:42.825278,-17.127784240960445,-41.61759879948722,17.58,93.06,1025.36,4.26,3.15,615.16,0.529,0
2026-03-25 00:21:42.825278,-8.907865987585414,-35.04674710190437,30.08,44.47,1020.96,2.18,3.03,697.76,0.513,0
2026-03-25 01:21:42.825278,1.9057610745105684,-40.4619212234536,23.1,65.23,1033.19,38.7,4.77,691.33,0.502,1
2026-03-25 02:21:42.825278,-20.21265851818956,-58.659161474388796,29.68,40.81,994.42,23.38,11.89,767.77,0.581,0
2026-03-25 03:21:42.825278,-2.720182254834949,-41.17250800570916,32.6,42.81,998.84,11.72,0.15,606.45,0.175,1
2026-03-25 04:21:42.825278,-26.21757466515997,-56.84310280562186,38.33,54.52,1014.07,11.59,3.88,874.02,0.473,1
2026-03-25 05:21:42.825278,-2.283624191836715,-48.374834194691594,25.98,73.47,1023.5,3.88,5.71,275.65,0.244,0
2026-03-25 06:21:42.825278,-11.010013277866516,-35.44795247311406,26.74,52.63,1036.14,12.51,18.68,501.88,0.538,1
2026-03-25 07:21:42.825278,-14.13346850389155,-40.37651628788579,35.06,75.98,1016.37,93.58,5.84,526.16,0.489,1
2026-03-25 08:21:42.825278,-1.4630360851780537,-52.578303724180785,27.43,34.05,1003.32,13.81,0.25,74.13,0.523,1
2026-03-25 09:21:42.825278,-2.3162110395955366,-39.61626066848923,39.88,27.13,1007.62,3.07,2.71,506.02,0.188,2
2026-03-25 10:21:42.825278,-7.060750687489474,-53.170923597994324,27.14,49.87,1011.94,60.23,5.6,860.13,0.381,1
2026-03-25 11:21:42.825278,-5.691642612504825,-46.59046785556409,24.29,88.6,1018.99,23.3,0.35,677.26,0.83,0
2026-03-25 12:21:42.825278,-16.29020142148296,-46.562014343298245,21.68,66.76,990.56,7.77,0.77,488.43,0.493,0
2026-03-25 13:21:42.825278,-16.937133987242326,-37.63771137813021,26.27,52.31,995.81,6.72,12.39,454.33,0.593,0
2026-03-25 14:21:42.825278,-20.473030125320207,-55.804447646926896,29.55,53.47,1039.74,7.24,6.45,636.53,0.378,0
2026-03-25 15:21:42.825278,-7.171671947164345,-56.241246852019245,21.48,80.71,1016.14,2.31,18.22,609.2,0.424,1
2026-03-25 16:21:42.825278,-8.63217396667019,-46.014630997036576,28.81,78.79,1016.12,8.32,1.69,785.99,0.629,0
2026-03-25 17:21:42.825278,-17.385445146819954,-48.904104379937095,35.27,50.03,1024.12,1.69,19.38,364.9,0.315,1
2026-03-25 18:21:42.825278,-22.84601333934212,-37.56443571929136,31.57,35.43,1008.1,19.31,3.73,865.13,0.337,1
2026-03-25 19:21:42.825278,-29.23243101476113,-36.30531213030116,33.1,52.54,998.26,31.12,1.84,648.77,0.774,1
2026-03-25 20:21:42.825278,-17.18462880489532,-43.4390563315916,20.46,33.9,1001.21,4.03,13.19,848.76,0.548,1
2026-03-25 21:21:42.825278,-11.567053434296572,-42.598084355809036,36.43,6.81,1015.57,94.99,1.28,818.25,0.595,1
2026-03-25 22:21:42.825278,-5.947473558660985,-37.97691752279404,20.59,42.28,1008.15,22.26,1.28,841.77,0.611,0
2026-03-25 23:21:42.825278,-20.598592603133866,-47.63740090102738,37.52,72.94,1037.66,4.48,11.19,455.25,0.359,1
2026-03-26 00:21:42.825278,-13.507357785023707,-43.09625803944088,24.02,56.83,1008.2,22.09,3.11,932.18,0.574,0
2026-03-26 01:21:42.825278,3.0262737638279305,-58.02963402139915,35.24,91.65,1013.02,16.5,0.19,632.94,0.219,1
2026-03-26 02:21:42.825278,-11.024466236682787,-40.842796560254364,21.02,18.65,984.07,44.28,15.24,788.69,0.426,1
2026-03-26 03:21:42.825278,-23.706455050664168,-39.92806155275413,25.27,70.93,1013.14,4.74,5.32,502.45,0.671,0
2026-03-26 04:21:42.825278,-3.070810968159936,-51.31087193510206,42.08,73.13,1029.91,19.51,0.57,779.73,0.953,1
2026-03-26 05:21:42.825278,-19.640245624199494,-52.17358281959026,24.86,55.65,999.96,77.94,2.69,951.32,0.593,1
2026-03-26 06:21:42.825278,-29.52759551905053,-37.48901101004253,33.83,54.03,998.32,33.89,0.09,414.31,0.368,1
2026-03-26 07:21:42.825278,-1.1874522251132724,-40.535668351052195,30.09,30.23,1012.0,18.12,1.36,736.23,0.316,1
2026-03-26 08:21:42.825278,4.69299561310185,-37.723479068686345,33.81,100.0,1022.02,4.8,0.82,620.69,0.398,1
2026-03-26 09:21:42.825278,-16.939801206646393,-49.410565360456985,29.51,64.39,1012.25,4.49,3.77,702.15,0.352,0
2026-03-26 10:21:42.825278,-4.531438619225828,-47.948079419103024,31.91,32.62,996.7,9.37,4.57,677.33,0.656,1
2026-03-26 11:21:42.825278,-4.258045795994974,-37.41495362185667,29.93,58.69,1004.05,24.73,7.0,559.78,0.346,0
2026-03-26 12:21:42.825278,-18.877896874065804,-53.4663271703916,29.22,17.21,1017.27,32.46,17.21,765.9,0.19,1
2026-03-26 13:21:42.825278,-27.983181641054337,-36.73770945308914,22.12,61.59,1010.28,8.55,23.77,877.66,0.486,1
2026-03-26 14:21:42.825278,-20.10708087427132,-52.52278206890384,32.41,60.59,1019.6,10.31,3.91,760.36,0.346,1
2026-03-26 15:21:42.825278,4.601358483543706,-58.33642962229556,23.1,51.59,1023.99,9.77,14.27,604.77,0.409,0
2026-03-26 16:21:42.825278,3.3208497009350566,-42.52335218071859,32.84,75.97,984.37,9.53,12.17,622.54,0.778,1
2026-03-26 17:21:42.825278,-24.925148205243882,-46.13446477178471,26.16,38.02,1020.71,12.93,19.39,429.05,0.559,1
2026-03-26 18:21:42.825278,-8.026499615935933,-45.19499549978715,26.1,26.8,1022.08,17.05,16.71,600.33,0.373,1
2026-03-26 19:21:42.825278,-13.784939282674781,-39.449186328940876,28.35,39.3,992.94,6.58,1.16,797.6,0.326,1
2026-03-26 20:21:42.825278,-16.492501929739262,-44.1862638845361,41.99,94.51,1013.69,0.43,4.52,353.42,0.295,1
2026-03-26 21:21:42.825278,-21.0204522812867,-54.51172450460952,29.75,55.93,1005.1,69.51,3.49,1024.07,0.443,1
2026-03-26 22:21:42.825278,-7.302578709081249,-36.252625499534396,30.12,68.58,1022.58,17.61,30.33,697.96,0.522,1
2026-03-26 23:21:42.825278,4.207701776802267,-50.51079928575186,22.53,68.04,1014.16,8.68,0.17,550.34,0.613,0
2026-03-27 00:21:42.825278,-28.08934030320812,-39.879365909613014,26.67,63.61,1024.01,13.42,25.1,522.32,0.954,1
2026-03-27 01:21:42.825278,-12.157582199044551,-36.42586260787385,26.7,32.23,1005.75,7.12,15.33,250.35,0.544,1
2026-03-27 02:21:42.825278,-10.9508992366681,-56.66925731807894,37.31,75.39,1030.44,1.4,0.47,548.93,0.521,1
2026-03-27 03:21:42.825278,-22.60514965254375,-52.826876451554604,21.73,33.87,1028.39,14.67,4.25,874.29,0.65,1
2026-03-27 04:21:42.825278,-18.109073111690968,-50.322223616191046,24.71,72.5,1012.04,18.7,7.32,462.17,0.505,0
2026-03-27 05:21:42.825278,-15.01294355345695,-54.03573690135767,28.66,70.21,1016.26,5.95,0.8,569.5,0.494,0
2026-03-27 06:21:42.825278,-18.71522418602912,-46.545035541954356,27.55,67.0,1005.15,3.42,1.71,563.72,0.551,0
2026-03-27 07:21:42.825278,-10.9504836994711,-51.06090303250988,28.77,54.2,1035.2,7.18,2.46,613.48,0.633,0
2026-03-27 08:21:42.825278,-14.726235919955531,-51.241464947088296,31.55,41.04,1028.44,22.22,1.71,568.3,0.872,1
2026-03-27 09:21:42.825278,-7.843497678349696,-44.999587297800474,30.5,41.56,1023.26,15.27,2.22,637.16,0.799,0
2026-03-27 10:21:42.825278,-7.497057579125574,-40.1479489130818,29.79,70.17,1012.74,17.35,7.52,638.98,0.522,0
2026-03-27 11:21:42.825278,-21.614433352708836,-47.17016113262595,29.43,53.27,1031.2,18.09,4.82,860.98,0.63,0
2026-03-27 12:21:42.825278,-23.683315636817685,-42.6155366498504,26.41,88.83,1004.63,7.96,3.28,841.0,0.93,0
2026-03-27 13:21:42.825278,-2.984790414982122,-50.18573198992104,27.93,84.92,1023.05,6.34,0.81,706.09,0.689,0
2026-03-27 14:21:42.825278,-7.316135689329798,-58.52743711970055,29.6,85.74,1021.05,0.7,11.8,378.78,0.507,0
2026-03-27 15:21:42.825278,-1.3893899186144516,-42.616275087291626,22.43,62.03,1008.78,62.5,8.52,534.78,0.306,1
2026-03-27 16:21:42.825278,4.182769448046372,-54.39868969919125,15.7,85.34,1017.96,7.5,8.64,715.25,0.203,0
2026-03-27 17:21:42.825278,-20.48207190154494,-46.5342088116924,30.31,67.19,1007.2,1.29,0.79,504.72,0.483,0
2026-03-27 18:21:42.825278,-13.350499256057763,-50.00810273895324,23.77,71.14,1010.1,11.57,4.38,765.0,0.661,0
2026-03-27 19:21:42.825278,-18.371639693618434,-45.53508825801134,26.15,74.62,1004.33,26.79,2.81,859.14,0.757,0
2026-03-27 20:21:42.825278,-10.312100436333182,-44.98504044320825,23.23,62.83,1007.68,10.39,15.73,1015.24,0.726,1
2026-03-27 21:21:42.825278,-25.85953884857475,-44.953809248819255,20.61,26.23,1021.41,20.15,14.91,617.07,0.297,1
2026-03-27 22:21:42.825278,-18.828430145665568,-52.9160250759405,26.6,81.52,1024.72,4.46,2.09,353.26,0.044,0
2026-03-27 23:21:42.825278,-19.675616562718645,-58.65122169314745,31.4,86.92,1013.06,34.31,2.15,840.6,0.609,1
2026-03-28 00:21:42.825278,-15.694592510330734,-36.69657956731179,27.51,62.26,1002.96,3.93,19.08,547.75,0.826,1
2026-03-28 01:21:42.825278,-16.330832364643904,-44.20756017942232,40.05,31.6,997.71,10.14,5.6,544.02,0.831,1
2026-03-28 02:21:42.825278,-18.428541172356823,-39.32802949350933,25.4,71.34,1023.22,1.49,3.15,554.04,0.284,0
2026-03-28 03:21:42.825278,-23.703003118625563,-49.37844854966178,26.68,72.92,1017.8,69.74,0.61,775.23,0.396,1
2026-03-28 04:21:42.825278,-11.079045288051834,-51.80800565093955,24.02,42.19,996.92,59.95,0.91,600.44,0.865,1
2026-03-28 05:21:42.825278,-6.496966470626489,-54.667827051276724,24.97,63.46,986.57,18.28,6.26,181.9,0.303,0
2026-03-28 06:21:42.825278,-12.560742524674371,-49.14121200385074,33.94,62.11,1028.7,16.38,8.24,799.5,0.469,1
2026-03-28 07:21:42.825278,4.9859433770006945,-59.159768994677584,28.4,42.63,1009.23,1.84,12.62,891.61,0.484,0
2026-03-28 08:21:42.825278,-20.4524735261709,-53.58843020484413,31.93,31.94,1009.59,8.58,29.07,888.95,0.543,1
2026-03-28 09:21:42.825278,-15.702928638649796,-57.54683508532774,21.82,65.43,1023.38,30.37,5.9,938.94,0.709,0
2026-03-28 10:21:42.825278,1.7804069612475217,-57.70620280435386,35.35,40.19,998.21,2.28,23.36,743.24,0.282,1
2026-03-28 11:21:42.825278,2.6862380522160407,-57.386893210892204,26.26,75.42,1028.96,1.65,3.31,707.68,0.335,0
2026-03-28 12:21:42.825278,-13.301043891289993,-59.89312188348772,27.83,61.77,1001.99,3.11,56.44,519.14,0.401,1
2026-03-28 13:21:42.825278,0.4974570662331139,-43.95281241142804,18.28,75.93,1008.85,24.93,2.07,765.01,0.593,0
2026-03-28 14:21:42.825278,-12.623869254235561,-41.65968992920832,26.46,52.0,993.27,56.87,4.16,769.04,0.918,1
2026-03-28 15:21:42.825278,-11.651259403034405,-50.44635082778079,25.66,63.34,1003.21,36.39,9.26,479.61,0.49,1
2026-03-28 16:21:42.825278,-1.428163458351463,-36.45629094421988,36.86,45.57,1012.8,32.59,0.7,177.61,0.254,1
2026-03-28 17:21:42.825278,-18.106791907648315,-43.88927938394315,28.95,61.49,1007.49,6.0,8.86,727.41,0.419,0
2026-03-28 18:21:42.825278,-7.4026098082957645,-35.71895417799122,26.49,69.56,1012.52,16.62,0.22,626.09,0.594,0
2026-03-28 19:21:42.825278,1.913954241522216,-37.33749308716483,22.07,53.01,999.34,0.79,5.07,788.74,0.685,0
2026-03-28 20:21:42.825278,-12.535368669119947,-57.60325813229454,31.83,56.49,1003.26,24.73,10.58,453.37,0.508,1
2026-03-28 21:21:42.825278,-11.98904466439981,-48.315188469488064,32.6,56.86,1013.7,28.25,4.54,459.07,0.845,1
2026-03-28 22:21:42.825278,0.3840450628218157,-41.64317165310334,26.02,33.84,1023.17,10.96,13.22,706.05,0.466,1
2026-03-28 23:21:42.825278,-12.4656942798484,-42.48787474875467,36.33,44.94,1021.73,71.51,1.58,604.28,0.67,1
2026-03-29 00:21:42.825278,-3.289865144255245,-48.59058516880137,23.8,69.61,1006.14,36.06,2.81,599.33,0.734,1
2026-03-29 01:21:42.825278,1.5496382732771075,-57.342572117207055,31.35,57.84,1013.68,24.03,10.44,165.75,0.496,1
2026-03-29 02:21:42.825278,2.1500717959613382,-51.00647826243692,27.6,74.38,999.06,6.36,7.82,696.81,1.0,0
2026-03-29 03:21:42.825278,-27.241020101142958,-47.48279914498091,35.15,56.5,1013.01,25.71,6.87,564.3,0.663,1
2026-03-29 04:21:42.825278,-0.8354210525408554,-57.6359756183133,20.25,51.73,1016.52,0.46,0.08,774.43,0.399,0
2026-03-29 05:21:42.825278,-7.9393432853931465,-43.405076652936,25.36,64.17,985.16,12.45,7.4,593.74,0.446,0
2026-03-29 06:21:42.825278,-0.8411703903127297,-39.392327279519826,33.7,41.48,1008.25,4.05,17.56,1015.5,0.362,1
2026-03-29 07:21:42.825278,-5.3319179305698725,-41.464157010575505,31.04,54.82,1016.34,80.78,1.33,950.9,0.764,1
2026-03-29 08:21:42.825278,-15.33664866569488,-48.12405728074034,29.78,75.97,998.93,0.13,1.07,648.42,0.497,0
2026-03-29 09:21:42.825278,-2.628023589591187,-50.47624568162014,28.63,62.96,1001.45,5.92,8.62,881.21,0.748,0
2026-03-29 10:21:42.825278,4.736277757221565,-50.33255725131487,36.34,56.84,1006.05,33.34,0.42,665.12,0.533,1
2026-03-29 11:21:42.825278,-21.150170550608514,-56.83657791452953,24.08,36.6,1020.14,0.34,4.34,450.14,0.318,1
2026-03-29 12:21:42.825278,-14.415549013645348,-43.27715181914306,31.66,63.25,978.7,4.32,11.26,972.64,0.544,1
2026-03-29 13:21:42.825278,-15.253723056439444,-43.542478039889914,21.1,49.54,1003.25,30.05,5.84,972.09,0.47,0
2026-03-29 14:21:42.825278,-8.93262665875599,-35.73214863946663,22.11,100.0,1028.35,17.07,8.33,684.04,0.566,0
2026-03-29 15:21:42.825278,-16.690016308291106,-42.716849324680084,29.96,93.47,1009.3,12.44,12.1,710.77,0.543,0
2026-03-29 16:21:42.825278,-19.748794377863895,-57.69693479634816,36.27,13.72,997.13,20.07,3.79,519.42,0.802,1
2026-03-29 17:21:42.825278,-3.364908028399171,-50.617267234107715,31.55,28.24,1037.7,36.84,16.88,526.77,0.498,1
2026-03-29 18:21:42.825278,-24.134613083659318,-50.82495644672791,39.55,75.78,1026.59,49.98,8.44,429.74,0.604,1
2026-03-29 19:21:42.825278,-11.033656913155603,-38.23249722753948,21.04,40.9,989.74,16.43,5.95,467.25,0.584,0
2026-03-29 20:21:42.825278,-18.967685261809756,-43.45932846169024,25.12,42.8,1023.82,1.72,6.89,888.59,0.461,0
2026-03-29 21:21:42.825278,-13.927605247747746,-57.26632941754527,24.22,71.5,1017.88,93.54,4.48,635.32,0.291,1
2026-03-29 22:21:42.825278,-27.89962134003693,-44.48189969939496,19.92,67.41,1004.66,5.21,10.24,691.0,0.568,0
2026-03-29 23:21:42.825278,2.033689433204003,-58.75914114908554,17.14,90.65,995.69,27.18,3.99,607.79,0.311,0
2026-03-30 00:21:42.825278,-2.9839324248969383,-40.48093093128992,24.2,49.5,1006.78,11.79,2.84,612.74,0.907,0
2026-03-30 01:21:42.825278,-22.656088741794907,-51.07621076214784,22.62,72.24,1026.44,7.11,8.73,739.96,0.837,0
2026-03-30 02:21:42.825278,-21.6176108624647,-59.993867737200176,31.06,69.57,1006.34,15.84,13.76,689.62,0.3,1
2026-03-30 03:21:42.825278,-9.433044596548527,-39.34233431747805,25.26,62.38,1005.35,18.55,7.38,877.37,0.839,0
2026-03-30 04:21:42.825278,-25.435864025687785,-54.126580576277114,27.06,60.77,1029.17,4.92,7.29,859.86,0.212,0
2026-03-30 05:21:42.825278,-13.795909584383587,-37.25938676469546,29.44,98.3,999.01,0.65,0.65,432.5,0.417,0
2026-03-30 06:21:42.825278,-3.8436401041897064,-55.75099843609564,25.47,29.04,1022.7,7.42,3.99,333.21,0.591,1
2026-03-30 07:21:42.825278,-10.059496573130904,-43.8441696312154,29.12,88.83,1015.46,14.41,0.94,756.64,0.691,0
2026-03-30 08:21:42.825278,-1.2894791651081121,-55.239263415255955,22.4,39.13,998.61,8.76,1.61,654.43,0.731,1
2026-03-30 09:21:42.825278,-0.08160952889516082,-59.42735333507041,21.83,49.91,1012.86,1.6,9.77,791.63,0.668,0
2026-03-30 10:21:42.825278,-13.401547088039326,-38.50481294959529,24.92,46.35,1015.68,4.67,1.35,582.11,0.413,0
2026-03-30 11:21:42.825278,-28.428490297293962,-57.332058786188526,29.19,31.75,1015.64,4.77,13.33,995.97,0.554,1
2026-03-30 12:21:42.825278,-14.153559205377956,-54.057049349480195,28.38,68.98,1008.91,7.19,1.93,467.92,0.438,0
2026-03-30 13:21:42.825278,-3.3189612915212443,-54.78734879649461,21.19,92.97,1021.07,19.1,9.8,799.96,0.482,0
2026-03-30 14:21:42.825278,-29.236752811971265,-52.79492591691792,28.85,51.59,1009.37,22.58,15.85,662.27,0.518,1
2026-03-30 15:21:42.825278,0.027184196114227177,-41.68840217664912,28.33,29.62,999.07,11.76,16.15,573.67,0.497,1
2026-03-30 16:21:42.825278,0.262273053636747,-59.342753777981926,26.42,71.16,998.7,41.86,11.09,654.46,0.595,1
2026-03-30 17:21:42.825278,-23.535717814018586,-52.29332492534377,31.1,100.0,1008.38,46.98,3.88,937.3,0.441,1
2026-03-30 18:21:42.825278,-19.72615814420207,-51.65039454334996,37.56,39.24,1011.67,10.52,1.95,474.09,0.362,1
2026-03-30 19:21:42.825278,-11.23267901260833,-43.22604914824255,23.85,78.63,1021.9,0.68,4.0,694.81,0.584,0
2026-03-30 20:21:42.825278,-8.922995683352585,-58.69232866225786,23.76,56.57,1007.98,11.18,4.17,421.6,0.911,0
2026-03-30 21:21:42.825278,-17.075591196556047,-46.30623852123452,26.14,39.83,995.75,17.13,5.39,732.84,0.889,1
2026-03-30 22:21:42.825278,-1.8749070115644493,-48.914794675132086,40.44,57.81,1005.53,17.65,0.23,412.79,0.956,1
2026-03-30 23:21:42.825278,3.8581436192369267,-38.07458595955822,20.23,61.19,990.23,1.05,2.2,573.18,0.612,0
2026-03-31 00:21:42.825278,-20.98083163081152,-36.3989374566048,31.08,71.78,1016.77,2.31,5.81,754.48,0.18,1
2026-03-31 01:21:42.825278,-0.8085856598138079,-48.396519940644154,24.72,57.99,1009.64,4.67,17.48,795.9,0.946,1
2026-03-31 02:21:42.825278,-12.267276541245323,-43.74717431146336,30.02,91.58,1010.2,35.34,19.19,772.25,0.323,1
2026-03-31 03:21:42.825278,-18.311527527944392,-40.817785767547676,26.13,57.44,993.11,15.0,7.41,683.86,0.652,0
2026-03-31 04:21:42.825278,-2.4795414372944222,-45.45304130270917,24.89,74.65,1024.93,11.34,3.78,868.76,0.346,0
2026-03-31 05:21:42.825278,-14.085060362091228,-48.61580738836298,28.9,100.0,1019.41,56.77,8.45,676.34,0.749,1
2026-03-31 06:21:42.825278,-8.057524108037857,-58.25407617226076,29.36,39.06,1027.32,14.1,17.12,569.78,0.877,1
2026-03-31 07:21:42.825278,-19.30789356098776,-53.32419155696262,21.75,62.67,1030.5,10.52,6.21,694.95,0.0,0
2026-03-31 08:21:42.825278,-22.87914323147703,-37.40645126726681,32.77,82.36,1011.52,1.52,14.0,665.12,0.565,1
2026-03-31 09:21:42.825278,-20.28636340263155,-37.124330485190114,23.29,78.61,1010.64,6.4,3.92,314.47,0.813,0
2026-03-31 10:21:42.825278,-2.904159022594545,-56.767590720716065,38.7,48.74,1004.47,21.98,5.6,626.21,0.863,1
2026-03-31 11:21:42.825278,-27.52292154508931,-59.434613545895346,31.73,88.99,1009.86,3.15,14.49,417.73,0.791,1
2026-03-31 12:21:42.825278,-11.94609705276427,-35.86062550683154,27.99,29.88,1000.27,0.8,0.11,710.51,0.444,1
2026-03-31 13:21:42.825278,-1.8680516610609885,-35.06701182095635,26.69,57.91,1003.81,0.47,1.15,475.77,0.228,0
2026-03-31 14:21:42.825278,2.892403125002403,-50.1040797810776,18.14,59.52,1015.37,120.0,1.19,471.88,0.834,1
2026-03-31 15:21:42.825278,-28.87334475525111,-42.75543122149889,25.69,57.97,1010.06,3.14,19.03,331.26,0.752,1
2026-03-31 16:21:42.825278,-15.800282277552176,-57.02343137843633,31.59,89.22,999.04,16.2,12.06,569.63,0.684,1
2026-03-31 17:21:42.825278,4.618373210992296,-59.66559401478059,21.69,52.42,1009.99,6.85,4.17,558.11,0.821,0
2026-03-31 18:21:42.825278,-1.605800261657528,-47.16494536685947,29.07,44.71,1027.33,77.26,10.31,688.22,0.742,1
2026-03-31 19:21:42.825278,-5.2981630742326224,-42.50084969738457,21.59,65.8,1002.32,55.38,5.02,692.22,0.67,1
2026-03-31 20:21:42.825278,-19.077444359660213,-40.165999694083,21.07,59.25,1008.04,21.6,2.75,791.45,0.821,0
2026-03-31 21:21:42.825278,-24.51279287514713,-35.56871511901804,28.0,61.21,1002.79,44.59,23.3,552.32,0.468,1
2026-03-31 22:21:42.825278,-4.645894988873817,-58.95066079309407,36.66,58.56,996.13,12.02,20.33,695.96,0.844,1
2026-03-31 23:21:42.825278,-18.23076421181198,-55.28790562080955,32.67,64.52,992.01,5.92,6.25,834.22,0.731,1
2026-04-01 00:21:42.825278,-24.23602711186173,-41.23922877915342,29.02,49.73,999.63,0.82,1.39,589.03,0.69,0
2026-04-01 01:21:42.825278,-8.331134681143865,-41.85887029298332,28.26,73.17,992.69,2.79,4.15,617.06,0.411,0
2026-04-01 02:21:42.825278,-0.4937692376528453,-50.55164734137367,30.85,80.14,992.79,45.95,0.45,660.44,0.743,1
2026-04-01 03:21:42.825278,-14.563546721021561,-53.991976117684864,37.04,80.68,1009.69,32.63,22.69,486.12,0.24,1
2026-04-01 04:21:42.825278,-29.344584656904782,-36.426250131999794,22.31,26.22,1012.7,15.03,1.55,811.34,0.719,1
2026-04-01 05:21:42.825278,-10.44486691622259,-53.62209088400605,27.98,58.91,1010.12,15.3,0.35,741.77,1.0,0
2026-04-01 06:21:42.825278,-2.5797585791700186,-59.27779569320096,28.67,90.22,1016.29,3.14,6.24,632.08,0.611,0
2026-04-01 07:21:42.825278,-10.670359159685574,-57.76379378937885,16.05,83.88,1029.17,26.41,0.76,827.19,0.284,0
2026-04-01 08:21:42.825278,-25.214421092953703,-43.06004473028894,26.97,50.82,1017.22,18.63,16.35,749.05,0.584,1
2026-04-01 09:21:42.825278,4.290112513502535,-42.62859800526701,39.12,29.51,1032.35,41.89,2.8,591.38,0.409,1
2026-04-01 10:21:42.825278,-1.094246288954075,-43.711757865874816,30.84,49.16,1040.0,8.09,16.0,865.74,0.425,1
2026-04-01 11:21:42.825278,-19.404485210981925,-42.116161343302856,26.32,38.64,1018.47,2.13,8.65,453.58,0.838,1
2026-04-01 12:21:42.825278,-0.5019515764822096,-35.54486990500208,30.14,32.73,996.48,25.11,13.31,584.93,0.776,1
2026-04-01 13:21:42.825278,-2.230316548397841,-46.34843758423855,19.06,86.66,1016.31,13.55,7.56,837.69,0.559,0
2026-04-01 14:21:42.825278,-21.75691834952189,-53.400160386487265,29.09,55.77,990.78,71.67,20.92,465.36,0.486,2
2026-04-01 15:21:42.825278,-29.557013042584813,-50.21754160042328,32.36,40.26,1012.28,13.89,13.69,378.68,0.3,1
2026-04-01 16:21:42.825278,-18.141635291926292,-36.9226388529077,27.55,47.75,1018.04,1.82,4.24,595.83,0.734,0
2026-04-01 17:21:42.825278,-22.457729423566068,-43.87761474245973,26.67,94.68,1027.33,10.24,3.35,735.97,0.286,0
2026-04-01 18:21:42.825278,3.409661087188333,-51.005226147689925,26.89,70.78,1003.68,22.8,10.17,246.05,1.0,0
2026-04-01 19:21:42.825278,-28.94963292790506,-52.392582461041854,14.76,75.02,988.38,14.71,9.9,478.65,0.706,0
2026-04-01 20:21:42.825278,-3.043449711331135,-59.50991079884295,24.68,66.01,1014.47,10.35,9.39,963.95,0.762,0
2026-04-01 21:21:42.825278,-16.661232706920906,-53.530963184161074,30.13,100.0,1016.29,9.81,16.75,552.81,0.555,1
2026-04-01 22:21:42.825278,-22.193111585283336,-48.73382422705464,21.98,74.16,1007.43,38.91,12.44,654.63,0.779,1
2026-04-01 23:21:42.825278,-1.3358288694190037,-41.47713846907048,21.41,79.72,995.04,23.77,6.12,632.16,0.647,0
2026-04-02 00:21:42.825278,-22.131563140540386,-59.517156125947814,32.68,39.49,1034.01,5.82,6.75,739.91,0.709,1
2026-04-02 01:21:42.825278,-14.162505221300668,-41.303569527025985,31.04,40.25,1003.81,3.73,3.56,882.23,0.816,1
2026-04-02 02:21:42.825278,-27.425616772797806,-52.814609572984494,17.11,73.92,1031.84,0.17,2.59,535.3,0.527,0
2026-04-02 03:21:42.825278,-11.551899528162608,-41.654452823259184,30.61,63.91,1014.15,8.4,3.76,504.56,0.753,0
2026-04-02 04:21:42.825278,-25.901707160100067,-53.56161374398541,24.72,57.25,1032.43,12.98,0.6,622.78,0.901,0
2026-04-02 05:21:42.825278,-27.966617110343353,-58.50382025682779,24.98,36.38,1005.99,49.14,6.97,831.24,0.341,1
2026-04-02 06:21:42.825278,-16.87748320242349,-56.69710889052475,32.11,34.8,1004.71,20.67,13.98,543.31,0.731,1
2026-04-02 07:21:42.825278,2.0758120136252387,-58.54019048939258,36.03,53.89,997.75,8.39,4.33,567.42,0.473,1
2026-04-02 08:21:42.825278,-12.178236338972518,-36.79868689828016,25.06,57.68,999.53,5.06,3.14,834.57,0.714,0
2026-04-02 09:21:42.825278,-9.418037643136273,-51.93803115701121,31.44,45.17,1007.51,48.74,8.13,730.19,0.54,1
2026-04-02 10:21:42.825278,-1.3325911317757573,-55.717106154180044,27.29,96.11,1019.04,14.27,0.25,483.79,0.81,0
2026-04-02 11:21:42.825278,-24.957019363198807,-51.27530682508268,36.47,38.77,1015.03,34.48,0.22,1064.68,0.658,1
2026-04-02 12:21:42.825278,-15.869072122447971,-52.78332930829585,24.26,43.56,1007.35,27.27,8.99,716.49,0.655,0
2026-04-02 13:21:42.825278,-14.444753657891143,-56.79011711255836,16.28,62.95,1022.34,38.2,13.89,692.8,0.499,1
2026-04-02 14:21:42.825278,0.185631925932082,-46.80071225479085,27.5,59.4,1011.6,18.48,4.24,883.6,0.315,0
2026-04-02 15:21:42.825278,-3.0313608536649,-42.611310389611766,24.07,31.93,998.89,0.02,0.53,700.01,1.0,1
2026-04-02 16:21:42.825278,-14.781887843024212,-39.31244397995854,13.49,61.63,1016.35,15.45,0.78,581.11,0.362,0
2026-04-02 17:21:42.825278,-1.6014821744201448,-37.02713507510009,39.23,90.33,1019.89,1.05,6.57,646.26,0.878,1
2026-04-02 18:21:42.825278,-9.2257468673482,-37.526295360473895,33.54,70.91,1016.76,32.24,9.65,826.5,0.582,1
2026-04-02 19:21:42.825278,-23.72241086573846,-54.08476643522568,26.48,27.9,1001.06,6.99,1.48,931.2,0.518,1
2026-04-02 20:21:42.825278,0.17865792286938742,-39.48928602601404,37.53,48.49,1009.33,20.28,8.37,630.88,0.645,1
2026-04-02 21:21:42.825278,-24.508793125912927,-38.67094019874504,35.4,83.57,1017.85,26.78,2.83,612.47,0.484,1
2026-04-02 22:21:42.825278,-13.916370444090244,-37.32973487546793,30.33,73.24,1002.6,29.07,19.68,719.27,0.82,1
2026-04-02 23:21:42.825278,-24.812855356595033,-42.729588772174324,22.26,80.43,1024.14,18.45,5.19,849.19,0.691,0
2026-04-03 00:21:42.825278,3.8268580662860288,-37.78397421128487,31.9,79.68,1000.05,3.26,13.73,685.03,0.643,1
2026-04-03 01:21:42.825278,-14.64059535493463,-59.34918375440986,35.39,43.59,990.56,11.97,21.2,658.56,0.353,1
2026-04-03 02:21:42.825278,-17.12271960646021,-35.24754701959871,26.89,81.93,1012.01,3.29,6.49,655.25,0.675,0
2026-04-03 03:21:42.825278,2.810406120937394,-40.34503557912429,20.47,41.21,999.41,1.29,2.69,649.78,0.369,0
2026-04-03 04:21:42.825278,-5.207852217560983,-41.220470962521034,26.96,50.43,1005.05,8.1,2.85,594.17,0.722,0
2026-04-03 05:21:42.825278,-14.080539769437445,-41.33337068082953,29.81,52.77,1007.11,2.03,2.96,698.78,0.556,0
2026-04-03 06:21:42.825278,-2.232118786985964,-50.48910492770045,39.38,83.33,1018.7,15.16,8.85,787.12,0.433,1
2026-04-03 07:21:42.825278,-22.9840588543117,-42.78539277731208,30.35,54.3,1025.2,70.32,1.95,321.77,0.3,1
2026-04-03 08:21:42.825278,2.5603579254250164,-52.86553706068651,19.85,57.46,1025.85,6.52,13.32,662.36,0.388,0
2026-04-03 09:21:42.825278,-23.86353181121798,-44.9719401993741,33.09,43.98,1030.77,0.72,19.15,483.58,0.737,1
2026-04-03 10:21:42.825278,-12.609765048934104,-59.30518025082305,29.77,17.98,994.45,26.99,2.84,665.54,0.229,1
2026-04-03 11:21:42.825278,-15.119124445463044,-54.812134368744246,31.39,38.71,1034.83,0.29,0.23,408.89,0.526,1
2026-04-03 12:21:42.825278,-9.523528314934016,-49.79520545569947,30.41,62.74,1029.69,25.17,20.39,676.54,0.663,1
2026-04-03 13:21:42.825278,1.693213247664037,-50.18092547631056,25.05,65.55,1010.63,17.78,3.83,530.94,0.747,0
2026-04-03 14:21:42.825278,-23.825734487554826,-46.40075910505736,35.51,65.09,1028.02,6.71,6.85,617.17,0.45,1
2026-04-03 15:21:42.825278,0.013889424149787999,-54.60029516410612,20.36,47.91,1022.37,0.63,0.93,495.81,0.727,0
2026-04-03 16:21:42.825278,-7.104904271555473,-42.520027431069174,25.93,17.49,1018.99,6.94,1.62,627.46,0.837,1
2026-04-03 17:21:42.825278,-5.5923058373487144,-36.898567115999825,21.18,52.85,1019.73,10.93,11.0,606.23,0.674,0
2026-04-03 18:21:42.825278,-14.444549803805144,-37.513043238659776,26.17,15.65,1002.66,7.84,19.51,444.92,0.493,1
2026-04-03 19:21:42.825278,-5.587918019071491,-50.26597088755538,27.95,85.96,1031.42,11.8,23.11,940.65,0.414,1
2026-04-03 20:21:42.825278,-6.367312336112882,-59.74404993560012,22.77,47.97,1018.27,4.93,5.15,512.82,0.646,0
2026-04-03 21:21:42.825278,-4.779918117901122,-51.72313153254559,18.9,83.61,1016.49,1.78,9.92,510.88,0.478,0
2026-04-03 22:21:42.825278,-10.902102733497792,-54.3434420183067,28.29,41.33,1030.82,5.4,14.75,759.24,0.55,0
2026-04-03 23:21:42.825278,-3.381402226056956,-46.878791136405184,31.76,55.92,1005.95,1.65,35.99,764.17,0.297,1
2026-04-04 00:21:42.825278,-20.047921431927193,-43.66884461610185,31.83,47.03,1017.72,1.26,1.87,813.32,0.581,1
2026-04-04 01:21:42.825278,-20.40378961139797,-54.448107501401765,20.8,22.1,1025.53,2.73,6.12,912.02,0.41,1
2026-04-04 02:21:42.825278,-26.403559518779378,-44.48466890135065,15.89,32.71,1006.62,20.57,23.59,811.69,0.148,1
2026-04-04 03:21:42.825278,-20.61042517779537,-36.648905183812666,35.62,82.65,1026.97,10.0,14.92,469.37,0.748,1
2026-04-04 04:21:42.825278,-9.01474689912332,-49.24515113496836,28.17,38.78,997.22,11.68,46.53,420.03,0.303,1
2026-04-04 05:21:42.825278,-8.523778168272088,-54.092807299011966,25.86,58.91,1007.46,10.02,1.64,575.35,0.614,0
2026-04-04 06:21:42.825278,2.0361017423755854,-45.31060055891819,25.09,22.79,1023.89,11.97,1.14,481.51,0.61,1
2026-04-04 07:21:42.825278,-21.702150827405497,-56.55516563403819,24.81,88.33,1011.97,5.88,2.59,604.84,0.598,0
2026-04-04 08:21:42.825278,-8.414534287470847,-36.12466292543536,22.95,51.52,1020.81,33.17,2.13,443.7,0.725,0
2026-04-04 09:21:42.825278,1.604287716972209,-56.80642181227459,26.84,51.78,996.13,27.31,7.57,1111.73,0.627,0
2026-04-04 10:21:42.825278,-26.633010716919618,-48.05840894362733,16.73,63.54,1040.0,15.51,15.3,878.75,0.622,1
2026-04-04 11:21:42.825278,-29.617506036128802,-40.26123496050583,13.46,75.25,1005.05,5.56,0.09,523.69,0.485,0
2026-04-04 12:21:42.825278,-25.843441873098733,-52.2414321485694,28.08,48.83,1013.2,2.73,4.49,382.31,0.422,0
2026-04-04 13:21:42.825278,-16.04377417621295,-52.436904475257805,28.86,71.38,995.04,15.98,7.97,560.99,0.393,0
2026-04-04 14:21:42.825278,-22.661242770172244,-46.487409875053956,15.99,50.81,1010.39,66.33,0.99,667.0,0.427,1
2026-04-04 15:21:42.825278,0.2841780196131971,-58.14575128039595,35.64,30.1,998.34,89.72,33.9,737.59,0.318,2
2026-04-04 16:21:42.825278,-11.256820303117092,-56.14066271898153,21.68,57.34,1003.6,12.87,3.27,494.9,0.301,0
2026-04-04 17:21:42.825278,-18.564495829437284,-58.24208518205615,26.99,57.01,1014.32,25.46,3.44,317.47,0.505,0
2026-04-04 18:21:42.825278,-5.624555511242054,-38.88633951813232,22.15,43.84,999.92,18.38,0.79,757.86,0.603,0
2026-04-04 19:21:42.825278,-26.013299954829208,-43.77240912838501,42.21,30.8,1008.69,7.85,5.42,521.51,0.609,1
2026-04-04 20:21:42.825278,-1.1998235485039181,-51.936126726346366,18.65,73.54,1022.97,14.46,2.21,822.17,0.416,0
2026-04-04 21:21:42.825278,-24.924574141130016,-51.55860717022691,19.56,78.42,1018.16,7.28,2.13,581.47,0.536,0
2026-04-04 22:21:42.825278,-5.676343268704684,-40.39916909542176,28.31,54.79,990.72,24.94,4.47,882.56,0.589,0
2026-04-04 23:21:42.825278,-21.303738835400463,-44.837478424746706,40.15,47.71,1009.97,79.57,7.82,492.72,0.475,1
2026-04-05 00:21:42.825278,-0.7571445896279201,-37.991431464267094,19.8,60.11,1014.85,12.71,9.49,469.26,0.387,0
2026-04-05 01:21:42.825278,-29.252362415209493,-44.74642387311178,18.22,75.66,1010.28,18.48,4.07,728.41,0.499,0
2026-04-05 02:21:42.825278,-29.430722405889487,-51.8271883186902,28.99,69.48,994.85,32.26,1.83,678.38,0.402,0
2026-04-05 03:21:42.825278,-24.464768880066732,-36.16718760052993,24.37,93.26,1026.77,55.55,2.1,56.8,0.781,1
2026-04-05 04:21:42.825278,-27.83419260638303,-48.63912833563039,21.96,41.02,1003.84,7.84,2.95,447.12,0.615,0
2026-04-05 05:21:42.825278,4.69193036117165,-51.10150724956743,28.3,71.12,1011.2,16.89,1.92,469.16,0.679,0
2026-04-05 06:21:42.825278,-18.1224789714854,-54.310995922616215,25.83,73.49,1014.11,2.82,0.84,653.6,0.927,0
2026-04-05 07:21:42.825278,-19.696687439272083,-52.43694768715334,16.98,24.59,1003.37,44.44,0.34,773.8,0.432,1
2026-04-05 08:21:42.825278,-0.8114656367265134,-57.21112302589497,26.0,25.55,1002.44,6.19,6.94,566.89,0.459,1
2026-04-05 09:21:42.825278,-17.82344608082554,-48.29998247296693,34.52,85.58,1020.82,7.12,7.06,922.24,0.395,1
2026-04-05 10:21:42.825278,-24.23637778190427,-53.5768783737176,33.68,56.4,1017.78,1.96,4.93,663.66,0.912,1
2026-04-05 11:21:42.825278,-1.5812386952347595,-38.963799360423494,19.22,83.09,1028.66,53.58,3.87,967.68,0.537,1
2026-04-05 12:21:42.825278,-16.804305016518285,-56.0280246451149,20.17,67.44,1024.77,1.62,0.25,628.21,0.226,0
2026-04-05 13:21:42.825278,-15.372180257592966,-49.85723528354171,34.13,56.43,1015.02,9.99,28.58,966.81,0.563,1
2026-04-05 14:21:42.825278,-5.556252525027567,-40.97895368988824,20.24,56.61,1037.48,16.88,0.59,559.22,0.456,0
2026-04-05 15:21:42.825278,-3.13279312453421,-49.758073104420625,23.24,57.27,996.06,15.15,4.82,609.8,0.637,0
2026-04-05 16:21:42.825278,-6.8533743755115175,-57.19263196475256,36.76,46.95,1017.5,3.0,0.87,396.97,0.955,1
2026-04-05 17:21:42.825278,-26.03215268179308,-37.05559369067713,29.61,51.74,1008.43,4.08,1.49,209.45,0.53,0
2026-04-05 18:21:42.825278,3.2719774444446585,-50.72479032338023,24.86,44.58,1011.91,6.2,5.81,359.77,0.774,0
2026-04-05 19:21:42.825278,-5.14447765564692,-54.860232088590976,32.11,62.23,999.89,3.99,0.71,285.88,0.613,1
2026-04-05 20:21:42.825278,-3.5347845821523656,-52.145209236289546,28.08,46.01,1033.57,12.4,5.28,753.76,0.273,0
2026-04-05 21:21:42.825278,3.117007419185704,-52.060083259140704,23.2,65.23,1024.93,27.15,13.23,686.27,0.807,0
2026-04-05 22:21:42.825278,-23.80077915053133,-56.29418119409645,16.57,81.12,1011.08,16.59,0.26,1178.05,0.659,0
2026-04-05 23:21:42.825278,-10.869843122299091,-35.455138214884414,21.39,53.93,1026.07,17.25,1.0,911.84,0.409,0
2026-04-06 00:21:42.825278,-8.206494555497123,-47.888216890566056,30.85,49.88,1021.63,17.02,3.73,547.74,0.329,0
2026-04-06 01:21:42.825278,-7.350006223446179,-48.34379680391746,42.71,32.63,1024.31,32.82,9.68,824.24,0.45,1
2026-04-06 02:21:42.825278,-12.943011420138738,-55.63402838156346,29.34,50.56,1015.33,19.19,1.22,709.33,0.497,0
2026-04-06 03:21:42.825278,-0.07811883604309244,-35.9565932423334,23.8,75.75,1002.68,15.35,0.26,897.38,0.589,0
2026-04-06 04:21:42.825278,-20.335702582959073,-37.56595940073848,27.53,59.02,1015.52,9.72,12.75,596.73,0.209,0
2026-04-06 05:21:42.825278,-1.7580396977637136,-49.412809707190604,44.46,88.1,1023.34,41.28,2.03,420.59,0.948,1
2026-04-06 06:21:42.825278,-16.602992055958985,-57.33216111970106,28.59,57.85,1004.12,31.74,0.67,900.98,0.74,0
2026-04-06 07:21:42.825278,-0.6397519139062702,-50.680431001453506,29.93,50.71,1030.84,33.0,6.05,629.51,0.564,0
2026-04-06 08:21:42.825278,-9.3490909936898,-46.24289556326653,37.36,77.54,1019.07,2.34,7.79,558.75,0.625,1
2026-04-06 09:21:42.825278,-12.367859815632524,-52.2775599426149,30.64,68.3,1011.0,4.05,6.93,510.34,0.757,0
2026-04-06 10:21:42.825278,4.501812469695707,-47.479573922654,24.72,60.39,984.38,9.67,8.25,802.28,0.362,0
2026-04-06 11:21:42.825278,-12.514467140733771,-40.23806377145358,30.65,35.41,1009.5,6.76,1.91,595.27,0.364,1
2026-04-06 12:21:42.825278,-11.067231488067371,-58.181211868084205,29.29,31.52,1016.76,27.02,11.28,581.25,0.441,1
2026-04-06 13:21:42.825278,-4.488766834758774,-51.11796243520588,31.68,44.02,1016.23,22.01,28.64,616.23,0.347,1
2026-04-06 14:21:42.825278,-19.82269352734312,-39.826996161482654,17.8,5.0,1001.5,7.84,11.32,897.66,0.475,1
2026-04-06 15:21:42.825278,-17.69398359347433,-52.71379791420117,25.21,79.62,1018.05,3.84,6.62,668.13,0.089,0
2026-04-06 16:21:42.825278,-8.273475537581213,-37.66000453294972,19.93,92.33,990.45,107.32,4.17,745.46,0.661,1
2026-04-06 17:21:42.825278,-21.451078860832258,-47.647848919220976,20.56,5.0,999.19,28.62,1.95,662.13,0.569,1
2026-04-06 18:21:42.825278,-18.340717251483667,-55.48493734299654,22.42,35.5,1004.88,44.24,0.83,663.41,0.435,1
2026-04-06 19:21:42.825278,-21.016451071601892,-39.05815453477979,26.06,33.32,1018.76,36.97,12.9,762.65,0.641,1
2026-04-06 20:21:42.825278,-8.312261146858972,-47.46406599471919,20.29,48.27,1023.61,16.22,20.17,675.67,0.825,1
2026-04-06 21:21:42.825278,-7.296708463807558,-43.239153898431454,21.95,35.79,1019.57,2.79,30.77,642.25,0.429,1
2026-04-06 22:21:42.825278,-15.122188900034834,-50.999526044623096,32.25,76.28,1009.47,14.95,17.83,797.06,0.406,1
2026-04-06 23:21:42.825278,-29.18848958724407,-39.36954108992646,30.65,69.74,1020.09,5.91,8.17,558.21,0.17,0
2026-04-07 00:21:42.825278,-16.614772025682132,-37.15899783024861,30.58,30.49,1028.81,14.97,20.61,435.02,0.512,1
2026-04-07 01:21:42.825278,-3.177821265913046,-50.78032900262892,26.38,60.25,996.77,19.01,0.37,811.6,0.429,0
2026-04-07 02:21:42.825278,-11.791440168643202,-59.115519620667,33.24,32.62,1018.06,20.32,5.1,566.47,0.511,1
2026-04-07 03:21:42.825278,-21.772430630257016,-43.464925186832474,32.53,23.09,1021.85,7.58,4.06,834.71,0.346,1
2026-04-07 04:21:42.825278,-7.2024558232078135,-48.98055868634018,18.04,34.87,1006.48,5.62,3.1,606.75,0.852,1
2026-04-07 05:21:42.825278,-16.150424930808892,-36.381077353697705,29.58,65.79,1023.19,16.42,1.11,775.29,0.859,0
2026-04-07 06:21:42.825278,-12.257376381140535,-42.66782818606778,34.83,6.6,1030.63,37.66,14.7,519.34,0.502,1
2026-04-07 07:21:42.825278,1.0790880037181587,-55.07579742276559,30.65,91.75,1007.39,18.4,4.3,744.82,0.934,0
2026-04-07 08:21:42.825278,-20.34922926775637,-43.841763862571504,31.87,40.32,1012.09,9.23,2.89,636.37,0.991,1
2026-04-07 09:21:42.825278,3.785929317471272,-39.17338775279756,29.43,56.49,1033.75,8.96,0.26,828.34,0.47,0
2026-04-07 10:21:42.825278,-16.55913963082985,-48.46037502344634,22.38,41.08,1013.9,10.7,7.45,540.12,0.83,0
2026-04-07 11:21:42.825278,-3.714583069098456,-40.71365367155302,29.32,15.64,1011.86,48.77,0.45,602.8,0.323,1
2026-04-07 12:21:42.825278,-8.51148216011961,-59.79499062983196,30.76,94.33,979.92,13.19,1.41,553.8,0.485,0
2026-04-07 13:21:42.825278,-5.167332280513637,-45.29280290411259,24.37,100.0,1003.12,14.75,2.93,939.89,0.713,0
2026-04-07 14:21:42.825278,-13.760097147156571,-41.08798550058594,24.34,62.31,1008.03,2.67,0.74,769.36,0.744,0
2026-04-07 15:21:42.825278,-5.494325631535528,-37.106180682960854,34.29,75.89,988.44,17.39,31.09,688.35,0.532,1
2026-04-07 16:21:42.825278,-24.79429834211665,-40.89996359930395,34.78,69.47,1013.81,16.63,18.92,524.45,0.399,1
2026-04-07 17:21:42.825278,-22.66647094321196,-59.798172629553925,27.66,72.58,1018.62,111.33,4.25,737.66,0.569,1
2026-04-07 18:21:42.825278,-26.3747506985222,-56.96067449598143,34.15,84.76,1020.85,2.48,20.8,544.26,0.338,1
2026-04-07 19:21:42.825278,-11.557057123738847,-42.82883656570685,24.74,100.0,1010.56,8.17,0.23,633.41,0.395,0
2026-04-07 20:21:42.825278,-7.774332547484388,-55.23514323568405,34.33,100.0,1006.8,25.61,3.12,586.52,0.713,1
2026-04-07 21:21:42.825278,-4.23759577919563,-53.08995859159427,22.74,67.66,1021.1,7.64,4.46,492.51,0.688,0
2026-04-07 22:21:42.825278,-13.593372263367158,-43.66104144354751,41.66,76.6,995.28,9.5,6.07,688.53,0.679,1
2026-04-07 23:21:42.825278,-15.069316918492284,-35.640004196021366,35.04,56.54,1009.22,7.52,2.08,575.01,0.573,1
2026-04-08 00:21:42.825278,-23.789712550430444,-52.66631905853489,32.56,67.41,1005.53,15.0,0.24,741.13,0.745,1
2026-04-08 01:21:42.825278,-14.016700018983116,-56.251466943104134,24.38,32.73,1008.67,8.99,5.35,745.51,0.513,1
2026-04-08 02:21:42.825278,-10.311439585526632,-38.927683151327585,32.41,83.8,1010.42,17.11,3.52,649.85,0.521,1
2026-04-08 03:21:42.825278,-4.255633720084333,-35.9580551325324,21.97,74.79,985.84,34.3,3.25,571.21,0.406,0
2026-04-08 04:21:42.825278,1.469299043293578,-56.01517228845405,25.5,19.8,1020.59,3.17,1.36,627.88,0.553,1
2026-04-08 05:21:42.825278,-23.493225762611612,-47.800240735610956,31.92,71.51,1017.98,35.91,6.74,655.47,0.772,1
2026-04-08 06:21:42.825278,-8.752903416312293,-41.03200494320887,23.51,57.38,1026.87,3.84,1.28,380.43,0.377,0
2026-04-08 07:21:42.825278,-25.651656117719018,-42.52176460091412,33.24,72.11,1010.1,5.77,1.97,728.49,0.738,1
2026-04-08 08:21:42.825278,-1.082520081728525,-54.791440891423804,37.49,34.82,1016.27,32.88,5.14,799.52,0.99,1
2026-04-08 09:21:42.825278,0.725415241867946,-49.758645686192075,30.06,76.84,981.77,0.35,5.49,721.41,0.511,0
2026-04-08 10:21:42.825278,-26.929264543643903,-48.51698844950496,32.41,93.1,1001.83,1.7,12.34,398.53,0.784,1
2026-04-08 11:21:42.825278,-17.48418279804853,-48.39173896509343,20.62,87.5,1015.01,4.27,4.07,428.51,0.633,0
2026-04-08 12:21:42.825278,-27.90702303258654,-37.572551719839865,21.36,62.08,1036.52,18.45,1.25,587.43,0.305,0
2026-04-08 13:21:42.825278,-13.733967549518724,-39.96423984386708,38.32,42.05,1006.89,37.21,1.91,837.13,0.343,1
2026-04-08 14:21:42.825278,-6.075738902983744,-39.98999946790428,24.95,38.27,1013.39,6.23,9.34,459.27,0.66,1
2026-04-08 15:21:42.825278,1.1797985575714023,-35.149774298450424,27.52,48.79,1010.77,6.57,9.01,575.81,0.4,0
2026-04-08 16:21:42.825278,-28.034184240929946,-48.12582404024414,17.39,38.9,1031.65,2.15,12.53,694.41,0.54,1
2026-04-08 17:21:42.825278,-9.439939958994131,-36.07503317150506,25.42,36.57,1015.04,13.12,4.03,396.32,0.531,1
2026-04-08 18:21:42.825278,-12.471053519105485,-56.24900589272808,31.47,90.06,993.5,0.84,8.0,825.59,0.702,1
2026-04-08 19:21:42.825278,-28.779275855003892,-59.02243911644392,26.58,74.35,1000.09,36.55,0.85,536.06,0.739,1
2026-04-08 20:21:42.825278,-12.737599614980383,-40.30389341007459,11.28,56.02,1012.39,2.4,11.57,608.1,0.718,0
2026-04-08 21:21:42.825278,-7.38217652613622,-44.5831099267495,21.0,41.74,1001.04,35.79,0.1,723.93,0.313,1
2026-04-08 22:21:42.825278,-1.4033810958890562,-51.041362283178536,32.43,99.6,1014.05,30.27,39.09,540.05,0.56,1
2026-04-08 23:21:42.825278,-15.490765639821324,-59.75530278234487,27.1,41.36,1015.39,8.56,2.42,628.6,0.098,0
2026-04-09 00:21:42.825278,-17.427666362866994,-46.18170323526152,32.02,34.14,1007.14,12.76,8.37,743.44,0.153,1
2026-04-09 01:21:42.825278,-7.52301021979881,-59.293844844748094,33.72,71.16,985.3,0.37,5.67,869.93,0.695,1
2026-04-09 02:21:42.825278,-26.031907150669937,-35.23587812770763,18.24,85.25,1017.39,38.42,5.88,371.5,0.307,1
2026-04-09 03:21:42.825278,-16.41466991688596,-52.8456223557027,36.27,41.14,1028.52,3.81,3.69,730.14,0.682,1
2026-04-09 04:21:42.825278,-18.287570443775266,-37.32977587908244,29.53,47.0,1032.1,20.99,11.31,855.96,0.654,0
2026-04-09 05:21:42.825278,-9.698296923226934,-36.40849935491316,20.53,85.27,1021.69,5.99,6.77,633.98,0.438,0
2026-04-09 06:21:42.825278,-26.599408978998348,-41.38379397611062,26.34,69.18,1006.81,8.8,2.77,671.89,0.681,0
2026-04-09 07:21:42.825278,-25.44202187745123,-38.48223691757529,20.62,84.91,1023.69,49.3,22.83,601.72,1.0,1
2026-04-09 08:21:42.825278,-18.261643712058145,-42.11070974493829,32.48,61.32,1002.68,6.84,13.12,457.42,0.53,1
2026-04-09 09:21:42.825278,-15.034674205943343,-58.171509474656034,22.47,67.76,980.94,1.21,5.7,902.43,1.0,0
2026-04-09 10:21:42.825278,-20.0072141754263,-35.07211320719746,25.84,25.56,1013.4,14.82,6.79,613.02,0.723,1
2026-04-09 11:21:42.825278,-29.885517613406243,-51.6599705208952,24.48,73.56,1015.18,4.81,6.23,841.12,0.572,0
2026-04-09 12:21:42.825278,-28.23190886540552,-49.388110973232315,23.24,66.35,991.01,8.7,4.64,792.11,0.914,0
2026-04-09 13:21:42.825278,-3.107117599323292,-51.770557769971965,22.85,97.09,993.6,5.86,2.4,818.26,0.878,0
2026-04-09 14:21:42.825278,-24.149859375241164,-37.88747591837103,21.52,88.29,1003.49,11.37,1.48,710.5,0.528,0
2026-04-09 15:21:42.825278,-24.724258078172586,-44.162051076154384,26.11,42.33,1017.25,0.45,12.59,891.57,0.545,0
2026-04-09 16:21:42.825278,-0.6504475038850757,-41.876513984738615,32.98,40.93,1002.68,14.26,9.09,525.79,0.643,1
2026-04-09 17:21:42.825278,-8.844567928033708,-49.27929975732785,30.2,69.58,1020.68,15.6,3.08,585.88,0.285,0
2026-04-09 18:21:42.825278,-19.961209841392595,-51.518535306638476,20.31,61.21,1007.36,11.81,10.96,710.13,0.101,0
2026-04-09 19:21:42.825278,-13.378804296203715,-38.783232528146485,26.55,90.59,1017.44,12.94,2.7,703.46,0.766,0
2026-04-09 20:21:42.825278,-9.721592067300755,-43.521694903969845,30.64,73.52,1009.98,70.69,6.47,386.68,0.309,1
2026-04-09 21:21:42.825278,-19.348822836609635,-43.914473367560305,35.96,87.32,1008.3,25.72,2.99,640.81,0.93,1
2026-04-09 22:21:42.825278,-18.684776471510105,-49.675835180884,26.32,75.78,1000.87,4.35,6.29,410.58,0.611,0
2026-04-09 23:21:42.825278,-22.104691346403087,-45.04862431150886,25.96,85.96,1009.8,26.35,10.01,441.66,0.726,0
2026-04-10 00:21:42.825278,-2.494491757669355,-36.07828100380278,19.45,32.6,1035.57,11.46,8.69,850.13,0.57,1
2026-04-10 01:21:42.825278,-27.723653909758234,-47.67773577079504,31.16,42.08,1014.57,2.74,16.62,457.97,0.331,1
2026-04-10 02:21:42.825278,-16.447545139918514,-35.83803317738693,33.62,51.5,1005.02,5.43,1.83,726.24,0.426,1
2026-04-10 03:21:42.825278,-0.014013115745967752,-38.496342204975164,26.74,95.45,995.48,18.49,11.07,932.06,1.0,0
2026-04-10 04:21:42.825278,-7.90436779351262,-42.42379010825306,20.13,36.28,1016.32,8.04,6.22,344.35,0.78,1
2026-04-10 05:21:42.825278,-27.440441608908873,-45.69473515988314,26.07,22.03,1026.82,9.84,12.88,769.15,0.472,1
2026-04-10 06:21:42.825278,1.372015644714267,-43.7345173899451,31.33,86.82,1018.23,5.98,1.34,655.06,0.712,1
2026-04-10 07:21:42.825278,-23.51857966645997,-37.27964891934215,18.99,82.12,1008.63,5.16,3.01,771.39,0.547,0
2026-04-10 08:21:42.825278,-16.388395913797563,-44.00640301291635,24.53,58.16,1002.98,38.73,11.19,651.1,0.851,1
2026-04-10 09:21:42.825278,-26.079014564033375,-42.43612532593373,20.18,68.6,1017.18,6.02,2.45,742.1,0.555,0
2026-04-10 10:21:42.825278,2.218304216212985,-51.00903795610046,32.39,49.41,1001.78,3.99,5.66,422.85,0.57,1
2026-04-10 11:21:42.825278,-25.679599660741587,-53.70560169432075,35.3,99.96,1030.12,15.48,0.64,709.16,0.591,1
2026-04-10 12:21:42.825278,-12.131836829453501,-42.02926783070343,29.42,73.77,1026.28,5.43,6.99,818.64,0.452,0
2026-04-10 13:21:42.825278,1.40096748589011,-44.4904512558592,32.92,97.74,997.88,9.25,14.56,818.36,0.542,1
2026-04-10 14:21:42.825278,-12.156717170326072,-43.49079025906532,24.16,68.4,1015.89,50.1,16.08,854.86,0.64,1
2026-04-10 15:21:42.825278,-24.10022042852944,-56.76601929320876,42.85,47.92,1013.03,37.25,13.16,662.09,0.428,1
2026-04-10 16:21:42.825278,4.804899111296223,-51.44209497571621,22.71,52.5,1025.7,1.92,5.04,894.22,0.534,0
2026-04-10 17:21:42.825278,-6.397274634733556,-39.59324006421276,40.55,79.25,1030.49,34.58,18.47,442.48,0.472,1
2026-04-10 18:21:42.825278,-1.3748858597182299,-54.65617231751292,28.96,75.13,1005.92,86.28,2.07,896.95,0.536,1
2026-04-10 19:21:42.825278,-6.380165484822779,-42.81398181342898,32.17,67.22,1021.83,14.86,9.91,518.66,0.667,1
2026-04-10 20:21:42.825278,-26.161653635813643,-58.12877873786092,27.78,13.04,1017.54,7.23,11.45,671.0,0.249,1
2026-04-10 21:21:42.825278,-8.464309980493432,-35.82059554275741,29.01,60.41,999.18,0.95,3.1,843.09,0.626,0
2026-04-10 22:21:42.825278,-4.4385052395875135,-48.428580544613155,26.39,71.16,1010.0,41.2,12.77,943.61,0.522,1
2026-04-10 23:21:42.825278,-6.614734875932722,-41.538414797959,29.18,60.56,1032.42,0.2,2.42,807.14,0.462,0
2026-04-11 00:21:42.825278,-0.5689964013522903,-57.38299739905542,19.72,51.7,1016.96,7.85,9.16,757.5,0.462,0
2026-04-11 01:21:42.825278,-16.801234408166213,-54.051582956965056,20.93,67.33,1021.26,5.91,2.22,329.63,0.593,0
2026-04-11 02:21:42.825278,-5.483960324958051,-49.70626177471834,30.46,56.57,1004.31,8.67,2.21,380.96,0.41,0
2026-04-11 03:21:42.825278,0.24826594759133158,-40.82292781926773,22.0,50.83,1035.22,12.76,2.49,610.66,0.44,0
2026-04-11 04:21:42.825278,-12.654568540267185,-58.56717383701669,26.65,52.16,996.42,2.26,2.05,358.74,0.511,0
2026-04-11 05:21:42.825278,-18.586510479360594,-58.19446068111232,27.35,42.93,1030.29,7.12,1.08,519.72,0.402,0
2026-04-11 06:21:42.825278,4.482147520565604,-39.11626551228767,28.15,57.96,1006.49,22.01,1.13,598.97,0.961,0
2026-04-11 07:21:42.825278,-10.592683534575396,-35.55927254243143,22.75,73.37,1020.36,7.91,0.07,686.97,0.542,0
2026-04-11 08:21:42.825278,-25.040216166297874,-52.587191209082064,27.42,34.31,1004.87,42.6,6.3,849.23,0.844,1
2026-04-11 09:21:42.825278,-26.449477603537538,-40.65618821973313,26.94,43.75,1000.56,16.47,18.58,982.39,0.744,1
2026-04-11 10:21:42.825278,-2.819189363815404,-53.51688102518783,26.17,84.34,1006.16,5.09,2.08,460.56,0.382,0
2026-04-11 11:21:42.825278,-6.6304385021074985,-45.50020607412207,24.56,33.4,1027.16,26.43,1.11,352.25,0.655,1
2026-04-11 12:21:42.825278,-11.533653475583602,-51.90907061899402,29.54,63.82,1003.18,5.79,20.14,748.91,0.684,1
2026-04-11 13:21:42.825278,-16.26419088982066,-36.205633485233406,27.43,64.33,1018.9,0.16,4.09,578.38,0.303,0
2026-04-11 14:21:42.825278,-0.757152524218494,-45.55305366874864,29.79,66.36,1011.49,1.2,3.1,783.04,0.771,0
2026-04-11 15:21:42.825278,-4.258308774017696,-42.76532376093577,24.82,71.34,997.01,1.15,0.68,654.89,0.51,0
2026-04-11 16:21:42.825278,-7.971711563408334,-58.73844241916928,32.62,50.83,1009.94,9.94,14.78,606.61,0.303,1
2026-04-11 17:21:42.825278,-25.7262828519222,-42.99505247858673,18.56,73.37,996.03,4.55,3.93,728.23,0.68,0
2026-04-11 18:21:42.825278,-24.58931850196968,-44.807295815647464,23.53,64.69,991.75,11.33,12.01,606.6,0.252,0
2026-04-11 19:21:42.825278,-7.664940106973912,-48.517688661645174,24.36,93.31,1020.77,31.43,4.18,445.98,0.765,0
2026-04-11 20:21:42.825278,-14.75833676733629,-37.609321719915016,34.84,51.06,996.82,54.43,4.58,826.03,0.914,1
2026-04-11 21:21:42.825278,-3.1351003192833637,-48.11103154687159,23.67,73.37,1003.6,6.95,1.54,517.09,0.597,0
2026-04-11 22:21:42.825278,3.997343628011926,-44.19006838969658,22.96,58.58,987.33,7.36,8.08,676.1,0.647,0
2026-04-11 23:21:42.825278,-9.628917807747783,-37.126384278812225,24.33,68.09,1012.78,0.49,10.41,889.1,0.619,0
2026-04-12 00:21:42.825278,-10.363644617192453,-58.40466023986333,25.79,63.25,1006.96,18.06,29.96,528.17,0.763,1
2026-04-12 01:21:42.825278,-13.646916653721505,-51.95973499360446,25.51,27.47,1016.99,9.23,3.23,584.78,0.859,1
2026-04-12 02:21:42.825278,-12.348275787616767,-56.87315765176411,31.48,89.68,1021.33,5.56,8.81,846.9,0.622,1
2026-04-12 03:21:42.825278,-19.134801138604296,-55.31874095735752,33.09,43.94,1021.27,0.44,4.05,419.3,0.537,1
2026-04-12 04:21:42.825278,-28.458308234310756,-55.27186292254828,24.59,64.87,998.28,3.92,3.99,682.02,0.285,0
2026-04-12 05:21:42.825278,-3.7754980013493835,-58.13044237183939,20.94,65.4,1015.69,26.14,2.96,570.4,0.64,0
2026-04-12 06:21:42.825278,-25.64567779507401,-58.87609166276282,27.02,67.51,1009.43,42.86,18.74,720.85,0.549,1
2026-04-12 07:21:42.825278,0.308120037961217,-36.230852595817,32.88,43.63,990.76,22.86,2.86,622.18,0.568,1
2026-04-12 08:21:42.825278,-11.677556549901023,-56.94216289790637,21.86,42.48,1007.17,29.75,12.64,730.12,0.232,0
2026-04-12 09:21:42.825278,-22.058628101532207,-48.37688382210381,27.96,60.32,1008.99,54.95,1.34,742.07,0.566,1
2026-04-12 10:21:42.825278,0.11827488220600557,-38.74049709046649,24.7,78.52,985.35,9.63,3.25,638.43,0.655,0
2026-04-12 11:21:42.825278,-10.309108981413697,-48.43537322401811,20.35,32.81,1031.81,1.11,3.52,752.02,0.817,1
2026-04-12 12:21:42.825278,-17.30248919545511,-55.2048802091353,33.08,65.76,1025.22,13.27,10.13,742.72,0.594,1
2026-04-12 13:21:42.825278,1.8448883689350986,-49.221509947098504,29.93,64.74,1021.46,36.73,0.32,820.01,0.636,1
2026-04-12 14:21:42.825278,-23.902928822488008,-43.45532666337692,24.7,76.87,1029.08,13.18,0.32,300.72,0.374,0
2026-04-12 15:21:42.825278,-4.022216567462014,-45.681390349596384,23.06,19.36,1009.95,34.14,9.84,707.44,0.902,1
2026-04-12 16:21:42.825278,-1.1249989844551962,-47.320985226854475,24.12,61.16,997.45,0.36,0.55,812.16,0.526,0
2026-04-12 17:21:42.825278,0.3826470017405619,-36.0080691482686,30.15,53.73,1019.04,2.96,8.16,481.38,0.544,0
2026-04-12 18:21:42.825278,-6.28605393921562,-45.928499812880666,29.82,80.15,992.65,11.18,24.7,1012.33,0.517,1
2026-04-12 19:21:42.825278,-7.046046812560501,-49.17473386024001,21.36,40.22,999.9,4.79,3.37,652.76,0.768,0
2026-04-12 20:21:42.825278,-21.591644517276357,-50.38683207433669,29.75,58.88,1024.03,5.33,0.63,568.19,0.568,0
2026-04-12 21:21:42.825278,-19.094921491424373,-48.91200298810429,25.64,48.69,1020.58,6.64,14.93,883.91,0.544,0
2026-04-12 22:21:42.825278,-16.893339878678926,-50.040750479322284,35.31,52.54,997.43,31.9,1.56,243.33,0.41,1
2026-04-12 23:21:42.825278,-2.4137338624979883,-50.68371126579793,21.68,32.14,1004.3,17.57,12.95,682.24,0.42,1
2026-04-13 00:21:42.825278,-28.749259044192133,-46.84169122551205,22.84,38.4,1021.41,22.32,22.1,639.13,0.638,1
2026-04-13 01:21:42.825278,-7.479406766128932,-35.45881908574313,26.47,50.37,1002.22,8.1,3.16,584.22,0.229,0
2026-04-13 02:21:42.825278,-7.51956568207201,-52.2185769278326,29.35,50.96,1039.26,10.94,17.68,353.32,0.707,1
2026-04-13 03:21:42.825278,-12.129863045539992,-52.685295943992955,28.65,66.71,985.7,13.59,9.3,770.96,0.317,0
2026-04-13 04:21:42.825278,-2.7494197066736703,-43.08520026332525,29.52,59.81,1001.28,31.02,1.91,611.08,0.38,0
2026-04-13 05:21:42.825278,-29.409291319972123,-56.00503490527436,31.39,43.22,1008.85,3.96,11.57,767.1,0.661,1
2026-04-13 06:21:42.825278,-0.5595667208342618,-49.48910263465611,28.47,82.05,1033.52,4.33,12.47,606.57,0.343,0
2026-04-13 07:21:42.825278,-25.824083026906134,-55.8773314038325,26.83,32.75,1000.75,4.44,13.89,777.89,0.61,1
2026-04-13 08:21:42.825278,-10.609655096204879,-42.73300344543758,34.69,68.04,1015.74,18.02,20.4,859.65,0.591,1
2026-04-13 09:21:42.825278,-29.728600263939278,-57.38971963115147,31.23,46.57,1003.43,16.5,6.88,482.8,0.416,1
2026-04-13 10:21:42.825278,-3.2413789549883454,-36.6135961098506,34.86,70.67,1020.12,39.31,1.96,811.39,0.6,1
2026-04-13 11:21:42.825278,-1.2203437966798667,-45.44891053798567,22.85,53.32,1013.83,2.05,12.29,771.84,0.414,0
2026-04-13 12:21:42.825278,-28.320711857592073,-52.873549904418425,36.0,72.52,1000.76,1.42,7.3,955.64,0.771,1
2026-04-13 13:21:42.825278,-19.899810147822276,-35.46429798799759,30.97,24.56,1005.69,7.71,5.86,665.31,0.582,1
2026-04-13 14:21:42.825278,-9.80116226876762,-55.929740300503454,28.04,36.17,1023.03,4.61,0.84,800.81,0.695,1
2026-04-13 15:21:42.825278,-10.912146156571623,-51.99750582920564,26.8,43.73,1007.32,11.54,12.54,650.31,0.652,0
2026-04-13 16:21:42.825278,-24.147477945505905,-42.92624000492839,27.64,60.72,1015.26,11.51,6.58,702.06,0.746,0
2026-04-13 17:21:42.825278,-29.421240763237684,-56.939117403787854,35.1,69.86,1004.2,10.44,6.31,527.01,0.784,1
2026-04-13 18:21:42.825278,-3.7888420438429407,-48.94251813426101,18.93,37.76,1005.62,1.43,2.95,725.13,0.834,1
2026-04-13 19:21:42.825278,-20.345245619777284,-48.858125533564554,37.08,16.85,1014.87,14.09,23.43,637.24,0.389,1
2026-04-13 20:21:42.825278,-5.257378956918679,-45.48090991707028,14.7,58.45,1000.36,17.02,1.47,381.72,0.631,0
2026-04-13 21:21:42.825278,-20.57952678360003,-47.47117592971791,36.76,55.24,995.36,18.31,1.91,684.95,0.668,1
2026-04-13 22:21:42.825278,0.7101182134750665,-51.76705174374204,25.52,82.33,1016.14,1.74,22.9,612.74,0.592,1
2026-04-13 23:21:42.825278,-11.114187119273993,-41.06279569794242,27.89,59.97,1009.14,24.07,12.22,600.71,0.319,0
2026-04-14 00:21:42.825278,-15.332481465823145,-57.408979787523606,36.09,55.0,1004.87,58.38,0.26,333.07,0.853,1
2026-04-14 01:21:42.825278,-3.369114808908755,-42.10154937789889,31.41,56.71,1013.02,13.75,12.22,755.75,0.724,1
2026-04-14 02:21:42.825278,-15.57277540799451,-36.4900891856457,27.8,75.55,1021.31,30.03,12.4,860.28,0.461,0
2026-04-14 03:21:42.825278,-20.699394798785143,-39.53753601957474,24.51,59.59,1028.55,15.65,14.03,596.69,0.525,0
2026-04-14 04:21:42.825278,-13.10912466022915,-37.157071403783206,24.65,84.32,1014.18,32.38,8.75,546.09,0.348,0
2026-04-14 05:21:42.825278,1.8770985448074207,-53.10104185616542,26.8,72.64,1005.38,71.55,8.63,381.3,0.756,1
2026-04-14 06:21:42.825278,-29.285529226020472,-55.20505335443226,21.28,65.42,1010.42,13.29,5.74,679.24,0.223,0
2026-04-14 07:21:42.825278,0.5736970372860348,-48.892461600623264,33.9,79.15,1028.92,2.24,7.8,816.98,0.574,1
2026-04-14 08:21:42.825278,0.8306822769716149,-56.22613031470884,26.6,50.48,1024.08,18.72,1.97,938.61,0.476,0
2026-04-14 09:21:42.825278,-26.64497675265653,-58.13466977452649,19.2,62.95,1002.0,9.13,2.78,465.0,0.421,0
2026-04-14 10:21:42.825278,-15.597313263732278,-54.923548270000815,23.72,67.51,1019.12,2.7,1.55,696.83,0.383,0
2026-04-14 11:21:42.825278,-19.12031051754939,-45.609227543172665,23.12,58.39,1008.12,5.09,7.46,652.25,0.619,0
2026-04-14 12:21:42.825278,-15.101016630854817,-50.7939113713721,27.45,70.28,1014.19,0.34,11.04,750.88,0.334,0
2026-04-14 13:21:42.825278,-24.4440254857914,-46.91354790337752,18.47,42.69,1023.19,50.27,1.73,684.04,0.436,1
2026-04-14 14:21:42.825278,-0.27384438419836243,-36.171678517312195,23.81,72.42,1014.54,14.6,4.67,431.38,0.306,0
2026-04-14 15:21:42.825278,-11.543407834416413,-40.50648070531203,31.17,47.99,994.89,54.2,11.47,390.8,0.625,1
2026-04-14 16:21:42.825278,-15.114309688284592,-40.648467023751934,24.67,73.95,1003.77,0.42,6.36,699.41,0.547,0
2026-04-14 17:21:42.825278,-2.1303046164542323,-43.40139400798608,38.58,41.63,1025.15,5.5,7.35,747.16,0.447,1
2026-04-14 18:21:42.825278,-11.697794085901652,-54.32525169130597,31.23,63.03,1010.69,11.32,6.74,590.49,0.725,1
2026-04-14 19:21:42.825278,-3.0966164862926924,-35.404743603457234,28.09,42.91,1011.42,56.03,0.03,399.27,0.431,1
2026-04-14 20:21:42.825278,-22.08022966208592,-47.70705889624492,31.04,40.72,994.58,11.13,6.26,455.52,0.637,1
2026-04-14 21:21:42.825278,0.9031484966864163,-53.050327094970456,23.49,71.1,1003.83,3.65,0.34,405.59,0.674,0
2026-04-14 22:21:42.825278,-23.98663568750041,-35.459931457137344,31.31,54.3,1017.3,12.55,0.65,569.75,0.654,1
2026-04-14 23:21:42.825278,-24.294405338256745,-41.86024394159561,29.86,91.64,1007.89,22.53,0.22,628.6,0.286,0
2026-04-15 00:21:42.825278,2.67579601692281,-51.44816358112996,32.58,91.24,1018.24,2.85,2.43,699.84,0.744,1
2026-04-15 01:21:42.825278,-6.09521888175507,-54.31398526713556,33.71,73.01,998.63,3.71,8.67,212.73,0.518,1
2026-04-15 02:21:42.825278,-19.4918677717719,-36.31057666692209,45.2,67.58,1013.77,57.0,0.9,727.33,0.462,1
2026-04-15 03:21:42.825278,-1.632936622538061,-38.609084395125535,33.58,47.52,993.23,23.3,0.83,569.95,0.608,1
2026-04-15 04:21:42.825278,2.005950629382035,-53.09151766759116,22.14,63.86,1004.31,12.02,0.0,373.11,0.517,0
2026-04-15 05:21:42.825278,-11.664199128451827,-54.79336301663648,37.22,75.95,1039.6,3.23,2.18,440.0,0.778,1
2026-04-15 06:21:42.825278,-18.004300554641816,-56.70236516861388,16.91,77.68,1025.9,15.82,2.58,802.24,0.215,0
2026-04-15 07:21:42.825278,1.6019492373871316,-40.84035624793607,28.35,70.69,1011.9,14.24,3.19,667.57,0.369,0
2026-04-15 08:21:42.825278,0.11458140534709216,-38.332031796088785,18.58,90.8,1026.78,9.55,5.17,777.07,0.703,0
2026-04-15 09:21:42.825278,-2.314636765020378,-59.44021576699128,30.2,52.51,1025.5,15.8,18.9,656.31,0.56,1
2026-04-15 10:21:42.825278,-22.664387157411237,-41.742929816151374,30.56,41.59,1028.04,14.44,0.49,745.78,0.379,0
2026-04-15 11:21:42.825278,-18.790024957331156,-35.20816126165663,37.02,92.46,1020.35,13.45,11.76,787.43,0.795,1
2026-04-15 12:21:42.825278,4.921007150532191,-48.505161647921554,33.6,72.93,1002.93,62.63,0.26,256.37,0.515,1
2026-04-15 13:21:42.825278,-29.94872524257834,-37.52182247483471,15.42,40.18,1001.51,30.9,2.61,836.78,0.652,0
2026-04-15 14:21:42.825278,-2.2633103301369673,-40.45123156435177,13.02,60.2,990.44,11.97,3.26,741.65,0.66,0
2026-04-15 15:21:42.825278,-6.429743447528519,-39.26920768125625,21.29,67.62,1020.38,20.94,0.47,651.81,0.547,0
